library_no,pose_id,bvh_filename,source_clip_id,provider,collection_id,native_subject_id,native_asset_id,native_clip_id,original_title,original_filename,selected_frame_index,selected_frame_index_hint,frame_index_base,source_fps,sample_ordinal,retarget_profile,operations,source_uri,source_sha256,catalog_snapshot_ref,catalog_match_status,file_lineage_status,reviewer,notes
BVH-000001,2hand Idle_01,2hand Idle_01.bvh,local_named:2hand Idle,unknown,local_named,,,,2hand Idle,,,,unknown,,1,,[],,,,missing,unverified,,
BVH-000002,2hand Idle_01_mirror,2hand Idle_01_mirror.bvh,local_named:2hand Idle,unknown,local_named,,,,2hand Idle,,,,unknown,,1,,"[{""status"":""paired_member_present"",""type"":""mirror""}]",,,,missing,derived_mirror,,
BVH-000003,Arm Stretching_00054,Arm Stretching_00054.bvh,local_action_raw:Arm Stretching,unknown,local_action_raw,,,,Arm Stretching,Arm Stretching.bvh,54,54,zero,30.0003,,,"[{""status"":""verified"",""type"":""extract_frame""}]",data/_action_raw/Arm Stretching.bvh,sha256:54d29e0cc7cb7acc8d85458630c5069f87928748d296b49d5788ceabe2ba9661,,missing,verified,,
BVH-000004,Arm Stretching_00054_mirror,Arm Stretching_00054_mirror.bvh,local_action_raw:Arm Stretching,unknown,local_action_raw,,,,Arm Stretching,Arm Stretching.bvh,,54,unknown,30.0003,,,"[{""status"":""inferred"",""type"":""extract_frame""},{""status"":""paired_member_present"",""type"":""mirror""}]",data/_action_raw/Arm Stretching.bvh,sha256:54d29e0cc7cb7acc8d85458630c5069f87928748d296b49d5788ceabe2ba9661,,missing,derived_mirror,,
BVH-000005,Arm Stretching_00129,Arm Stretching_00129.bvh,local_action_raw:Arm Stretching,unknown,local_action_raw,,,,Arm Stretching,Arm Stretching.bvh,129,129,zero,30.0003,,,"[{""status"":""verified"",""type"":""extract_frame""}]",data/_action_raw/Arm Stretching.bvh,sha256:54d29e0cc7cb7acc8d85458630c5069f87928748d296b49d5788ceabe2ba9661,,missing,verified,,
BVH-000006,Arm Stretching_00129_mirror,Arm Stretching_00129_mirror.bvh,local_action_raw:Arm Stretching,unknown,local_action_raw,,,,Arm Stretching,Arm Stretching.bvh,,129,unknown,30.0003,,,"[{""status"":""inferred"",""type"":""extract_frame""},{""status"":""paired_member_present"",""type"":""mirror""}]",data/_action_raw/Arm Stretching.bvh,sha256:54d29e0cc7cb7acc8d85458630c5069f87928748d296b49d5788ceabe2ba9661,,missing,derived_mirror,,
BVH-000007,Asking Question_01,Asking Question_01.bvh,local_named:Asking Question,unknown,local_named,,,,Asking Question,,,,unknown,,1,,[],,,,missing,unverified,,
BVH-000008,Asking Question_01_mirror,Asking Question_01_mirror.bvh,local_named:Asking Question,unknown,local_named,,,,Asking Question,,,,unknown,,1,,"[{""status"":""paired_member_present"",""type"":""mirror""}]",,,,missing,derived_mirror,,
BVH-000009,Asking Question_03,Asking Question_03.bvh,local_named:Asking Question,unknown,local_named,,,,Asking Question,,,,unknown,,3,,[],,,,missing,unverified,,
BVH-000010,Asking Question_03_mirror,Asking Question_03_mirror.bvh,local_named:Asking Question,unknown,local_named,,,,Asking Question,,,,unknown,,3,,"[{""status"":""paired_member_present"",""type"":""mirror""}]",,,,missing,derived_mirror,,
BVH-000011,Baseball Hit_00033,Baseball Hit_00033.bvh,local_action_raw:Baseball Hit,unknown,local_action_raw,,,,Baseball Hit,Baseball Hit.bvh,33,33,zero,30.0003,,,"[{""status"":""verified"",""type"":""extract_frame""}]",data/_action_raw/Baseball Hit.bvh,sha256:ca456aead8ccf4daf286142e144e0d1f5312baca64512379770dbd7ba3ef304a,,missing,verified,,
BVH-000012,Baseball Hit_00033_mirror,Baseball Hit_00033_mirror.bvh,local_action_raw:Baseball Hit,unknown,local_action_raw,,,,Baseball Hit,Baseball Hit.bvh,,33,unknown,30.0003,,,"[{""status"":""inferred"",""type"":""extract_frame""},{""status"":""paired_member_present"",""type"":""mirror""}]",data/_action_raw/Baseball Hit.bvh,sha256:ca456aead8ccf4daf286142e144e0d1f5312baca64512379770dbd7ba3ef304a,,missing,derived_mirror,,
BVH-000013,Baseball Hit_00054,Baseball Hit_00054.bvh,local_action_raw:Baseball Hit,unknown,local_action_raw,,,,Baseball Hit,Baseball Hit.bvh,54,54,zero,30.0003,,,"[{""status"":""verified"",""type"":""extract_frame""}]",data/_action_raw/Baseball Hit.bvh,sha256:ca456aead8ccf4daf286142e144e0d1f5312baca64512379770dbd7ba3ef304a,,missing,verified,,
BVH-000014,Baseball Hit_00054_mirror,Baseball Hit_00054_mirror.bvh,local_action_raw:Baseball Hit,unknown,local_action_raw,,,,Baseball Hit,Baseball Hit.bvh,,54,unknown,30.0003,,,"[{""status"":""inferred"",""type"":""extract_frame""},{""status"":""paired_member_present"",""type"":""mirror""}]",data/_action_raw/Baseball Hit.bvh,sha256:ca456aead8ccf4daf286142e144e0d1f5312baca64512379770dbd7ba3ef304a,,missing,derived_mirror,,
BVH-000015,Baseball Hit_00111,Baseball Hit_00111.bvh,local_action_raw:Baseball Hit,unknown,local_action_raw,,,,Baseball Hit,Baseball Hit.bvh,111,111,zero,30.0003,,,"[{""status"":""verified"",""type"":""extract_frame""}]",data/_action_raw/Baseball Hit.bvh,sha256:ca456aead8ccf4daf286142e144e0d1f5312baca64512379770dbd7ba3ef304a,,missing,verified,,
BVH-000016,Baseball Hit_00111_mirror,Baseball Hit_00111_mirror.bvh,local_action_raw:Baseball Hit,unknown,local_action_raw,,,,Baseball Hit,Baseball Hit.bvh,,111,unknown,30.0003,,,"[{""status"":""inferred"",""type"":""extract_frame""},{""status"":""paired_member_present"",""type"":""mirror""}]",data/_action_raw/Baseball Hit.bvh,sha256:ca456aead8ccf4daf286142e144e0d1f5312baca64512379770dbd7ba3ef304a,,missing,derived_mirror,,
BVH-000017,Big Side Hit_00009,Big Side Hit_00009.bvh,local_action_raw:Big Side Hit,unknown,local_action_raw,,,,Big Side Hit,Big Side Hit.bvh,9,9,zero,30.0003,,,"[{""status"":""verified"",""type"":""extract_frame""}]",data/_action_raw/Big Side Hit.bvh,sha256:0916d1a6b696c04ebeee490a89e7594c6026a0df137970e5258a6c6726302321,,missing,verified,,
BVH-000018,Big Side Hit_00009_mirror,Big Side Hit_00009_mirror.bvh,local_action_raw:Big Side Hit,unknown,local_action_raw,,,,Big Side Hit,Big Side Hit.bvh,,9,unknown,30.0003,,,"[{""status"":""inferred"",""type"":""extract_frame""},{""status"":""paired_member_present"",""type"":""mirror""}]",data/_action_raw/Big Side Hit.bvh,sha256:0916d1a6b696c04ebeee490a89e7594c6026a0df137970e5258a6c6726302321,,missing,derived_mirror,,
BVH-000019,Big Side Hit_00018,Big Side Hit_00018.bvh,local_action_raw:Big Side Hit,unknown,local_action_raw,,,,Big Side Hit,Big Side Hit.bvh,18,18,zero,30.0003,,,"[{""status"":""verified"",""type"":""extract_frame""}]",data/_action_raw/Big Side Hit.bvh,sha256:0916d1a6b696c04ebeee490a89e7594c6026a0df137970e5258a6c6726302321,,missing,verified,,
BVH-000020,Big Side Hit_00018_mirror,Big Side Hit_00018_mirror.bvh,local_action_raw:Big Side Hit,unknown,local_action_raw,,,,Big Side Hit,Big Side Hit.bvh,,18,unknown,30.0003,,,"[{""status"":""inferred"",""type"":""extract_frame""},{""status"":""paired_member_present"",""type"":""mirror""}]",data/_action_raw/Big Side Hit.bvh,sha256:0916d1a6b696c04ebeee490a89e7594c6026a0df137970e5258a6c6726302321,,missing,derived_mirror,,
BVH-000021,Boxing_01,Boxing_01.bvh,local_named:Boxing,unknown,local_named,,,,Boxing,,,,unknown,,1,,[],,,,missing,unverified,,
BVH-000022,Boxing_01_mirror,Boxing_01_mirror.bvh,local_named:Boxing,unknown,local_named,,,,Boxing,,,,unknown,,1,,"[{""status"":""paired_member_present"",""type"":""mirror""}]",,,,missing,derived_mirror,,
BVH-000023,Boxing_02,Boxing_02.bvh,local_named:Boxing,unknown,local_named,,,,Boxing,,,,unknown,,2,,[],,,,missing,unverified,,
BVH-000024,Boxing_02_mirror,Boxing_02_mirror.bvh,local_named:Boxing,unknown,local_named,,,,Boxing,,,,unknown,,2,,"[{""status"":""paired_member_present"",""type"":""mirror""}]",,,,missing,derived_mirror,,
BVH-000025,Boxing_03,Boxing_03.bvh,local_named:Boxing,unknown,local_named,,,,Boxing,,,,unknown,,3,,[],,,,missing,unverified,,
BVH-000026,Boxing_03_mirror,Boxing_03_mirror.bvh,local_named:Boxing,unknown,local_named,,,,Boxing,,,,unknown,,3,,"[{""status"":""paired_member_present"",""type"":""mirror""}]",,,,missing,derived_mirror,,
BVH-000027,Button Pushing_01,Button Pushing_01.bvh,local_action_raw:Button Pushing,unknown,local_action_raw,,,,Button Pushing,Button Pushing.bvh,,,unknown,30.0003,1,,[],data/_action_raw/Button Pushing.bvh,sha256:feafb9df5bdbd7241610f3b49aef9b4bda1593c25212b5a795d9e6531a6e13a1,,missing,unverified,,
BVH-000028,Button Pushing_01_mirror,Button Pushing_01_mirror.bvh,local_action_raw:Button Pushing,unknown,local_action_raw,,,,Button Pushing,Button Pushing.bvh,,,unknown,30.0003,1,,"[{""status"":""paired_member_present"",""type"":""mirror""}]",data/_action_raw/Button Pushing.bvh,sha256:feafb9df5bdbd7241610f3b49aef9b4bda1593c25212b5a795d9e6531a6e13a1,,missing,derived_mirror,,
BVH-000029,Center Block (1)_00009,Center Block (1)_00009.bvh,local_action_raw:Center Block (1),unknown,local_action_raw,,,,Center Block (1),Center Block (1).bvh,9,9,zero,30.0003,,,"[{""status"":""verified"",""type"":""extract_frame""}]",data/_action_raw/Center Block (1).bvh,sha256:dcaca7223d47fd69d67670a36f7b4c2d1db267ad9c44214047843270f6db4e07,,missing,verified,,
BVH-000030,Center Block (1)_00009_mirror,Center Block (1)_00009_mirror.bvh,local_action_raw:Center Block (1),unknown,local_action_raw,,,,Center Block (1),Center Block (1).bvh,,9,unknown,30.0003,,,"[{""status"":""inferred"",""type"":""extract_frame""},{""status"":""paired_member_present"",""type"":""mirror""}]",data/_action_raw/Center Block (1).bvh,sha256:dcaca7223d47fd69d67670a36f7b4c2d1db267ad9c44214047843270f6db4e07,,missing,derived_mirror,,
BVH-000031,Center Block (1)_00014,Center Block (1)_00014.bvh,local_action_raw:Center Block (1),unknown,local_action_raw,,,,Center Block (1),Center Block (1).bvh,14,14,zero,30.0003,,,"[{""status"":""verified"",""type"":""extract_frame""}]",data/_action_raw/Center Block (1).bvh,sha256:dcaca7223d47fd69d67670a36f7b4c2d1db267ad9c44214047843270f6db4e07,,missing,verified,,
BVH-000032,Center Block (1)_00014_mirror,Center Block (1)_00014_mirror.bvh,local_action_raw:Center Block (1),unknown,local_action_raw,,,,Center Block (1),Center Block (1).bvh,,14,unknown,30.0003,,,"[{""status"":""inferred"",""type"":""extract_frame""},{""status"":""paired_member_present"",""type"":""mirror""}]",data/_action_raw/Center Block (1).bvh,sha256:dcaca7223d47fd69d67670a36f7b4c2d1db267ad9c44214047843270f6db4e07,,missing,derived_mirror,,
BVH-000033,Dig And Plant Seeds_00025,Dig And Plant Seeds_00025.bvh,local_action_raw:Dig And Plant Seeds,unknown,local_action_raw,,,,Dig And Plant Seeds,Dig And Plant Seeds.bvh,25,25,zero,30.0003,,,"[{""status"":""verified"",""type"":""extract_frame""}]",data/_action_raw/Dig And Plant Seeds.bvh,sha256:dee5c9d700d4c3392f663a9b359ecdf23104e0ecba854c79f91c5a307d76fcf6,,missing,verified,,
BVH-000034,Dig And Plant Seeds_00025_mirror,Dig And Plant Seeds_00025_mirror.bvh,local_action_raw:Dig And Plant Seeds,unknown,local_action_raw,,,,Dig And Plant Seeds,Dig And Plant Seeds.bvh,,25,unknown,30.0003,,,"[{""status"":""inferred"",""type"":""extract_frame""},{""status"":""paired_member_present"",""type"":""mirror""}]",data/_action_raw/Dig And Plant Seeds.bvh,sha256:dee5c9d700d4c3392f663a9b359ecdf23104e0ecba854c79f91c5a307d76fcf6,,missing,derived_mirror,,
BVH-000035,Dig And Plant Seeds_00101_ground,Dig And Plant Seeds_00101_ground.bvh,local_action_raw:Dig And Plant Seeds,unknown,local_action_raw,,,,Dig And Plant Seeds,Dig And Plant Seeds.bvh,101,101,zero,30.0003,,,"[{""status"":""verified"",""type"":""extract_frame""},{""status"":""filename_inferred"",""type"":""ground""}]",data/_action_raw/Dig And Plant Seeds.bvh,sha256:dee5c9d700d4c3392f663a9b359ecdf23104e0ecba854c79f91c5a307d76fcf6,,missing,verified,,
BVH-000036,Dig And Plant Seeds_00101_ground_mirror,Dig And Plant Seeds_00101_ground_mirror.bvh,local_action_raw:Dig And Plant Seeds,unknown,local_action_raw,,,,Dig And Plant Seeds,Dig And Plant Seeds.bvh,,101,unknown,30.0003,,,"[{""status"":""inferred"",""type"":""extract_frame""},{""status"":""filename_inferred"",""type"":""ground""},{""status"":""paired_member_present"",""type"":""mirror""}]",data/_action_raw/Dig And Plant Seeds.bvh,sha256:dee5c9d700d4c3392f663a9b359ecdf23104e0ecba854c79f91c5a307d76fcf6,,missing,derived_mirror,,
BVH-000037,Dig And Plant Seeds_00165,Dig And Plant Seeds_00165.bvh,local_action_raw:Dig And Plant Seeds,unknown,local_action_raw,,,,Dig And Plant Seeds,Dig And Plant Seeds.bvh,165,165,zero,30.0003,,,"[{""status"":""verified"",""type"":""extract_frame""}]",data/_action_raw/Dig And Plant Seeds.bvh,sha256:dee5c9d700d4c3392f663a9b359ecdf23104e0ecba854c79f91c5a307d76fcf6,,missing,verified,,
BVH-000038,Dig And Plant Seeds_00165_mirror,Dig And Plant Seeds_00165_mirror.bvh,local_action_raw:Dig And Plant Seeds,unknown,local_action_raw,,,,Dig And Plant Seeds,Dig And Plant Seeds.bvh,,165,unknown,30.0003,,,"[{""status"":""inferred"",""type"":""extract_frame""},{""status"":""paired_member_present"",""type"":""mirror""}]",data/_action_raw/Dig And Plant Seeds.bvh,sha256:dee5c9d700d4c3392f663a9b359ecdf23104e0ecba854c79f91c5a307d76fcf6,,missing,derived_mirror,,
BVH-000039,Dismissing Gesture_01,Dismissing Gesture_01.bvh,local_named:Dismissing Gesture,unknown,local_named,,,,Dismissing Gesture,,,,unknown,,1,,[],,,,missing,unverified,,
BVH-000040,Dismissing Gesture_01_mirror,Dismissing Gesture_01_mirror.bvh,local_named:Dismissing Gesture,unknown,local_named,,,,Dismissing Gesture,,,,unknown,,1,,"[{""status"":""paired_member_present"",""type"":""mirror""}]",,,,missing,derived_mirror,,
BVH-000041,Draw A Great Sword 2_00000,Draw A Great Sword 2_00000.bvh,local_action_raw:Draw A Great Sword 2,unknown,local_action_raw,,,,Draw A Great Sword 2,Draw A Great Sword 2.bvh,0,0,zero,30.0003,,,"[{""status"":""verified"",""type"":""extract_frame""}]",data/_action_raw/Draw A Great Sword 2.bvh,sha256:926b023e1b1efc535a56fab9f4963bb4686432ddf815594681a6498e30c09a37,,missing,verified,,
BVH-000042,Draw A Great Sword 2_00000_mirror,Draw A Great Sword 2_00000_mirror.bvh,local_action_raw:Draw A Great Sword 2,unknown,local_action_raw,,,,Draw A Great Sword 2,Draw A Great Sword 2.bvh,,0,unknown,30.0003,,,"[{""status"":""inferred"",""type"":""extract_frame""},{""status"":""paired_member_present"",""type"":""mirror""}]",data/_action_raw/Draw A Great Sword 2.bvh,sha256:926b023e1b1efc535a56fab9f4963bb4686432ddf815594681a6498e30c09a37,,missing,derived_mirror,,
BVH-000043,Draw A Great Sword 2_00011,Draw A Great Sword 2_00011.bvh,local_action_raw:Draw A Great Sword 2,unknown,local_action_raw,,,,Draw A Great Sword 2,Draw A Great Sword 2.bvh,11,11,zero,30.0003,,,"[{""status"":""verified"",""type"":""extract_frame""}]",data/_action_raw/Draw A Great Sword 2.bvh,sha256:926b023e1b1efc535a56fab9f4963bb4686432ddf815594681a6498e30c09a37,,missing,verified,,
BVH-000044,Draw A Great Sword 2_00011_mirror,Draw A Great Sword 2_00011_mirror.bvh,local_action_raw:Draw A Great Sword 2,unknown,local_action_raw,,,,Draw A Great Sword 2,Draw A Great Sword 2.bvh,,11,unknown,30.0003,,,"[{""status"":""inferred"",""type"":""extract_frame""},{""status"":""paired_member_present"",""type"":""mirror""}]",data/_action_raw/Draw A Great Sword 2.bvh,sha256:926b023e1b1efc535a56fab9f4963bb4686432ddf815594681a6498e30c09a37,,missing,derived_mirror,,
BVH-000045,Entry_00135,Entry_00135.bvh,local_action_raw:Entry,unknown,local_action_raw,,,,Entry,Entry.bvh,135,135,zero,30.0003,,,"[{""status"":""verified"",""type"":""extract_frame""}]",data/_action_raw/Entry.bvh,sha256:ef8225d51a84bc3402225985a948a3e64deb38a4a670f6710f23a317d70f795b,,missing,verified,,
BVH-000046,Entry_00135_mirror,Entry_00135_mirror.bvh,local_action_raw:Entry,unknown,local_action_raw,,,,Entry,Entry.bvh,,135,unknown,30.0003,,,"[{""status"":""inferred"",""type"":""extract_frame""},{""status"":""paired_member_present"",""type"":""mirror""}]",data/_action_raw/Entry.bvh,sha256:ef8225d51a84bc3402225985a948a3e64deb38a4a670f6710f23a317d70f795b,,missing,derived_mirror,,
BVH-000047,Entry_00183,Entry_00183.bvh,local_action_raw:Entry,unknown,local_action_raw,,,,Entry,Entry.bvh,183,183,zero,30.0003,,,"[{""status"":""verified"",""type"":""extract_frame""}]",data/_action_raw/Entry.bvh,sha256:ef8225d51a84bc3402225985a948a3e64deb38a4a670f6710f23a317d70f795b,,missing,verified,,
BVH-000048,Entry_00183_mirror,Entry_00183_mirror.bvh,local_action_raw:Entry,unknown,local_action_raw,,,,Entry,Entry.bvh,,183,unknown,30.0003,,,"[{""status"":""inferred"",""type"":""extract_frame""},{""status"":""paired_member_present"",""type"":""mirror""}]",data/_action_raw/Entry.bvh,sha256:ef8225d51a84bc3402225985a948a3e64deb38a4a670f6710f23a317d70f795b,,missing,derived_mirror,,
BVH-000049,Female Laying Pose_01,Female Laying Pose_01.bvh,local_named:Female Laying Pose,unknown,local_named,,,,Female Laying Pose,,,,unknown,,1,,[],,,,missing,unverified,,
BVH-000050,Female Laying Pose_01_mirror,Female Laying Pose_01_mirror.bvh,local_named:Female Laying Pose,unknown,local_named,,,,Female Laying Pose,,,,unknown,,1,,"[{""status"":""paired_member_present"",""type"":""mirror""}]",,,,missing,derived_mirror,,
BVH-000051,Female Standing Pose_01,Female Standing Pose_01.bvh,local_named:Female Standing Pose,unknown,local_named,,,,Female Standing Pose,,,,unknown,,1,,[],,,,missing,unverified,,
BVH-000052,Female Standing Pose_01_legfix,Female Standing Pose_01_legfix.bvh,local_named:Female Standing Pose,unknown,local_named,,,,Female Standing Pose,,,,unknown,,1,,"[{""status"":""filename_inferred"",""type"":""legfix""}]",,,,missing,unverified,,
BVH-000053,Female Standing Pose_01_legfix_mirror,Female Standing Pose_01_legfix_mirror.bvh,local_named:Female Standing Pose,unknown,local_named,,,,Female Standing Pose,,,,unknown,,1,,"[{""status"":""filename_inferred"",""type"":""legfix""},{""status"":""paired_member_present"",""type"":""mirror""}]",,,,missing,derived_mirror,,
BVH-000054,Female Standing Pose_01_legstraight,Female Standing Pose_01_legstraight.bvh,local_named:Female Standing Pose,unknown,local_named,,,,Female Standing Pose,,,,unknown,,1,,"[{""status"":""filename_inferred"",""type"":""legstraight""}]",,,,missing,unverified,,
BVH-000055,Female Standing Pose_01_legstraight_mirror,Female Standing Pose_01_legstraight_mirror.bvh,local_named:Female Standing Pose,unknown,local_named,,,,Female Standing Pose,,,,unknown,,1,,"[{""status"":""filename_inferred"",""type"":""legstraight""},{""status"":""paired_member_present"",""type"":""mirror""}]",,,,missing,derived_mirror,,
BVH-000056,Female Standing Pose_01_mirror,Female Standing Pose_01_mirror.bvh,local_named:Female Standing Pose,unknown,local_named,,,,Female Standing Pose,,,,unknown,,1,,"[{""status"":""paired_member_present"",""type"":""mirror""}]",,,,missing,derived_mirror,,
BVH-000057,Finding_01,Finding_01.bvh,local_named:Finding,unknown,local_named,,,,Finding,,,,unknown,,1,,[],,,,missing,unverified,,
BVH-000058,Finding_01_mirror,Finding_01_mirror.bvh,local_named:Finding,unknown,local_named,,,,Finding,,,,unknown,,1,,"[{""status"":""paired_member_present"",""type"":""mirror""}]",,,,missing,derived_mirror,,
BVH-000059,Finding_02,Finding_02.bvh,local_named:Finding,unknown,local_named,,,,Finding,,,,unknown,,2,,[],,,,missing,unverified,,
BVH-000060,Finding_02_mirror,Finding_02_mirror.bvh,local_named:Finding,unknown,local_named,,,,Finding,,,,unknown,,2,,"[{""status"":""paired_member_present"",""type"":""mirror""}]",,,,missing,derived_mirror,,
BVH-000061,Fist Fight B_00075,Fist Fight B_00075.bvh,local_action_raw:Fist Fight B,unknown,local_action_raw,,,,Fist Fight B,Fist Fight B.bvh,75,75,zero,30.0003,,,"[{""status"":""verified"",""type"":""extract_frame""}]",data/_action_raw/Fist Fight B.bvh,sha256:7ed9900ac6e6cda4e9db57c40cc1aa09e4e621476f5bf63c7f340133b1f74a4b,,missing,verified,,
BVH-000062,Fist Fight B_00075_mirror,Fist Fight B_00075_mirror.bvh,local_action_raw:Fist Fight B,unknown,local_action_raw,,,,Fist Fight B,Fist Fight B.bvh,,75,unknown,30.0003,,,"[{""status"":""inferred"",""type"":""extract_frame""},{""status"":""paired_member_present"",""type"":""mirror""}]",data/_action_raw/Fist Fight B.bvh,sha256:7ed9900ac6e6cda4e9db57c40cc1aa09e4e621476f5bf63c7f340133b1f74a4b,,missing,derived_mirror,,
BVH-000063,Fist Fight B_00089,Fist Fight B_00089.bvh,local_action_raw:Fist Fight B,unknown,local_action_raw,,,,Fist Fight B,Fist Fight B.bvh,89,89,zero,30.0003,,,"[{""status"":""verified"",""type"":""extract_frame""}]",data/_action_raw/Fist Fight B.bvh,sha256:7ed9900ac6e6cda4e9db57c40cc1aa09e4e621476f5bf63c7f340133b1f74a4b,,missing,verified,,
BVH-000064,Fist Fight B_00089_mirror,Fist Fight B_00089_mirror.bvh,local_action_raw:Fist Fight B,unknown,local_action_raw,,,,Fist Fight B,Fist Fight B.bvh,,89,unknown,30.0003,,,"[{""status"":""inferred"",""type"":""extract_frame""},{""status"":""paired_member_present"",""type"":""mirror""}]",data/_action_raw/Fist Fight B.bvh,sha256:7ed9900ac6e6cda4e9db57c40cc1aa09e4e621476f5bf63c7f340133b1f74a4b,,missing,derived_mirror,,
BVH-000065,Fist Fight B_00118,Fist Fight B_00118.bvh,local_action_raw:Fist Fight B,unknown,local_action_raw,,,,Fist Fight B,Fist Fight B.bvh,118,118,zero,30.0003,,,"[{""status"":""verified"",""type"":""extract_frame""}]",data/_action_raw/Fist Fight B.bvh,sha256:7ed9900ac6e6cda4e9db57c40cc1aa09e4e621476f5bf63c7f340133b1f74a4b,,missing,verified,,
BVH-000066,Fist Fight B_00118_mirror,Fist Fight B_00118_mirror.bvh,local_action_raw:Fist Fight B,unknown,local_action_raw,,,,Fist Fight B,Fist Fight B.bvh,,118,unknown,30.0003,,,"[{""status"":""inferred"",""type"":""extract_frame""},{""status"":""paired_member_present"",""type"":""mirror""}]",data/_action_raw/Fist Fight B.bvh,sha256:7ed9900ac6e6cda4e9db57c40cc1aa09e4e621476f5bf63c7f340133b1f74a4b,,missing,derived_mirror,,
BVH-000067,Floating_00002,Floating_00002.bvh,local_action_raw:Floating,unknown,local_action_raw,,,,Floating,Floating.bvh,2,2,zero,30.0003,,,"[{""status"":""verified"",""type"":""extract_frame""}]",data/_action_raw/Floating.bvh,sha256:36f271d24d49fadfc5992853d40120ef4efa56c7ef8aaa642e30752c4b4c436b,,missing,verified,,
BVH-000068,Floating_00002_mirror,Floating_00002_mirror.bvh,local_action_raw:Floating,unknown,local_action_raw,,,,Floating,Floating.bvh,,2,unknown,30.0003,,,"[{""status"":""inferred"",""type"":""extract_frame""},{""status"":""paired_member_present"",""type"":""mirror""}]",data/_action_raw/Floating.bvh,sha256:36f271d24d49fadfc5992853d40120ef4efa56c7ef8aaa642e30752c4b4c436b,,missing,derived_mirror,,
BVH-000069,Floating_00016,Floating_00016.bvh,local_action_raw:Floating,unknown,local_action_raw,,,,Floating,Floating.bvh,16,16,zero,30.0003,,,"[{""status"":""verified"",""type"":""extract_frame""}]",data/_action_raw/Floating.bvh,sha256:36f271d24d49fadfc5992853d40120ef4efa56c7ef8aaa642e30752c4b4c436b,,missing,verified,,
BVH-000070,Floating_00016_mirror,Floating_00016_mirror.bvh,local_action_raw:Floating,unknown,local_action_raw,,,,Floating,Floating.bvh,,16,unknown,30.0003,,,"[{""status"":""inferred"",""type"":""extract_frame""},{""status"":""paired_member_present"",""type"":""mirror""}]",data/_action_raw/Floating.bvh,sha256:36f271d24d49fadfc5992853d40120ef4efa56c7ef8aaa642e30752c4b4c436b,,missing,derived_mirror,,
BVH-000071,Floating_00083,Floating_00083.bvh,local_action_raw:Floating,unknown,local_action_raw,,,,Floating,Floating.bvh,83,83,zero,30.0003,,,"[{""status"":""verified"",""type"":""extract_frame""}]",data/_action_raw/Floating.bvh,sha256:36f271d24d49fadfc5992853d40120ef4efa56c7ef8aaa642e30752c4b4c436b,,missing,verified,,
BVH-000072,Floating_00083_mirror,Floating_00083_mirror.bvh,local_action_raw:Floating,unknown,local_action_raw,,,,Floating,Floating.bvh,,83,unknown,30.0003,,,"[{""status"":""inferred"",""type"":""extract_frame""},{""status"":""paired_member_present"",""type"":""mirror""}]",data/_action_raw/Floating.bvh,sha256:36f271d24d49fadfc5992853d40120ef4efa56c7ef8aaa642e30752c4b4c436b,,missing,derived_mirror,,
BVH-000073,Great Sword Strafe_00019,Great Sword Strafe_00019.bvh,local_action_raw:Great Sword Strafe,unknown,local_action_raw,,,,Great Sword Strafe,Great Sword Strafe.bvh,19,19,zero,30.0003,,,"[{""status"":""verified"",""type"":""extract_frame""}]",data/_action_raw/Great Sword Strafe.bvh,sha256:722c79431e2e67a62d649a5d78104c8fa03d6ad75199f05be5e69301981de583,,missing,verified,,
BVH-000074,Great Sword Strafe_00019_mirror,Great Sword Strafe_00019_mirror.bvh,local_action_raw:Great Sword Strafe,unknown,local_action_raw,,,,Great Sword Strafe,Great Sword Strafe.bvh,,19,unknown,30.0003,,,"[{""status"":""inferred"",""type"":""extract_frame""},{""status"":""paired_member_present"",""type"":""mirror""}]",data/_action_raw/Great Sword Strafe.bvh,sha256:722c79431e2e67a62d649a5d78104c8fa03d6ad75199f05be5e69301981de583,,missing,derived_mirror,,
BVH-000075,Great Sword Strafe_00034,Great Sword Strafe_00034.bvh,local_action_raw:Great Sword Strafe,unknown,local_action_raw,,,,Great Sword Strafe,Great Sword Strafe.bvh,34,34,zero,30.0003,,,"[{""status"":""verified"",""type"":""extract_frame""}]",data/_action_raw/Great Sword Strafe.bvh,sha256:722c79431e2e67a62d649a5d78104c8fa03d6ad75199f05be5e69301981de583,,missing,verified,,
BVH-000076,Great Sword Strafe_00034_mirror,Great Sword Strafe_00034_mirror.bvh,local_action_raw:Great Sword Strafe,unknown,local_action_raw,,,,Great Sword Strafe,Great Sword Strafe.bvh,,34,unknown,30.0003,,,"[{""status"":""inferred"",""type"":""extract_frame""},{""status"":""paired_member_present"",""type"":""mirror""}]",data/_action_raw/Great Sword Strafe.bvh,sha256:722c79431e2e67a62d649a5d78104c8fa03d6ad75199f05be5e69301981de583,,missing,derived_mirror,,
BVH-000077,Hand Raising_01,Hand Raising_01.bvh,local_named:Hand Raising,unknown,local_named,,,,Hand Raising,,,,unknown,,1,,[],,,,missing,unverified,,
BVH-000078,Hand Raising_01_mirror,Hand Raising_01_mirror.bvh,local_named:Hand Raising,unknown,local_named,,,,Hand Raising,,,,unknown,,1,,"[{""status"":""paired_member_present"",""type"":""mirror""}]",,,,missing,derived_mirror,,
BVH-000079,Hand Raising_02,Hand Raising_02.bvh,local_named:Hand Raising,unknown,local_named,,,,Hand Raising,,,,unknown,,2,,[],,,,missing,unverified,,
BVH-000080,Hand Raising_02_mirror,Hand Raising_02_mirror.bvh,local_named:Hand Raising,unknown,local_named,,,,Hand Raising,,,,unknown,,2,,"[{""status"":""paired_member_present"",""type"":""mirror""}]",,,,missing,derived_mirror,,
BVH-000081,Hands Forward Gesture_01,Hands Forward Gesture_01.bvh,local_named:Hands Forward Gesture,unknown,local_named,,,,Hands Forward Gesture,,,,unknown,,1,,[],,,,missing,unverified,,
BVH-000082,Hands Forward Gesture_01_mirror,Hands Forward Gesture_01_mirror.bvh,local_named:Hands Forward Gesture,unknown,local_named,,,,Hands Forward Gesture,,,,unknown,,1,,"[{""status"":""paired_member_present"",""type"":""mirror""}]",,,,missing,derived_mirror,,
BVH-000083,Headbutt_00008,Headbutt_00008.bvh,local_action_raw:Headbutt,unknown,local_action_raw,,,,Headbutt,Headbutt.bvh,8,8,zero,30.0003,,,"[{""status"":""verified"",""type"":""extract_frame""}]",data/_action_raw/Headbutt.bvh,sha256:7d1c082b967703de317ea78581a577fb217fcfcf32914b6ada5ba72471004cd9,,missing,verified,,
BVH-000084,Headbutt_00008_mirror,Headbutt_00008_mirror.bvh,local_action_raw:Headbutt,unknown,local_action_raw,,,,Headbutt,Headbutt.bvh,,8,unknown,30.0003,,,"[{""status"":""inferred"",""type"":""extract_frame""},{""status"":""paired_member_present"",""type"":""mirror""}]",data/_action_raw/Headbutt.bvh,sha256:7d1c082b967703de317ea78581a577fb217fcfcf32914b6ada5ba72471004cd9,,missing,derived_mirror,,
BVH-000085,Hurricane Kick_00016,Hurricane Kick_00016.bvh,local_action_raw:Hurricane Kick,unknown,local_action_raw,,,,Hurricane Kick,Hurricane Kick.bvh,16,16,zero,30.0003,,,"[{""status"":""verified"",""type"":""extract_frame""}]",data/_action_raw/Hurricane Kick.bvh,sha256:32ae99087641582f0c774f331cb3707a27fa602984bcd922905d1799e3f273c3,,missing,verified,,
BVH-000086,Hurricane Kick_00016_mirror,Hurricane Kick_00016_mirror.bvh,local_action_raw:Hurricane Kick,unknown,local_action_raw,,,,Hurricane Kick,Hurricane Kick.bvh,,16,unknown,30.0003,,,"[{""status"":""inferred"",""type"":""extract_frame""},{""status"":""paired_member_present"",""type"":""mirror""}]",data/_action_raw/Hurricane Kick.bvh,sha256:32ae99087641582f0c774f331cb3707a27fa602984bcd922905d1799e3f273c3,,missing,derived_mirror,,
BVH-000087,Hurricane Kick_00023,Hurricane Kick_00023.bvh,local_action_raw:Hurricane Kick,unknown,local_action_raw,,,,Hurricane Kick,Hurricane Kick.bvh,23,23,zero,30.0003,,,"[{""status"":""verified"",""type"":""extract_frame""}]",data/_action_raw/Hurricane Kick.bvh,sha256:32ae99087641582f0c774f331cb3707a27fa602984bcd922905d1799e3f273c3,,missing,verified,,
BVH-000088,Hurricane Kick_00023_mirror,Hurricane Kick_00023_mirror.bvh,local_action_raw:Hurricane Kick,unknown,local_action_raw,,,,Hurricane Kick,Hurricane Kick.bvh,,23,unknown,30.0003,,,"[{""status"":""inferred"",""type"":""extract_frame""},{""status"":""paired_member_present"",""type"":""mirror""}]",data/_action_raw/Hurricane Kick.bvh,sha256:32ae99087641582f0c774f331cb3707a27fa602984bcd922905d1799e3f273c3,,missing,derived_mirror,,
BVH-000089,Hurricane Kick_00047,Hurricane Kick_00047.bvh,local_action_raw:Hurricane Kick,unknown,local_action_raw,,,,Hurricane Kick,Hurricane Kick.bvh,47,47,zero,30.0003,,,"[{""status"":""verified"",""type"":""extract_frame""}]",data/_action_raw/Hurricane Kick.bvh,sha256:32ae99087641582f0c774f331cb3707a27fa602984bcd922905d1799e3f273c3,,missing,verified,,
BVH-000090,Hurricane Kick_00047_mirror,Hurricane Kick_00047_mirror.bvh,local_action_raw:Hurricane Kick,unknown,local_action_raw,,,,Hurricane Kick,Hurricane Kick.bvh,,47,unknown,30.0003,,,"[{""status"":""inferred"",""type"":""extract_frame""},{""status"":""paired_member_present"",""type"":""mirror""}]",data/_action_raw/Hurricane Kick.bvh,sha256:32ae99087641582f0c774f331cb3707a27fa602984bcd922905d1799e3f273c3,,missing,derived_mirror,,
BVH-000091,Jumping Down (1)_00028,Jumping Down (1)_00028.bvh,local_action_raw:Jumping Down (1),unknown,local_action_raw,,,,Jumping Down (1),Jumping Down (1).bvh,28,28,zero,30.0003,,,"[{""status"":""verified"",""type"":""extract_frame""}]",data/_action_raw/Jumping Down (1).bvh,sha256:6547c590fff3f5d2e3fcc8d3a0f4c9b13f562705c665fcf54bb75b84e175863d,,missing,verified,,
BVH-000092,Jumping Down (1)_00028_mirror,Jumping Down (1)_00028_mirror.bvh,local_action_raw:Jumping Down (1),unknown,local_action_raw,,,,Jumping Down (1),Jumping Down (1).bvh,,28,unknown,30.0003,,,"[{""status"":""inferred"",""type"":""extract_frame""},{""status"":""paired_member_present"",""type"":""mirror""}]",data/_action_raw/Jumping Down (1).bvh,sha256:6547c590fff3f5d2e3fcc8d3a0f4c9b13f562705c665fcf54bb75b84e175863d,,missing,derived_mirror,,
BVH-000093,Jumping Down (1)_00040,Jumping Down (1)_00040.bvh,local_action_raw:Jumping Down (1),unknown,local_action_raw,,,,Jumping Down (1),Jumping Down (1).bvh,40,40,zero,30.0003,,,"[{""status"":""verified"",""type"":""extract_frame""}]",data/_action_raw/Jumping Down (1).bvh,sha256:6547c590fff3f5d2e3fcc8d3a0f4c9b13f562705c665fcf54bb75b84e175863d,,missing,verified,,
BVH-000094,Jumping Down (1)_00040_mirror,Jumping Down (1)_00040_mirror.bvh,local_action_raw:Jumping Down (1),unknown,local_action_raw,,,,Jumping Down (1),Jumping Down (1).bvh,,40,unknown,30.0003,,,"[{""status"":""inferred"",""type"":""extract_frame""},{""status"":""paired_member_present"",""type"":""mirror""}]",data/_action_raw/Jumping Down (1).bvh,sha256:6547c590fff3f5d2e3fcc8d3a0f4c9b13f562705c665fcf54bb75b84e175863d,,missing,derived_mirror,,
BVH-000095,Jumping Down_00011,Jumping Down_00011.bvh,local_action_raw:Jumping Down,unknown,local_action_raw,,,,Jumping Down,Jumping Down.bvh,11,11,zero,30.0003,,,"[{""status"":""verified"",""type"":""extract_frame""}]",data/_action_raw/Jumping Down.bvh,sha256:68702c5330a06acfcdaebd22814d8537f6cf4716c211f83a29bf916f73287490,,missing,verified,,
BVH-000096,Jumping Down_00011_mirror,Jumping Down_00011_mirror.bvh,local_action_raw:Jumping Down,unknown,local_action_raw,,,,Jumping Down,Jumping Down.bvh,,11,unknown,30.0003,,,"[{""status"":""inferred"",""type"":""extract_frame""},{""status"":""paired_member_present"",""type"":""mirror""}]",data/_action_raw/Jumping Down.bvh,sha256:68702c5330a06acfcdaebd22814d8537f6cf4716c211f83a29bf916f73287490,,missing,derived_mirror,,
BVH-000097,Jumping Down_00056,Jumping Down_00056.bvh,local_action_raw:Jumping Down,unknown,local_action_raw,,,,Jumping Down,Jumping Down.bvh,56,56,zero,30.0003,,,"[{""status"":""verified"",""type"":""extract_frame""}]",data/_action_raw/Jumping Down.bvh,sha256:68702c5330a06acfcdaebd22814d8537f6cf4716c211f83a29bf916f73287490,,missing,verified,,
BVH-000098,Jumping Down_00056_mirror,Jumping Down_00056_mirror.bvh,local_action_raw:Jumping Down,unknown,local_action_raw,,,,Jumping Down,Jumping Down.bvh,,56,unknown,30.0003,,,"[{""status"":""inferred"",""type"":""extract_frame""},{""status"":""paired_member_present"",""type"":""mirror""}]",data/_action_raw/Jumping Down.bvh,sha256:68702c5330a06acfcdaebd22814d8537f6cf4716c211f83a29bf916f73287490,,missing,derived_mirror,,
BVH-000099,Kick To The Groin_00026,Kick To The Groin_00026.bvh,local_action_raw:Kick To The Groin,unknown,local_action_raw,,,,Kick To The Groin,Kick To The Groin.bvh,26,26,zero,30.0003,,,"[{""status"":""verified"",""type"":""extract_frame""}]",data/_action_raw/Kick To The Groin.bvh,sha256:439cfabdf96bd71b0eb26cdd565f0837f0f2e1c3fffd85584ea01121a6fd4e3c,,missing,verified,,
BVH-000100,Kick To The Groin_00026_mirror,Kick To The Groin_00026_mirror.bvh,local_action_raw:Kick To The Groin,unknown,local_action_raw,,,,Kick To The Groin,Kick To The Groin.bvh,,26,unknown,30.0003,,,"[{""status"":""inferred"",""type"":""extract_frame""},{""status"":""paired_member_present"",""type"":""mirror""}]",data/_action_raw/Kick To The Groin.bvh,sha256:439cfabdf96bd71b0eb26cdd565f0837f0f2e1c3fffd85584ea01121a6fd4e3c,,missing,derived_mirror,,
BVH-000101,Kiss_01,Kiss_01.bvh,local_named:Kiss,unknown,local_named,,,,Kiss,,,,unknown,,1,,[],,,,missing,unverified,,
BVH-000102,Kiss_01_mirror,Kiss_01_mirror.bvh,local_named:Kiss,unknown,local_named,,,,Kiss,,,,unknown,,1,,"[{""status"":""paired_member_present"",""type"":""mirror""}]",,,,missing,derived_mirror,,
BVH-000103,Kiss_02,Kiss_02.bvh,local_named:Kiss,unknown,local_named,,,,Kiss,,,,unknown,,2,,[],,,,missing,unverified,,
BVH-000104,Kiss_02_mirror,Kiss_02_mirror.bvh,local_named:Kiss,unknown,local_named,,,,Kiss,,,,unknown,,2,,"[{""status"":""paired_member_present"",""type"":""mirror""}]",,,,missing,derived_mirror,,
BVH-000105,Kneel_02,Kneel_02.bvh,local_named:Kneel,unknown,local_named,,,,Kneel,,,,unknown,,2,,[],,,,missing,unverified,,
BVH-000106,Kneel_02_mirror,Kneel_02_mirror.bvh,local_named:Kneel,unknown,local_named,,,,Kneel,,,,unknown,,2,,"[{""status"":""paired_member_present"",""type"":""mirror""}]",,,,missing,derived_mirror,,
BVH-000107,Looking_01,Looking_01.bvh,local_named:Looking,unknown,local_named,,,,Looking,,,,unknown,,1,,[],,,,missing,unverified,,
BVH-000108,Looking_01_mirror,Looking_01_mirror.bvh,local_named:Looking,unknown,local_named,,,,Looking,,,,unknown,,1,,"[{""status"":""paired_member_present"",""type"":""mirror""}]",,,,missing,derived_mirror,,
BVH-000109,Male Sitting Pose (1)_01,Male Sitting Pose (1)_01.bvh,local_named:Male Sitting Pose (1),unknown,local_named,,,,Male Sitting Pose (1),,,,unknown,,1,,[],,,,missing,unverified,,
BVH-000110,Male Sitting Pose (1)_01_mirror,Male Sitting Pose (1)_01_mirror.bvh,local_named:Male Sitting Pose (1),unknown,local_named,,,,Male Sitting Pose (1),,,,unknown,,1,,"[{""status"":""paired_member_present"",""type"":""mirror""}]",,,,missing,derived_mirror,,
BVH-000111,Male Sitting Pose_01,Male Sitting Pose_01.bvh,local_named:Male Sitting Pose,unknown,local_named,,,,Male Sitting Pose,,,,unknown,,1,,[],,,,missing,unverified,,
BVH-000112,Male Sitting Pose_01_mirror,Male Sitting Pose_01_mirror.bvh,local_named:Male Sitting Pose,unknown,local_named,,,,Male Sitting Pose,,,,unknown,,1,,"[{""status"":""paired_member_present"",""type"":""mirror""}]",,,,missing,derived_mirror,,
BVH-000113,Male Standing Pose (1)_01,Male Standing Pose (1)_01.bvh,local_named:Male Standing Pose (1),unknown,local_named,,,,Male Standing Pose (1),,,,unknown,,1,,[],,,,missing,unverified,,
BVH-000114,Male Standing Pose (1)_01_mirror,Male Standing Pose (1)_01_mirror.bvh,local_named:Male Standing Pose (1),unknown,local_named,,,,Male Standing Pose (1),,,,unknown,,1,,"[{""status"":""paired_member_present"",""type"":""mirror""}]",,,,missing,derived_mirror,,
BVH-000115,Male Standing Pose (2)_01,Male Standing Pose (2)_01.bvh,local_named:Male Standing Pose (2),unknown,local_named,,,,Male Standing Pose (2),,,,unknown,,1,,[],,,,missing,unverified,,
BVH-000116,Male Standing Pose (2)_01_mirror,Male Standing Pose (2)_01_mirror.bvh,local_named:Male Standing Pose (2),unknown,local_named,,,,Male Standing Pose (2),,,,unknown,,1,,"[{""status"":""paired_member_present"",""type"":""mirror""}]",,,,missing,derived_mirror,,
BVH-000117,Male Standing Pose_01,Male Standing Pose_01.bvh,local_named:Male Standing Pose,unknown,local_named,,,,Male Standing Pose,,,,unknown,,1,,[],,,,missing,unverified,,
BVH-000118,Male Standing Pose_01_mirror,Male Standing Pose_01_mirror.bvh,local_named:Male Standing Pose,unknown,local_named,,,,Male Standing Pose,,,,unknown,,1,,"[{""status"":""paired_member_present"",""type"":""mirror""}]",,,,missing,derived_mirror,,
BVH-000119,Mutant Flexing Muscles_00053,Mutant Flexing Muscles_00053.bvh,local_action_raw:Mutant Flexing Muscles,unknown,local_action_raw,,,,Mutant Flexing Muscles,Mutant Flexing Muscles.bvh,53,53,zero,30.0003,,,"[{""status"":""verified"",""type"":""extract_frame""}]",data/_action_raw/Mutant Flexing Muscles.bvh,sha256:36839fe3c5daa17e159d119caa25b5937c72884c78d559e76cc9b4451c1f55e6,,missing,verified,,
BVH-000120,Mutant Flexing Muscles_00053_mirror,Mutant Flexing Muscles_00053_mirror.bvh,local_action_raw:Mutant Flexing Muscles,unknown,local_action_raw,,,,Mutant Flexing Muscles,Mutant Flexing Muscles.bvh,,53,unknown,30.0003,,,"[{""status"":""inferred"",""type"":""extract_frame""},{""status"":""paired_member_present"",""type"":""mirror""}]",data/_action_raw/Mutant Flexing Muscles.bvh,sha256:36839fe3c5daa17e159d119caa25b5937c72884c78d559e76cc9b4451c1f55e6,,missing,derived_mirror,,
BVH-000121,Mutant Flexing Muscles_00086,Mutant Flexing Muscles_00086.bvh,local_action_raw:Mutant Flexing Muscles,unknown,local_action_raw,,,,Mutant Flexing Muscles,Mutant Flexing Muscles.bvh,86,86,zero,30.0003,,,"[{""status"":""verified"",""type"":""extract_frame""}]",data/_action_raw/Mutant Flexing Muscles.bvh,sha256:36839fe3c5daa17e159d119caa25b5937c72884c78d559e76cc9b4451c1f55e6,,missing,verified,,
BVH-000122,Mutant Flexing Muscles_00086_mirror,Mutant Flexing Muscles_00086_mirror.bvh,local_action_raw:Mutant Flexing Muscles,unknown,local_action_raw,,,,Mutant Flexing Muscles,Mutant Flexing Muscles.bvh,,86,unknown,30.0003,,,"[{""status"":""inferred"",""type"":""extract_frame""},{""status"":""paired_member_present"",""type"":""mirror""}]",data/_action_raw/Mutant Flexing Muscles.bvh,sha256:36839fe3c5daa17e159d119caa25b5937c72884c78d559e76cc9b4451c1f55e6,,missing,derived_mirror,,
BVH-000123,Mutant Flexing Muscles_00096,Mutant Flexing Muscles_00096.bvh,local_action_raw:Mutant Flexing Muscles,unknown,local_action_raw,,,,Mutant Flexing Muscles,Mutant Flexing Muscles.bvh,96,96,zero,30.0003,,,"[{""status"":""verified"",""type"":""extract_frame""}]",data/_action_raw/Mutant Flexing Muscles.bvh,sha256:36839fe3c5daa17e159d119caa25b5937c72884c78d559e76cc9b4451c1f55e6,,missing,verified,,
BVH-000124,Mutant Flexing Muscles_00096_mirror,Mutant Flexing Muscles_00096_mirror.bvh,local_action_raw:Mutant Flexing Muscles,unknown,local_action_raw,,,,Mutant Flexing Muscles,Mutant Flexing Muscles.bvh,,96,unknown,30.0003,,,"[{""status"":""inferred"",""type"":""extract_frame""},{""status"":""paired_member_present"",""type"":""mirror""}]",data/_action_raw/Mutant Flexing Muscles.bvh,sha256:36839fe3c5daa17e159d119caa25b5937c72884c78d559e76cc9b4451c1f55e6,,missing,derived_mirror,,
BVH-000125,Punching Bag_00062,Punching Bag_00062.bvh,local_action_raw:Punching Bag,unknown,local_action_raw,,,,Punching Bag,Punching Bag.bvh,62,62,zero,30.0003,,,"[{""status"":""verified"",""type"":""extract_frame""}]",data/_action_raw/Punching Bag.bvh,sha256:991e44bc54824a13b6d5d4515cfc31b391959292a86bc8f078e4e75c8062306d,,missing,verified,,
BVH-000126,Punching Bag_00062_mirror,Punching Bag_00062_mirror.bvh,local_action_raw:Punching Bag,unknown,local_action_raw,,,,Punching Bag,Punching Bag.bvh,,62,unknown,30.0003,,,"[{""status"":""inferred"",""type"":""extract_frame""},{""status"":""paired_member_present"",""type"":""mirror""}]",data/_action_raw/Punching Bag.bvh,sha256:991e44bc54824a13b6d5d4515cfc31b391959292a86bc8f078e4e75c8062306d,,missing,derived_mirror,,
BVH-000127,Punching_01,Punching_01.bvh,local_named:Punching,unknown,local_named,,,,Punching,,,,unknown,,1,,[],,,,missing,unverified,,
BVH-000128,Punching_01_mirror,Punching_01_mirror.bvh,local_named:Punching,unknown,local_named,,,,Punching,,,,unknown,,1,,"[{""status"":""paired_member_present"",""type"":""mirror""}]",,,,missing,derived_mirror,,
BVH-000129,Punching_02,Punching_02.bvh,local_named:Punching,unknown,local_named,,,,Punching,,,,unknown,,2,,[],,,,missing,unverified,,
BVH-000130,Punching_02_mirror,Punching_02_mirror.bvh,local_named:Punching,unknown,local_named,,,,Punching,,,,unknown,,2,,"[{""status"":""paired_member_present"",""type"":""mirror""}]",,,,missing,derived_mirror,,
BVH-000131,Reacting_02,Reacting_02.bvh,local_named:Reacting,unknown,local_named,,,,Reacting,,,,unknown,,2,,[],,,,missing,unverified,,
BVH-000132,Reacting_02_mirror,Reacting_02_mirror.bvh,local_named:Reacting,unknown,local_named,,,,Reacting,,,,unknown,,2,,"[{""status"":""paired_member_present"",""type"":""mirror""}]",,,,missing,derived_mirror,,
BVH-000133,Receiving An Uppercut_00010,Receiving An Uppercut_00010.bvh,local_action_raw:Receiving An Uppercut,unknown,local_action_raw,,,,Receiving An Uppercut,Receiving An Uppercut.bvh,10,10,zero,30.0003,,,"[{""status"":""verified"",""type"":""extract_frame""}]",data/_action_raw/Receiving An Uppercut.bvh,sha256:735e1c6468ef6d2aa7725f5efa1f77c852d7857f05650294e34399acc83dbd4a,,missing,verified,,
BVH-000134,Receiving An Uppercut_00010_mirror,Receiving An Uppercut_00010_mirror.bvh,local_action_raw:Receiving An Uppercut,unknown,local_action_raw,,,,Receiving An Uppercut,Receiving An Uppercut.bvh,,10,unknown,30.0003,,,"[{""status"":""inferred"",""type"":""extract_frame""},{""status"":""paired_member_present"",""type"":""mirror""}]",data/_action_raw/Receiving An Uppercut.bvh,sha256:735e1c6468ef6d2aa7725f5efa1f77c852d7857f05650294e34399acc83dbd4a,,missing,derived_mirror,,
BVH-000135,Receiving An Uppercut_00021,Receiving An Uppercut_00021.bvh,local_action_raw:Receiving An Uppercut,unknown,local_action_raw,,,,Receiving An Uppercut,Receiving An Uppercut.bvh,21,21,zero,30.0003,,,"[{""status"":""verified"",""type"":""extract_frame""}]",data/_action_raw/Receiving An Uppercut.bvh,sha256:735e1c6468ef6d2aa7725f5efa1f77c852d7857f05650294e34399acc83dbd4a,,missing,verified,,
BVH-000136,Receiving An Uppercut_00021_mirror,Receiving An Uppercut_00021_mirror.bvh,local_action_raw:Receiving An Uppercut,unknown,local_action_raw,,,,Receiving An Uppercut,Receiving An Uppercut.bvh,,21,unknown,30.0003,,,"[{""status"":""inferred"",""type"":""extract_frame""},{""status"":""paired_member_present"",""type"":""mirror""}]",data/_action_raw/Receiving An Uppercut.bvh,sha256:735e1c6468ef6d2aa7725f5efa1f77c852d7857f05650294e34399acc83dbd4a,,missing,derived_mirror,,
BVH-000137,Receiving An Uppercut_00028,Receiving An Uppercut_00028.bvh,local_action_raw:Receiving An Uppercut,unknown,local_action_raw,,,,Receiving An Uppercut,Receiving An Uppercut.bvh,28,28,zero,30.0003,,,"[{""status"":""verified"",""type"":""extract_frame""}]",data/_action_raw/Receiving An Uppercut.bvh,sha256:735e1c6468ef6d2aa7725f5efa1f77c852d7857f05650294e34399acc83dbd4a,,missing,verified,,
BVH-000138,Receiving An Uppercut_00028_mirror,Receiving An Uppercut_00028_mirror.bvh,local_action_raw:Receiving An Uppercut,unknown,local_action_raw,,,,Receiving An Uppercut,Receiving An Uppercut.bvh,,28,unknown,30.0003,,,"[{""status"":""inferred"",""type"":""extract_frame""},{""status"":""paired_member_present"",""type"":""mirror""}]",data/_action_raw/Receiving An Uppercut.bvh,sha256:735e1c6468ef6d2aa7725f5efa1f77c852d7857f05650294e34399acc83dbd4a,,missing,derived_mirror,,
BVH-000139,Scared_01,Scared_01.bvh,local_named:Scared,unknown,local_named,,,,Scared,,,,unknown,,1,,[],,,,missing,unverified,,
BVH-000140,Scared_01_mirror,Scared_01_mirror.bvh,local_named:Scared,unknown,local_named,,,,Scared,,,,unknown,,1,,"[{""status"":""paired_member_present"",""type"":""mirror""}]",,,,missing,derived_mirror,,
BVH-000141,Scared_02,Scared_02.bvh,local_named:Scared,unknown,local_named,,,,Scared,,,,unknown,,2,,[],,,,missing,unverified,,
BVH-000142,Scared_02_mirror,Scared_02_mirror.bvh,local_named:Scared,unknown,local_named,,,,Scared,,,,unknown,,2,,"[{""status"":""paired_member_present"",""type"":""mirror""}]",,,,missing,derived_mirror,,
BVH-000143,Scared_03,Scared_03.bvh,local_named:Scared,unknown,local_named,,,,Scared,,,,unknown,,3,,[],,,,missing,unverified,,
BVH-000144,Scared_03_mirror,Scared_03_mirror.bvh,local_named:Scared,unknown,local_named,,,,Scared,,,,unknown,,3,,"[{""status"":""paired_member_present"",""type"":""mirror""}]",,,,missing,derived_mirror,,
BVH-000145,Seated Idle_01,Seated Idle_01.bvh,local_named:Seated Idle,unknown,local_named,,,,Seated Idle,,,,unknown,,1,,[],,,,missing,unverified,,
BVH-000146,Seated Idle_01_mirror,Seated Idle_01_mirror.bvh,local_named:Seated Idle,unknown,local_named,,,,Seated Idle,,,,unknown,,1,,"[{""status"":""paired_member_present"",""type"":""mirror""}]",,,,missing,derived_mirror,,
BVH-000147,Shaking Hands 1_01,Shaking Hands 1_01.bvh,local_named:Shaking Hands 1,unknown,local_named,,,,Shaking Hands 1,,,,unknown,,1,,[],,,,missing,unverified,,
BVH-000148,Shaking Hands 1_01_mirror,Shaking Hands 1_01_mirror.bvh,local_named:Shaking Hands 1,unknown,local_named,,,,Shaking Hands 1,,,,unknown,,1,,"[{""status"":""paired_member_present"",""type"":""mirror""}]",,,,missing,derived_mirror,,
BVH-000149,Shaking Hands 2_02,Shaking Hands 2_02.bvh,local_named:Shaking Hands 2,unknown,local_named,,,,Shaking Hands 2,,,,unknown,,2,,[],,,,missing,unverified,,
BVH-000150,Shaking Hands 2_02_mirror,Shaking Hands 2_02_mirror.bvh,local_named:Shaking Hands 2,unknown,local_named,,,,Shaking Hands 2,,,,unknown,,2,,"[{""status"":""paired_member_present"",""type"":""mirror""}]",,,,missing,derived_mirror,,
BVH-000151,Skateboarding_00011,Skateboarding_00011.bvh,local_action_raw:Skateboarding,unknown,local_action_raw,,,,Skateboarding,Skateboarding.bvh,11,11,zero,30.0003,,,"[{""status"":""verified"",""type"":""extract_frame""}]",data/_action_raw/Skateboarding.bvh,sha256:431219b90f465e4f7744a2d8d9f8e55b5dac0947d05b67e0325fb4522509c5bd,,missing,verified,,
BVH-000152,Skateboarding_00011_mirror,Skateboarding_00011_mirror.bvh,local_action_raw:Skateboarding,unknown,local_action_raw,,,,Skateboarding,Skateboarding.bvh,,11,unknown,30.0003,,,"[{""status"":""inferred"",""type"":""extract_frame""},{""status"":""paired_member_present"",""type"":""mirror""}]",data/_action_raw/Skateboarding.bvh,sha256:431219b90f465e4f7744a2d8d9f8e55b5dac0947d05b67e0325fb4522509c5bd,,missing,derived_mirror,,
BVH-000153,Skateboarding_00030,Skateboarding_00030.bvh,local_action_raw:Skateboarding,unknown,local_action_raw,,,,Skateboarding,Skateboarding.bvh,30,30,zero,30.0003,,,"[{""status"":""verified"",""type"":""extract_frame""}]",data/_action_raw/Skateboarding.bvh,sha256:431219b90f465e4f7744a2d8d9f8e55b5dac0947d05b67e0325fb4522509c5bd,,missing,verified,,
BVH-000154,Skateboarding_00030_mirror,Skateboarding_00030_mirror.bvh,local_action_raw:Skateboarding,unknown,local_action_raw,,,,Skateboarding,Skateboarding.bvh,,30,unknown,30.0003,,,"[{""status"":""inferred"",""type"":""extract_frame""},{""status"":""paired_member_present"",""type"":""mirror""}]",data/_action_raw/Skateboarding.bvh,sha256:431219b90f465e4f7744a2d8d9f8e55b5dac0947d05b67e0325fb4522509c5bd,,missing,derived_mirror,,
BVH-000155,Skateboarding_00045,Skateboarding_00045.bvh,local_action_raw:Skateboarding,unknown,local_action_raw,,,,Skateboarding,Skateboarding.bvh,45,45,zero,30.0003,,,"[{""status"":""verified"",""type"":""extract_frame""}]",data/_action_raw/Skateboarding.bvh,sha256:431219b90f465e4f7744a2d8d9f8e55b5dac0947d05b67e0325fb4522509c5bd,,missing,verified,,
BVH-000156,Skateboarding_00045_mirror,Skateboarding_00045_mirror.bvh,local_action_raw:Skateboarding,unknown,local_action_raw,,,,Skateboarding,Skateboarding.bvh,,45,unknown,30.0003,,,"[{""status"":""inferred"",""type"":""extract_frame""},{""status"":""paired_member_present"",""type"":""mirror""}]",data/_action_raw/Skateboarding.bvh,sha256:431219b90f465e4f7744a2d8d9f8e55b5dac0947d05b67e0325fb4522509c5bd,,missing,derived_mirror,,
BVH-000157,Stand_02,Stand_02.bvh,local_named:Stand,unknown,local_named,,,,Stand,,,,unknown,,2,,[],,,,missing,unverified,,
BVH-000158,Stand_02_mirror,Stand_02_mirror.bvh,local_named:Stand,unknown,local_named,,,,Stand,,,,unknown,,2,,"[{""status"":""paired_member_present"",""type"":""mirror""}]",,,,missing,derived_mirror,,
BVH-000159,Standing 2H Magic Attack 01_00027,Standing 2H Magic Attack 01_00027.bvh,local_named:Standing 2 H Magic Attack 01,unknown,local_named,,,,Standing 2 H Magic Attack 01,,,27,unknown,,,,"[{""status"":""inferred"",""type"":""extract_frame""}]",,,,missing,unverified,,
BVH-000160,Standing 2H Magic Attack 01_00027_mirror,Standing 2H Magic Attack 01_00027_mirror.bvh,local_named:Standing 2 H Magic Attack 01,unknown,local_named,,,,Standing 2 H Magic Attack 01,,,27,unknown,,,,"[{""status"":""inferred"",""type"":""extract_frame""},{""status"":""paired_member_present"",""type"":""mirror""}]",,,,missing,derived_mirror,,
BVH-000161,Standing 2H Magic Attack 01_00039,Standing 2H Magic Attack 01_00039.bvh,local_named:Standing 2 H Magic Attack 01,unknown,local_named,,,,Standing 2 H Magic Attack 01,,,39,unknown,,,,"[{""status"":""inferred"",""type"":""extract_frame""}]",,,,missing,unverified,,
BVH-000162,Standing 2H Magic Attack 01_00039_mirror,Standing 2H Magic Attack 01_00039_mirror.bvh,local_named:Standing 2 H Magic Attack 01,unknown,local_named,,,,Standing 2 H Magic Attack 01,,,39,unknown,,,,"[{""status"":""inferred"",""type"":""extract_frame""},{""status"":""paired_member_present"",""type"":""mirror""}]",,,,missing,derived_mirror,,
BVH-000163,Standing 2H Magic Attack 01_00081,Standing 2H Magic Attack 01_00081.bvh,local_named:Standing 2 H Magic Attack 01,unknown,local_named,,,,Standing 2 H Magic Attack 01,,,81,unknown,,,,"[{""status"":""inferred"",""type"":""extract_frame""}]",,,,missing,unverified,,
BVH-000164,Standing 2H Magic Attack 01_00081_mirror,Standing 2H Magic Attack 01_00081_mirror.bvh,local_named:Standing 2 H Magic Attack 01,unknown,local_named,,,,Standing 2 H Magic Attack 01,,,81,unknown,,,,"[{""status"":""inferred"",""type"":""extract_frame""},{""status"":""paired_member_present"",""type"":""mirror""}]",,,,missing,derived_mirror,,
BVH-000165,Standing Greeting_01,Standing Greeting_01.bvh,local_named:Standing Greeting,unknown,local_named,,,,Standing Greeting,,,,unknown,,1,,[],,,,missing,unverified,,
BVH-000166,Standing Greeting_01_mirror,Standing Greeting_01_mirror.bvh,local_named:Standing Greeting,unknown,local_named,,,,Standing Greeting,,,,unknown,,1,,"[{""status"":""paired_member_present"",""type"":""mirror""}]",,,,missing,derived_mirror,,
BVH-000167,Standing Idle 03_00306,Standing Idle 03_00306.bvh,local_action_raw:Standing Idle 03,unknown,local_action_raw,,,,Standing Idle 03,Standing Idle 03.bvh,306,306,zero,30.0003,,,"[{""status"":""verified"",""type"":""extract_frame""}]",data/_action_raw/Standing Idle 03.bvh,sha256:f1163be5c817262ceebf58903833444aa64a62b3d70fd34b6337156bce66f648,,missing,verified,,
BVH-000168,Standing Idle 03_00306_mirror,Standing Idle 03_00306_mirror.bvh,local_action_raw:Standing Idle 03,unknown,local_action_raw,,,,Standing Idle 03,Standing Idle 03.bvh,,306,unknown,30.0003,,,"[{""status"":""inferred"",""type"":""extract_frame""},{""status"":""paired_member_present"",""type"":""mirror""}]",data/_action_raw/Standing Idle 03.bvh,sha256:f1163be5c817262ceebf58903833444aa64a62b3d70fd34b6337156bce66f648,,missing,derived_mirror,,
BVH-000169,Standing Jump_00011,Standing Jump_00011.bvh,local_action_raw:Standing Jump,unknown,local_action_raw,,,,Standing Jump,Standing Jump.bvh,11,11,zero,30.0003,,,"[{""status"":""verified"",""type"":""extract_frame""}]",data/_action_raw/Standing Jump.bvh,sha256:a66dd89e4a3f4d182b8871b93c5842520a0963533f03f9b429156dfddf25db78,,missing,verified,,
BVH-000170,Standing Jump_00011_mirror,Standing Jump_00011_mirror.bvh,local_action_raw:Standing Jump,unknown,local_action_raw,,,,Standing Jump,Standing Jump.bvh,,11,unknown,30.0003,,,"[{""status"":""inferred"",""type"":""extract_frame""},{""status"":""paired_member_present"",""type"":""mirror""}]",data/_action_raw/Standing Jump.bvh,sha256:a66dd89e4a3f4d182b8871b93c5842520a0963533f03f9b429156dfddf25db78,,missing,derived_mirror,,
BVH-000171,Surprised_02,Surprised_02.bvh,local_named:Surprised,unknown,local_named,,,,Surprised,,,,unknown,,2,,[],,,,missing,unverified,,
BVH-000172,Surprised_02_mirror,Surprised_02_mirror.bvh,local_named:Surprised,unknown,local_named,,,,Surprised,,,,unknown,,2,,"[{""status"":""paired_member_present"",""type"":""mirror""}]",,,,missing,derived_mirror,,
BVH-000173,Sword And Shield Jump_00001,Sword And Shield Jump_00001.bvh,local_action_raw:Sword And Shield Jump,unknown,local_action_raw,,,,Sword And Shield Jump,Sword And Shield Jump.bvh,1,1,zero,30.0003,,,"[{""status"":""verified"",""type"":""extract_frame""}]",data/_action_raw/Sword And Shield Jump.bvh,sha256:548208f59146c60714ad11ef8c8e1f66191c1f7f92b022e2d1f276bda25de2a6,,missing,verified,,
BVH-000174,Sword And Shield Jump_00001_mirror,Sword And Shield Jump_00001_mirror.bvh,local_action_raw:Sword And Shield Jump,unknown,local_action_raw,,,,Sword And Shield Jump,Sword And Shield Jump.bvh,,1,unknown,30.0003,,,"[{""status"":""inferred"",""type"":""extract_frame""},{""status"":""paired_member_present"",""type"":""mirror""}]",data/_action_raw/Sword And Shield Jump.bvh,sha256:548208f59146c60714ad11ef8c8e1f66191c1f7f92b022e2d1f276bda25de2a6,,missing,derived_mirror,,
BVH-000175,Sword And Shield Jump_00011,Sword And Shield Jump_00011.bvh,local_action_raw:Sword And Shield Jump,unknown,local_action_raw,,,,Sword And Shield Jump,Sword And Shield Jump.bvh,11,11,zero,30.0003,,,"[{""status"":""verified"",""type"":""extract_frame""}]",data/_action_raw/Sword And Shield Jump.bvh,sha256:548208f59146c60714ad11ef8c8e1f66191c1f7f92b022e2d1f276bda25de2a6,,missing,verified,,
BVH-000176,Sword And Shield Jump_00011_mirror,Sword And Shield Jump_00011_mirror.bvh,local_action_raw:Sword And Shield Jump,unknown,local_action_raw,,,,Sword And Shield Jump,Sword And Shield Jump.bvh,,11,unknown,30.0003,,,"[{""status"":""inferred"",""type"":""extract_frame""},{""status"":""paired_member_present"",""type"":""mirror""}]",data/_action_raw/Sword And Shield Jump.bvh,sha256:548208f59146c60714ad11ef8c8e1f66191c1f7f92b022e2d1f276bda25de2a6,,missing,derived_mirror,,
BVH-000177,Sword And Shield Jump_00019,Sword And Shield Jump_00019.bvh,local_action_raw:Sword And Shield Jump,unknown,local_action_raw,,,,Sword And Shield Jump,Sword And Shield Jump.bvh,19,19,zero,30.0003,,,"[{""status"":""verified"",""type"":""extract_frame""}]",data/_action_raw/Sword And Shield Jump.bvh,sha256:548208f59146c60714ad11ef8c8e1f66191c1f7f92b022e2d1f276bda25de2a6,,missing,verified,,
BVH-000178,Sword And Shield Jump_00019_mirror,Sword And Shield Jump_00019_mirror.bvh,local_action_raw:Sword And Shield Jump,unknown,local_action_raw,,,,Sword And Shield Jump,Sword And Shield Jump.bvh,,19,unknown,30.0003,,,"[{""status"":""inferred"",""type"":""extract_frame""},{""status"":""paired_member_present"",""type"":""mirror""}]",data/_action_raw/Sword And Shield Jump.bvh,sha256:548208f59146c60714ad11ef8c8e1f66191c1f7f92b022e2d1f276bda25de2a6,,missing,derived_mirror,,
BVH-000179,Talking (1)_01,Talking (1)_01.bvh,local_named:Talking (1),unknown,local_named,,,,Talking (1),,,,unknown,,1,,[],,,,missing,unverified,,
BVH-000180,Talking (1)_01_mirror,Talking (1)_01_mirror.bvh,local_named:Talking (1),unknown,local_named,,,,Talking (1),,,,unknown,,1,,"[{""status"":""paired_member_present"",""type"":""mirror""}]",,,,missing,derived_mirror,,
BVH-000181,Talking On A Cell Phone (1)_01,Talking On A Cell Phone (1)_01.bvh,local_named:Talking On A Cell Phone (1),unknown,local_named,,,,Talking On A Cell Phone (1),,,,unknown,,1,,[],,,,missing,unverified,,
BVH-000182,Talking On A Cell Phone (1)_01_mirror,Talking On A Cell Phone (1)_01_mirror.bvh,local_named:Talking On A Cell Phone (1),unknown,local_named,,,,Talking On A Cell Phone (1),,,,unknown,,1,,"[{""status"":""paired_member_present"",""type"":""mirror""}]",,,,missing,derived_mirror,,
BVH-000183,Talking On A Cell Phone (1)_02,Talking On A Cell Phone (1)_02.bvh,local_named:Talking On A Cell Phone (1),unknown,local_named,,,,Talking On A Cell Phone (1),,,,unknown,,2,,[],,,,missing,unverified,,
BVH-000184,Talking On A Cell Phone (1)_02_mirror,Talking On A Cell Phone (1)_02_mirror.bvh,local_named:Talking On A Cell Phone (1),unknown,local_named,,,,Talking On A Cell Phone (1),,,,unknown,,2,,"[{""status"":""paired_member_present"",""type"":""mirror""}]",,,,missing,derived_mirror,,
BVH-000185,Talking On A Cell Phone (1)_03,Talking On A Cell Phone (1)_03.bvh,local_named:Talking On A Cell Phone (1),unknown,local_named,,,,Talking On A Cell Phone (1),,,,unknown,,3,,[],,,,missing,unverified,,
BVH-000186,Talking On A Cell Phone (1)_03_mirror,Talking On A Cell Phone (1)_03_mirror.bvh,local_named:Talking On A Cell Phone (1),unknown,local_named,,,,Talking On A Cell Phone (1),,,,unknown,,3,,"[{""status"":""paired_member_present"",""type"":""mirror""}]",,,,missing,derived_mirror,,
BVH-000187,Talking On Phone_01,Talking On Phone_01.bvh,local_named:Talking On Phone,unknown,local_named,,,,Talking On Phone,,,,unknown,,1,,[],,,,missing,unverified,,
BVH-000188,Talking On Phone_01_mirror,Talking On Phone_01_mirror.bvh,local_named:Talking On Phone,unknown,local_named,,,,Talking On Phone,,,,unknown,,1,,"[{""status"":""paired_member_present"",""type"":""mirror""}]",,,,missing,derived_mirror,,
BVH-000189,Talking On Phone_02,Talking On Phone_02.bvh,local_named:Talking On Phone,unknown,local_named,,,,Talking On Phone,,,,unknown,,2,,[],,,,missing,unverified,,
BVH-000190,Talking On Phone_02_mirror,Talking On Phone_02_mirror.bvh,local_named:Talking On Phone,unknown,local_named,,,,Talking On Phone,,,,unknown,,2,,"[{""status"":""paired_member_present"",""type"":""mirror""}]",,,,missing,derived_mirror,,
BVH-000191,Talking Phone Pacing_01,Talking Phone Pacing_01.bvh,local_named:Talking Phone Pacing,unknown,local_named,,,,Talking Phone Pacing,,,,unknown,,1,,[],,,,missing,unverified,,
BVH-000192,Talking Phone Pacing_01_mirror,Talking Phone Pacing_01_mirror.bvh,local_named:Talking Phone Pacing,unknown,local_named,,,,Talking Phone Pacing,,,,unknown,,1,,"[{""status"":""paired_member_present"",""type"":""mirror""}]",,,,missing,derived_mirror,,
BVH-000193,Talking Phone Pacing_02,Talking Phone Pacing_02.bvh,local_named:Talking Phone Pacing,unknown,local_named,,,,Talking Phone Pacing,,,,unknown,,2,,[],,,,missing,unverified,,
BVH-000194,Talking Phone Pacing_02_mirror,Talking Phone Pacing_02_mirror.bvh,local_named:Talking Phone Pacing,unknown,local_named,,,,Talking Phone Pacing,,,,unknown,,2,,"[{""status"":""paired_member_present"",""type"":""mirror""}]",,,,missing,derived_mirror,,
BVH-000195,Texting While Standing_02,Texting While Standing_02.bvh,local_named:Texting While Standing,unknown,local_named,,,,Texting While Standing,,,,unknown,,2,,[],,,,missing,unverified,,
BVH-000196,Texting While Standing_02_mirror,Texting While Standing_02_mirror.bvh,local_named:Texting While Standing,unknown,local_named,,,,Texting While Standing,,,,unknown,,2,,"[{""status"":""paired_member_present"",""type"":""mirror""}]",,,,missing,derived_mirror,,
BVH-000197,Two Handed Sword Death_00012,Two Handed Sword Death_00012.bvh,local_action_raw:Two Handed Sword Death,unknown,local_action_raw,,,,Two Handed Sword Death,Two Handed Sword Death.bvh,12,12,zero,30.0003,,,"[{""status"":""verified"",""type"":""extract_frame""}]",data/_action_raw/Two Handed Sword Death.bvh,sha256:d3f16f358bc9388da3d9809890e9b660d1c4421900032c8bdddae8eb069a5727,,missing,verified,,
BVH-000198,Two Handed Sword Death_00012_mirror,Two Handed Sword Death_00012_mirror.bvh,local_action_raw:Two Handed Sword Death,unknown,local_action_raw,,,,Two Handed Sword Death,Two Handed Sword Death.bvh,,12,unknown,30.0003,,,"[{""status"":""inferred"",""type"":""extract_frame""},{""status"":""paired_member_present"",""type"":""mirror""}]",data/_action_raw/Two Handed Sword Death.bvh,sha256:d3f16f358bc9388da3d9809890e9b660d1c4421900032c8bdddae8eb069a5727,,missing,derived_mirror,,
BVH-000199,Two Handed Sword Death_00040,Two Handed Sword Death_00040.bvh,local_action_raw:Two Handed Sword Death,unknown,local_action_raw,,,,Two Handed Sword Death,Two Handed Sword Death.bvh,40,40,zero,30.0003,,,"[{""status"":""verified"",""type"":""extract_frame""}]",data/_action_raw/Two Handed Sword Death.bvh,sha256:d3f16f358bc9388da3d9809890e9b660d1c4421900032c8bdddae8eb069a5727,,missing,verified,,
BVH-000200,Two Handed Sword Death_00040_mirror,Two Handed Sword Death_00040_mirror.bvh,local_action_raw:Two Handed Sword Death,unknown,local_action_raw,,,,Two Handed Sword Death,Two Handed Sword Death.bvh,,40,unknown,30.0003,,,"[{""status"":""inferred"",""type"":""extract_frame""},{""status"":""paired_member_present"",""type"":""mirror""}]",data/_action_raw/Two Handed Sword Death.bvh,sha256:d3f16f358bc9388da3d9809890e9b660d1c4421900032c8bdddae8eb069a5727,,missing,derived_mirror,,
BVH-000201,Watering_02,Watering_02.bvh,local_named:Watering,unknown,local_named,,,,Watering,,,,unknown,,2,,[],,,,missing,unverified,,
BVH-000202,Watering_02_mirror,Watering_02_mirror.bvh,local_named:Watering,unknown,local_named,,,,Watering,,,,unknown,,2,,"[{""status"":""paired_member_present"",""type"":""mirror""}]",,,,missing,derived_mirror,,
BVH-000203,Watering_03,Watering_03.bvh,local_named:Watering,unknown,local_named,,,,Watering,,,,unknown,,3,,[],,,,missing,unverified,,
BVH-000204,Watering_03_mirror,Watering_03_mirror.bvh,local_named:Watering,unknown,local_named,,,,Watering,,,,unknown,,3,,"[{""status"":""paired_member_present"",""type"":""mirror""}]",,,,missing,derived_mirror,,
BVH-000205,Waving_01,Waving_01.bvh,local_named:Waving,unknown,local_named,,,,Waving,,,,unknown,,1,,[],,,,missing,unverified,,
BVH-000206,Waving_01_mirror,Waving_01_mirror.bvh,local_named:Waving,unknown,local_named,,,,Waving,,,,unknown,,1,,"[{""status"":""paired_member_present"",""type"":""mirror""}]",,,,missing,derived_mirror,,
BVH-000207,Waving_02,Waving_02.bvh,local_named:Waving,unknown,local_named,,,,Waving,,,,unknown,,2,,[],,,,missing,unverified,,
BVH-000208,Waving_02_mirror,Waving_02_mirror.bvh,local_named:Waving,unknown,local_named,,,,Waving,,,,unknown,,2,,"[{""status"":""paired_member_present"",""type"":""mirror""}]",,,,missing,derived_mirror,,
BVH-000209,Yelling While Standing_00080,Yelling While Standing_00080.bvh,local_action_raw:Yelling While Standing,unknown,local_action_raw,,,,Yelling While Standing,Yelling While Standing.bvh,80,80,zero,30.0003,,,"[{""status"":""verified"",""type"":""extract_frame""}]",data/_action_raw/Yelling While Standing.bvh,sha256:8a5203c7f2a0c00cb0cff3a8c0e792a6131b074930e3aad63b100210591f405b,,missing,verified,,
BVH-000210,Yelling While Standing_00080_mirror,Yelling While Standing_00080_mirror.bvh,local_action_raw:Yelling While Standing,unknown,local_action_raw,,,,Yelling While Standing,Yelling While Standing.bvh,,80,unknown,30.0003,,,"[{""status"":""inferred"",""type"":""extract_frame""},{""status"":""paired_member_present"",""type"":""mirror""}]",data/_action_raw/Yelling While Standing.bvh,sha256:8a5203c7f2a0c00cb0cff3a8c0e792a6131b074930e3aad63b100210591f405b,,missing,derived_mirror,,
BVH-000211,cmu_01_03_01932,cmu_01_03_01932.bvh,cmu:01_03,CMU,cmu_motion_capture_database,01,,03,"playground - climb, hang, swing",01_03.amc,,1932,unknown,120,,,"[{""status"":""inferred"",""type"":""extract_frame""}]",https://mocap.cs.cmu.edu/search.php?subjectnumber=1&trinum=3,,sha256:7a5bd8c60b22df22b77c8ab3a0b5d6bf24d93511a01f971d169cd3c5f236312b,verified,unverified,,
BVH-000212,cmu_01_03_01932_mirror,cmu_01_03_01932_mirror.bvh,cmu:01_03,CMU,cmu_motion_capture_database,01,,03,"playground - climb, hang, swing",01_03.amc,,1932,unknown,120,,,"[{""status"":""inferred"",""type"":""extract_frame""},{""status"":""paired_member_present"",""type"":""mirror""}]",https://mocap.cs.cmu.edu/search.php?subjectnumber=1&trinum=3,,sha256:7a5bd8c60b22df22b77c8ab3a0b5d6bf24d93511a01f971d169cd3c5f236312b,verified,derived_mirror,,
BVH-000213,cmu_01_04_02806,cmu_01_04_02806.bvh,cmu:01_04,CMU,cmu_motion_capture_database,01,,04,playground - climb,01_04.amc,,2806,unknown,120,,,"[{""status"":""inferred"",""type"":""extract_frame""}]",https://mocap.cs.cmu.edu/search.php?subjectnumber=1&trinum=4,,sha256:7a5bd8c60b22df22b77c8ab3a0b5d6bf24d93511a01f971d169cd3c5f236312b,verified,unverified,,
BVH-000214,cmu_01_04_02806_mirror,cmu_01_04_02806_mirror.bvh,cmu:01_04,CMU,cmu_motion_capture_database,01,,04,playground - climb,01_04.amc,,2806,unknown,120,,,"[{""status"":""inferred"",""type"":""extract_frame""},{""status"":""paired_member_present"",""type"":""mirror""}]",https://mocap.cs.cmu.edu/search.php?subjectnumber=1&trinum=4,,sha256:7a5bd8c60b22df22b77c8ab3a0b5d6bf24d93511a01f971d169cd3c5f236312b,verified,derived_mirror,,
BVH-000215,cmu_01_06_01047,cmu_01_06_01047.bvh,cmu:01_06,CMU,cmu_motion_capture_database,01,,06,"playground - climb, sit, dangle legs, descend",01_06.amc,,1047,unknown,120,,,"[{""status"":""inferred"",""type"":""extract_frame""}]",https://mocap.cs.cmu.edu/search.php?subjectnumber=1&trinum=6,,sha256:7a5bd8c60b22df22b77c8ab3a0b5d6bf24d93511a01f971d169cd3c5f236312b,verified,unverified,,
BVH-000216,cmu_01_06_01047_mirror,cmu_01_06_01047_mirror.bvh,cmu:01_06,CMU,cmu_motion_capture_database,01,,06,"playground - climb, sit, dangle legs, descend",01_06.amc,,1047,unknown,120,,,"[{""status"":""inferred"",""type"":""extract_frame""},{""status"":""paired_member_present"",""type"":""mirror""}]",https://mocap.cs.cmu.edu/search.php?subjectnumber=1&trinum=6,,sha256:7a5bd8c60b22df22b77c8ab3a0b5d6bf24d93511a01f971d169cd3c5f236312b,verified,derived_mirror,,
BVH-000217,cmu_01_09_02856,cmu_01_09_02856.bvh,cmu:01_09,CMU,cmu_motion_capture_database,01,,09,"playground - climb, hang, hold self up with arms straight, swing, drop, sit, dangle legs, go under",01_09.amc,,2856,unknown,120,,,"[{""status"":""inferred"",""type"":""extract_frame""}]",https://mocap.cs.cmu.edu/search.php?subjectnumber=1&trinum=9,,sha256:7a5bd8c60b22df22b77c8ab3a0b5d6bf24d93511a01f971d169cd3c5f236312b,verified,unverified,,
BVH-000218,cmu_01_09_02856_mirror,cmu_01_09_02856_mirror.bvh,cmu:01_09,CMU,cmu_motion_capture_database,01,,09,"playground - climb, hang, hold self up with arms straight, swing, drop, sit, dangle legs, go under",01_09.amc,,2856,unknown,120,,,"[{""status"":""inferred"",""type"":""extract_frame""},{""status"":""paired_member_present"",""type"":""mirror""}]",https://mocap.cs.cmu.edu/search.php?subjectnumber=1&trinum=9,,sha256:7a5bd8c60b22df22b77c8ab3a0b5d6bf24d93511a01f971d169cd3c5f236312b,verified,derived_mirror,,
BVH-000219,cmu_02_06_01778,cmu_02_06_01778.bvh,cmu:02_06,CMU,cmu_motion_capture_database,02,,06,"bend over, scoop up, rise, lift arm",02_06.amc,,1778,unknown,120,,,"[{""status"":""inferred"",""type"":""extract_frame""}]",https://mocap.cs.cmu.edu/search.php?subjectnumber=2&trinum=6,,sha256:7a5bd8c60b22df22b77c8ab3a0b5d6bf24d93511a01f971d169cd3c5f236312b,verified,unverified,,
BVH-000220,cmu_02_06_01778_mirror,cmu_02_06_01778_mirror.bvh,cmu:02_06,CMU,cmu_motion_capture_database,02,,06,"bend over, scoop up, rise, lift arm",02_06.amc,,1778,unknown,120,,,"[{""status"":""inferred"",""type"":""extract_frame""},{""status"":""paired_member_present"",""type"":""mirror""}]",https://mocap.cs.cmu.edu/search.php?subjectnumber=2&trinum=6,,sha256:7a5bd8c60b22df22b77c8ab3a0b5d6bf24d93511a01f971d169cd3c5f236312b,verified,derived_mirror,,
BVH-000221,cmu_02_08_01071,cmu_02_08_01071.bvh,cmu:02_08,CMU,cmu_motion_capture_database,02,,08,swordplay,02_08.amc,,1071,unknown,120,,,"[{""status"":""inferred"",""type"":""extract_frame""}]",https://mocap.cs.cmu.edu/search.php?subjectnumber=2&trinum=8,,sha256:7a5bd8c60b22df22b77c8ab3a0b5d6bf24d93511a01f971d169cd3c5f236312b,verified,unverified,,
BVH-000222,cmu_02_08_01071_mirror,cmu_02_08_01071_mirror.bvh,cmu:02_08,CMU,cmu_motion_capture_database,02,,08,swordplay,02_08.amc,,1071,unknown,120,,,"[{""status"":""inferred"",""type"":""extract_frame""},{""status"":""paired_member_present"",""type"":""mirror""}]",https://mocap.cs.cmu.edu/search.php?subjectnumber=2&trinum=8,,sha256:7a5bd8c60b22df22b77c8ab3a0b5d6bf24d93511a01f971d169cd3c5f236312b,verified,derived_mirror,,
BVH-000223,cmu_05_03_00150,cmu_05_03_00150.bvh,cmu:05_03,CMU,cmu_motion_capture_database,05,,03,"dance - sideways arabesque, turn step, folding arms",05_03.amc,,150,unknown,120,,,"[{""status"":""inferred"",""type"":""extract_frame""}]",https://mocap.cs.cmu.edu/search.php?subjectnumber=5&trinum=3,,sha256:7a5bd8c60b22df22b77c8ab3a0b5d6bf24d93511a01f971d169cd3c5f236312b,verified,unverified,,
BVH-000224,cmu_05_03_00150_mirror,cmu_05_03_00150_mirror.bvh,cmu:05_03,CMU,cmu_motion_capture_database,05,,03,"dance - sideways arabesque, turn step, folding arms",05_03.amc,,150,unknown,120,,,"[{""status"":""inferred"",""type"":""extract_frame""},{""status"":""paired_member_present"",""type"":""mirror""}]",https://mocap.cs.cmu.edu/search.php?subjectnumber=5&trinum=3,,sha256:7a5bd8c60b22df22b77c8ab3a0b5d6bf24d93511a01f971d169cd3c5f236312b,verified,derived_mirror,,
BVH-000225,cmu_05_04_00220,cmu_05_04_00220.bvh,cmu:05_04,CMU,cmu_motion_capture_database,05,,04,"dance - sideways arabesque, folding arms, bending back",05_04.amc,,220,unknown,120,,,"[{""status"":""inferred"",""type"":""extract_frame""}]",https://mocap.cs.cmu.edu/search.php?subjectnumber=5&trinum=4,,sha256:7a5bd8c60b22df22b77c8ab3a0b5d6bf24d93511a01f971d169cd3c5f236312b,verified,unverified,,
BVH-000226,cmu_05_04_00220_mirror,cmu_05_04_00220_mirror.bvh,cmu:05_04,CMU,cmu_motion_capture_database,05,,04,"dance - sideways arabesque, folding arms, bending back",05_04.amc,,220,unknown,120,,,"[{""status"":""inferred"",""type"":""extract_frame""},{""status"":""paired_member_present"",""type"":""mirror""}]",https://mocap.cs.cmu.edu/search.php?subjectnumber=5&trinum=4,,sha256:7a5bd8c60b22df22b77c8ab3a0b5d6bf24d93511a01f971d169cd3c5f236312b,verified,derived_mirror,,
BVH-000227,cmu_05_05_00336,cmu_05_05_00336.bvh,cmu:05_05,CMU,cmu_motion_capture_database,05,,05,"dance - quasi-cou-de-pied, raised leg above hip-height, jete en tourant",05_05.amc,,336,unknown,120,,,"[{""status"":""inferred"",""type"":""extract_frame""}]",https://mocap.cs.cmu.edu/search.php?subjectnumber=5&trinum=5,,sha256:7a5bd8c60b22df22b77c8ab3a0b5d6bf24d93511a01f971d169cd3c5f236312b,verified,unverified,,
BVH-000228,cmu_05_05_00336_mirror,cmu_05_05_00336_mirror.bvh,cmu:05_05,CMU,cmu_motion_capture_database,05,,05,"dance - quasi-cou-de-pied, raised leg above hip-height, jete en tourant",05_05.amc,,336,unknown,120,,,"[{""status"":""inferred"",""type"":""extract_frame""},{""status"":""paired_member_present"",""type"":""mirror""}]",https://mocap.cs.cmu.edu/search.php?subjectnumber=5&trinum=5,,sha256:7a5bd8c60b22df22b77c8ab3a0b5d6bf24d93511a01f971d169cd3c5f236312b,verified,derived_mirror,,
BVH-000229,cmu_05_06_00018,cmu_05_06_00018.bvh,cmu:05_06,CMU,cmu_motion_capture_database,05,,06,"dance - cartwheel-like start, pirouettes, jete",05_06.amc,,18,unknown,120,,,"[{""status"":""inferred"",""type"":""extract_frame""}]",https://mocap.cs.cmu.edu/search.php?subjectnumber=5&trinum=6,,sha256:7a5bd8c60b22df22b77c8ab3a0b5d6bf24d93511a01f971d169cd3c5f236312b,verified,unverified,,
BVH-000230,cmu_05_06_00018_mirror,cmu_05_06_00018_mirror.bvh,cmu:05_06,CMU,cmu_motion_capture_database,05,,06,"dance - cartwheel-like start, pirouettes, jete",05_06.amc,,18,unknown,120,,,"[{""status"":""inferred"",""type"":""extract_frame""},{""status"":""paired_member_present"",""type"":""mirror""}]",https://mocap.cs.cmu.edu/search.php?subjectnumber=5&trinum=6,,sha256:7a5bd8c60b22df22b77c8ab3a0b5d6bf24d93511a01f971d169cd3c5f236312b,verified,derived_mirror,,
BVH-000231,cmu_05_07_00510,cmu_05_07_00510.bvh,cmu:05_07,CMU,cmu_motion_capture_database,05,,07,"dance - small jetes, attitude/arabesque, shifted-axis pirouette, turn",05_07.amc,,510,unknown,120,,,"[{""status"":""inferred"",""type"":""extract_frame""}]",https://mocap.cs.cmu.edu/search.php?subjectnumber=5&trinum=7,,sha256:7a5bd8c60b22df22b77c8ab3a0b5d6bf24d93511a01f971d169cd3c5f236312b,verified,unverified,,
BVH-000232,cmu_05_07_00510_mirror,cmu_05_07_00510_mirror.bvh,cmu:05_07,CMU,cmu_motion_capture_database,05,,07,"dance - small jetes, attitude/arabesque, shifted-axis pirouette, turn",05_07.amc,,510,unknown,120,,,"[{""status"":""inferred"",""type"":""extract_frame""},{""status"":""paired_member_present"",""type"":""mirror""}]",https://mocap.cs.cmu.edu/search.php?subjectnumber=5&trinum=7,,sha256:7a5bd8c60b22df22b77c8ab3a0b5d6bf24d93511a01f971d169cd3c5f236312b,verified,derived_mirror,,
BVH-000233,cmu_05_07_00656,cmu_05_07_00656.bvh,cmu:05_07,CMU,cmu_motion_capture_database,05,,07,"dance - small jetes, attitude/arabesque, shifted-axis pirouette, turn",05_07.amc,,656,unknown,120,,,"[{""status"":""inferred"",""type"":""extract_frame""}]",https://mocap.cs.cmu.edu/search.php?subjectnumber=5&trinum=7,,sha256:7a5bd8c60b22df22b77c8ab3a0b5d6bf24d93511a01f971d169cd3c5f236312b,verified,unverified,,
BVH-000234,cmu_05_07_00656_mirror,cmu_05_07_00656_mirror.bvh,cmu:05_07,CMU,cmu_motion_capture_database,05,,07,"dance - small jetes, attitude/arabesque, shifted-axis pirouette, turn",05_07.amc,,656,unknown,120,,,"[{""status"":""inferred"",""type"":""extract_frame""},{""status"":""paired_member_present"",""type"":""mirror""}]",https://mocap.cs.cmu.edu/search.php?subjectnumber=5&trinum=7,,sha256:7a5bd8c60b22df22b77c8ab3a0b5d6bf24d93511a01f971d169cd3c5f236312b,verified,derived_mirror,,
BVH-000235,cmu_05_08_00147,cmu_05_08_00147.bvh,cmu:05_08,CMU,cmu_motion_capture_database,05,,08,"dance - rond de jambe in the air, jete, turn",05_08.amc,,147,unknown,120,,,"[{""status"":""inferred"",""type"":""extract_frame""}]",https://mocap.cs.cmu.edu/search.php?subjectnumber=5&trinum=8,,sha256:7a5bd8c60b22df22b77c8ab3a0b5d6bf24d93511a01f971d169cd3c5f236312b,verified,unverified,,
BVH-000236,cmu_05_08_00147_mirror,cmu_05_08_00147_mirror.bvh,cmu:05_08,CMU,cmu_motion_capture_database,05,,08,"dance - rond de jambe in the air, jete, turn",05_08.amc,,147,unknown,120,,,"[{""status"":""inferred"",""type"":""extract_frame""},{""status"":""paired_member_present"",""type"":""mirror""}]",https://mocap.cs.cmu.edu/search.php?subjectnumber=5&trinum=8,,sha256:7a5bd8c60b22df22b77c8ab3a0b5d6bf24d93511a01f971d169cd3c5f236312b,verified,derived_mirror,,
BVH-000237,cmu_05_10_00183,cmu_05_10_00183.bvh,cmu:05_10,CMU,cmu_motion_capture_database,05,,10,"dance - glissade devant, glissade derriere, attitude/arabesque",05_10.amc,,183,unknown,120,,,"[{""status"":""inferred"",""type"":""extract_frame""}]",https://mocap.cs.cmu.edu/search.php?subjectnumber=5&trinum=10,,sha256:7a5bd8c60b22df22b77c8ab3a0b5d6bf24d93511a01f971d169cd3c5f236312b,verified,unverified,,
BVH-000238,cmu_05_10_00183_mirror,cmu_05_10_00183_mirror.bvh,cmu:05_10,CMU,cmu_motion_capture_database,05,,10,"dance - glissade devant, glissade derriere, attitude/arabesque",05_10.amc,,183,unknown,120,,,"[{""status"":""inferred"",""type"":""extract_frame""},{""status"":""paired_member_present"",""type"":""mirror""}]",https://mocap.cs.cmu.edu/search.php?subjectnumber=5&trinum=10,,sha256:7a5bd8c60b22df22b77c8ab3a0b5d6bf24d93511a01f971d169cd3c5f236312b,verified,derived_mirror,,
BVH-000239,cmu_05_10_00400,cmu_05_10_00400.bvh,cmu:05_10,CMU,cmu_motion_capture_database,05,,10,"dance - glissade devant, glissade derriere, attitude/arabesque",05_10.amc,,400,unknown,120,,,"[{""status"":""inferred"",""type"":""extract_frame""}]",https://mocap.cs.cmu.edu/search.php?subjectnumber=5&trinum=10,,sha256:7a5bd8c60b22df22b77c8ab3a0b5d6bf24d93511a01f971d169cd3c5f236312b,verified,unverified,,
BVH-000240,cmu_05_10_00400_mirror,cmu_05_10_00400_mirror.bvh,cmu:05_10,CMU,cmu_motion_capture_database,05,,10,"dance - glissade devant, glissade derriere, attitude/arabesque",05_10.amc,,400,unknown,120,,,"[{""status"":""inferred"",""type"":""extract_frame""},{""status"":""paired_member_present"",""type"":""mirror""}]",https://mocap.cs.cmu.edu/search.php?subjectnumber=5&trinum=10,,sha256:7a5bd8c60b22df22b77c8ab3a0b5d6bf24d93511a01f971d169cd3c5f236312b,verified,derived_mirror,,
BVH-000241,cmu_05_11_00542,cmu_05_11_00542.bvh,cmu:05_11,CMU,cmu_motion_capture_database,05,,11,"dance - sideways steps, pirouette",05_11.amc,,542,unknown,120,,,"[{""status"":""inferred"",""type"":""extract_frame""}]",https://mocap.cs.cmu.edu/search.php?subjectnumber=5&trinum=11,,sha256:7a5bd8c60b22df22b77c8ab3a0b5d6bf24d93511a01f971d169cd3c5f236312b,verified,unverified,,
BVH-000242,cmu_05_11_00542_mirror,cmu_05_11_00542_mirror.bvh,cmu:05_11,CMU,cmu_motion_capture_database,05,,11,"dance - sideways steps, pirouette",05_11.amc,,542,unknown,120,,,"[{""status"":""inferred"",""type"":""extract_frame""},{""status"":""paired_member_present"",""type"":""mirror""}]",https://mocap.cs.cmu.edu/search.php?subjectnumber=5&trinum=11,,sha256:7a5bd8c60b22df22b77c8ab3a0b5d6bf24d93511a01f971d169cd3c5f236312b,verified,derived_mirror,,
BVH-000243,cmu_05_12_01298,cmu_05_12_01298.bvh,cmu:05_12,CMU,cmu_motion_capture_database,05,,12,"dance - arms held high, pointe tendue a terre, upper body rotation",05_12.amc,,1298,unknown,120,,,"[{""status"":""inferred"",""type"":""extract_frame""}]",https://mocap.cs.cmu.edu/search.php?subjectnumber=5&trinum=12,,sha256:7a5bd8c60b22df22b77c8ab3a0b5d6bf24d93511a01f971d169cd3c5f236312b,verified,unverified,,
BVH-000244,cmu_05_12_01298_mirror,cmu_05_12_01298_mirror.bvh,cmu:05_12,CMU,cmu_motion_capture_database,05,,12,"dance - arms held high, pointe tendue a terre, upper body rotation",05_12.amc,,1298,unknown,120,,,"[{""status"":""inferred"",""type"":""extract_frame""},{""status"":""paired_member_present"",""type"":""mirror""}]",https://mocap.cs.cmu.edu/search.php?subjectnumber=5&trinum=12,,sha256:7a5bd8c60b22df22b77c8ab3a0b5d6bf24d93511a01f971d169cd3c5f236312b,verified,derived_mirror,,
BVH-000245,cmu_05_13_00603,cmu_05_13_00603.bvh,cmu:05_13,CMU,cmu_motion_capture_database,05,,13,"dance - small jetes, pirouette",05_13.amc,,603,unknown,120,,,"[{""status"":""inferred"",""type"":""extract_frame""}]",https://mocap.cs.cmu.edu/search.php?subjectnumber=5&trinum=13,,sha256:7a5bd8c60b22df22b77c8ab3a0b5d6bf24d93511a01f971d169cd3c5f236312b,verified,unverified,,
BVH-000246,cmu_05_13_00603_mirror,cmu_05_13_00603_mirror.bvh,cmu:05_13,CMU,cmu_motion_capture_database,05,,13,"dance - small jetes, pirouette",05_13.amc,,603,unknown,120,,,"[{""status"":""inferred"",""type"":""extract_frame""},{""status"":""paired_member_present"",""type"":""mirror""}]",https://mocap.cs.cmu.edu/search.php?subjectnumber=5&trinum=13,,sha256:7a5bd8c60b22df22b77c8ab3a0b5d6bf24d93511a01f971d169cd3c5f236312b,verified,derived_mirror,,
BVH-000247,cmu_05_13_00670,cmu_05_13_00670.bvh,cmu:05_13,CMU,cmu_motion_capture_database,05,,13,"dance - small jetes, pirouette",05_13.amc,,670,unknown,120,,,"[{""status"":""inferred"",""type"":""extract_frame""}]",https://mocap.cs.cmu.edu/search.php?subjectnumber=5&trinum=13,,sha256:7a5bd8c60b22df22b77c8ab3a0b5d6bf24d93511a01f971d169cd3c5f236312b,verified,unverified,,
BVH-000248,cmu_05_13_00670_mirror,cmu_05_13_00670_mirror.bvh,cmu:05_13,CMU,cmu_motion_capture_database,05,,13,"dance - small jetes, pirouette",05_13.amc,,670,unknown,120,,,"[{""status"":""inferred"",""type"":""extract_frame""},{""status"":""paired_member_present"",""type"":""mirror""}]",https://mocap.cs.cmu.edu/search.php?subjectnumber=5&trinum=13,,sha256:7a5bd8c60b22df22b77c8ab3a0b5d6bf24d93511a01f971d169cd3c5f236312b,verified,derived_mirror,,
BVH-000249,cmu_05_15_00385,cmu_05_15_00385.bvh,cmu:05_15,CMU,cmu_motion_capture_database,05,,15,"dance - retire derriere, attitude/arabesque",05_15.amc,,385,unknown,120,,,"[{""status"":""inferred"",""type"":""extract_frame""}]",https://mocap.cs.cmu.edu/search.php?subjectnumber=5&trinum=15,,sha256:7a5bd8c60b22df22b77c8ab3a0b5d6bf24d93511a01f971d169cd3c5f236312b,verified,unverified,,
BVH-000250,cmu_05_15_00385_mirror,cmu_05_15_00385_mirror.bvh,cmu:05_15,CMU,cmu_motion_capture_database,05,,15,"dance - retire derriere, attitude/arabesque",05_15.amc,,385,unknown,120,,,"[{""status"":""inferred"",""type"":""extract_frame""},{""status"":""paired_member_present"",""type"":""mirror""}]",https://mocap.cs.cmu.edu/search.php?subjectnumber=5&trinum=15,,sha256:7a5bd8c60b22df22b77c8ab3a0b5d6bf24d93511a01f971d169cd3c5f236312b,verified,derived_mirror,,
BVH-000251,cmu_05_16_00214,cmu_05_16_00214.bvh,cmu:05_16,CMU,cmu_motion_capture_database,05,,16,"dance - coupe dessous, jete en tourant",05_16.amc,,214,unknown,120,,,"[{""status"":""inferred"",""type"":""extract_frame""}]",https://mocap.cs.cmu.edu/search.php?subjectnumber=5&trinum=16,,sha256:7a5bd8c60b22df22b77c8ab3a0b5d6bf24d93511a01f971d169cd3c5f236312b,verified,unverified,,
BVH-000252,cmu_05_16_00214_mirror,cmu_05_16_00214_mirror.bvh,cmu:05_16,CMU,cmu_motion_capture_database,05,,16,"dance - coupe dessous, jete en tourant",05_16.amc,,214,unknown,120,,,"[{""status"":""inferred"",""type"":""extract_frame""},{""status"":""paired_member_present"",""type"":""mirror""}]",https://mocap.cs.cmu.edu/search.php?subjectnumber=5&trinum=16,,sha256:7a5bd8c60b22df22b77c8ab3a0b5d6bf24d93511a01f971d169cd3c5f236312b,verified,derived_mirror,,
BVH-000253,cmu_05_16_00503,cmu_05_16_00503.bvh,cmu:05_16,CMU,cmu_motion_capture_database,05,,16,"dance - coupe dessous, jete en tourant",05_16.amc,,503,unknown,120,,,"[{""status"":""inferred"",""type"":""extract_frame""}]",https://mocap.cs.cmu.edu/search.php?subjectnumber=5&trinum=16,,sha256:7a5bd8c60b22df22b77c8ab3a0b5d6bf24d93511a01f971d169cd3c5f236312b,verified,unverified,,
BVH-000254,cmu_05_16_00503_mirror,cmu_05_16_00503_mirror.bvh,cmu:05_16,CMU,cmu_motion_capture_database,05,,16,"dance - coupe dessous, jete en tourant",05_16.amc,,503,unknown,120,,,"[{""status"":""inferred"",""type"":""extract_frame""},{""status"":""paired_member_present"",""type"":""mirror""}]",https://mocap.cs.cmu.edu/search.php?subjectnumber=5&trinum=16,,sha256:7a5bd8c60b22df22b77c8ab3a0b5d6bf24d93511a01f971d169cd3c5f236312b,verified,derived_mirror,,
BVH-000255,cmu_05_17_00766,cmu_05_17_00766.bvh,cmu:05_17,CMU,cmu_motion_capture_database,05,,17,"dance - coupe dessous, grand jete en tourant",05_17.amc,,766,unknown,120,,,"[{""status"":""inferred"",""type"":""extract_frame""}]",https://mocap.cs.cmu.edu/search.php?subjectnumber=5&trinum=17,,sha256:7a5bd8c60b22df22b77c8ab3a0b5d6bf24d93511a01f971d169cd3c5f236312b,verified,unverified,,
BVH-000256,cmu_05_17_00766_mirror,cmu_05_17_00766_mirror.bvh,cmu:05_17,CMU,cmu_motion_capture_database,05,,17,"dance - coupe dessous, grand jete en tourant",05_17.amc,,766,unknown,120,,,"[{""status"":""inferred"",""type"":""extract_frame""},{""status"":""paired_member_present"",""type"":""mirror""}]",https://mocap.cs.cmu.edu/search.php?subjectnumber=5&trinum=17,,sha256:7a5bd8c60b22df22b77c8ab3a0b5d6bf24d93511a01f971d169cd3c5f236312b,verified,derived_mirror,,
BVH-000257,cmu_05_19_00280,cmu_05_19_00280.bvh,cmu:05_19,CMU,cmu_motion_capture_database,05,,19,"dance - attitude/arabesque, jete en tourant, bending back",05_19.amc,,280,unknown,120,,,"[{""status"":""inferred"",""type"":""extract_frame""}]",https://mocap.cs.cmu.edu/search.php?subjectnumber=5&trinum=19,,sha256:7a5bd8c60b22df22b77c8ab3a0b5d6bf24d93511a01f971d169cd3c5f236312b,verified,unverified,,
BVH-000258,cmu_05_19_00280_mirror,cmu_05_19_00280_mirror.bvh,cmu:05_19,CMU,cmu_motion_capture_database,05,,19,"dance - attitude/arabesque, jete en tourant, bending back",05_19.amc,,280,unknown,120,,,"[{""status"":""inferred"",""type"":""extract_frame""},{""status"":""paired_member_present"",""type"":""mirror""}]",https://mocap.cs.cmu.edu/search.php?subjectnumber=5&trinum=19,,sha256:7a5bd8c60b22df22b77c8ab3a0b5d6bf24d93511a01f971d169cd3c5f236312b,verified,derived_mirror,,
BVH-000259,cmu_05_19_00438,cmu_05_19_00438.bvh,cmu:05_19,CMU,cmu_motion_capture_database,05,,19,"dance - attitude/arabesque, jete en tourant, bending back",05_19.amc,,438,unknown,120,,,"[{""status"":""inferred"",""type"":""extract_frame""}]",https://mocap.cs.cmu.edu/search.php?subjectnumber=5&trinum=19,,sha256:7a5bd8c60b22df22b77c8ab3a0b5d6bf24d93511a01f971d169cd3c5f236312b,verified,unverified,,
BVH-000260,cmu_05_19_00438_mirror,cmu_05_19_00438_mirror.bvh,cmu:05_19,CMU,cmu_motion_capture_database,05,,19,"dance - attitude/arabesque, jete en tourant, bending back",05_19.amc,,438,unknown,120,,,"[{""status"":""inferred"",""type"":""extract_frame""},{""status"":""paired_member_present"",""type"":""mirror""}]",https://mocap.cs.cmu.edu/search.php?subjectnumber=5&trinum=19,,sha256:7a5bd8c60b22df22b77c8ab3a0b5d6bf24d93511a01f971d169cd3c5f236312b,verified,derived_mirror,,
BVH-000261,cmu_05_20_00648,cmu_05_20_00648.bvh,cmu:05_20,CMU,cmu_motion_capture_database,05,,20,"dance - attitude/arabesque, jete en tourant, bending back",05_20.amc,,648,unknown,120,,,"[{""status"":""inferred"",""type"":""extract_frame""}]",https://mocap.cs.cmu.edu/search.php?subjectnumber=5&trinum=20,,sha256:7a5bd8c60b22df22b77c8ab3a0b5d6bf24d93511a01f971d169cd3c5f236312b,verified,unverified,,
BVH-000262,cmu_05_20_00648_mirror,cmu_05_20_00648_mirror.bvh,cmu:05_20,CMU,cmu_motion_capture_database,05,,20,"dance - attitude/arabesque, jete en tourant, bending back",05_20.amc,,648,unknown,120,,,"[{""status"":""inferred"",""type"":""extract_frame""},{""status"":""paired_member_present"",""type"":""mirror""}]",https://mocap.cs.cmu.edu/search.php?subjectnumber=5&trinum=20,,sha256:7a5bd8c60b22df22b77c8ab3a0b5d6bf24d93511a01f971d169cd3c5f236312b,verified,derived_mirror,,
BVH-000263,cmu_05_20_00804,cmu_05_20_00804.bvh,cmu:05_20,CMU,cmu_motion_capture_database,05,,20,"dance - attitude/arabesque, jete en tourant, bending back",05_20.amc,,804,unknown,120,,,"[{""status"":""inferred"",""type"":""extract_frame""}]",https://mocap.cs.cmu.edu/search.php?subjectnumber=5&trinum=20,,sha256:7a5bd8c60b22df22b77c8ab3a0b5d6bf24d93511a01f971d169cd3c5f236312b,verified,unverified,,
BVH-000264,cmu_05_20_00804_mirror,cmu_05_20_00804_mirror.bvh,cmu:05_20,CMU,cmu_motion_capture_database,05,,20,"dance - attitude/arabesque, jete en tourant, bending back",05_20.amc,,804,unknown,120,,,"[{""status"":""inferred"",""type"":""extract_frame""},{""status"":""paired_member_present"",""type"":""mirror""}]",https://mocap.cs.cmu.edu/search.php?subjectnumber=5&trinum=20,,sha256:7a5bd8c60b22df22b77c8ab3a0b5d6bf24d93511a01f971d169cd3c5f236312b,verified,derived_mirror,,
BVH-000265,cmu_06_13_01601,cmu_06_13_01601.bvh,cmu:06_13,CMU,cmu_motion_capture_database,06,,13,"basketball - low, fast free style dribble, dribble through legs",06_13.amc,,1601,unknown,120,,,"[{""status"":""inferred"",""type"":""extract_frame""}]",https://mocap.cs.cmu.edu/search.php?subjectnumber=6&trinum=13,,sha256:7a5bd8c60b22df22b77c8ab3a0b5d6bf24d93511a01f971d169cd3c5f236312b,verified,unverified,,
BVH-000266,cmu_06_13_01601_mirror,cmu_06_13_01601_mirror.bvh,cmu:06_13,CMU,cmu_motion_capture_database,06,,13,"basketball - low, fast free style dribble, dribble through legs",06_13.amc,,1601,unknown,120,,,"[{""status"":""inferred"",""type"":""extract_frame""},{""status"":""paired_member_present"",""type"":""mirror""}]",https://mocap.cs.cmu.edu/search.php?subjectnumber=6&trinum=13,,sha256:7a5bd8c60b22df22b77c8ab3a0b5d6bf24d93511a01f971d169cd3c5f236312b,verified,derived_mirror,,
BVH-000267,cmu_08_07_00073,cmu_08_07_00073.bvh,cmu:08_07,CMU,cmu_motion_capture_database,08,,07,"walk, exaggerated stride",08_07.amc,,73,unknown,120,,,"[{""status"":""inferred"",""type"":""extract_frame""}]",https://mocap.cs.cmu.edu/search.php?subjectnumber=8&trinum=7,,sha256:7a5bd8c60b22df22b77c8ab3a0b5d6bf24d93511a01f971d169cd3c5f236312b,verified,unverified,,
BVH-000268,cmu_08_07_00073_mirror,cmu_08_07_00073_mirror.bvh,cmu:08_07,CMU,cmu_motion_capture_database,08,,07,"walk, exaggerated stride",08_07.amc,,73,unknown,120,,,"[{""status"":""inferred"",""type"":""extract_frame""},{""status"":""paired_member_present"",""type"":""mirror""}]",https://mocap.cs.cmu.edu/search.php?subjectnumber=8&trinum=7,,sha256:7a5bd8c60b22df22b77c8ab3a0b5d6bf24d93511a01f971d169cd3c5f236312b,verified,derived_mirror,,
BVH-000269,cmu_102_03_00055,cmu_102_03_00055.bvh,cmu:102_03,CMU,cmu_motion_capture_database,102,,03,SuperTightLeft,102_03.amc,,55,unknown,120,,,"[{""status"":""inferred"",""type"":""extract_frame""}]",https://mocap.cs.cmu.edu/search.php?subjectnumber=102&trinum=3,,sha256:7a5bd8c60b22df22b77c8ab3a0b5d6bf24d93511a01f971d169cd3c5f236312b,verified,unverified,,
BVH-000270,cmu_102_03_00055_mirror,cmu_102_03_00055_mirror.bvh,cmu:102_03,CMU,cmu_motion_capture_database,102,,03,SuperTightLeft,102_03.amc,,55,unknown,120,,,"[{""status"":""inferred"",""type"":""extract_frame""},{""status"":""paired_member_present"",""type"":""mirror""}]",https://mocap.cs.cmu.edu/search.php?subjectnumber=102&trinum=3,,sha256:7a5bd8c60b22df22b77c8ab3a0b5d6bf24d93511a01f971d169cd3c5f236312b,verified,derived_mirror,,
BVH-000271,cmu_102_12_00003,cmu_102_12_00003.bvh,cmu:102_12,CMU,cmu_motion_capture_database,102,,12,OffensiveMoveSpinLeft,102_12.amc,,3,unknown,120,,,"[{""status"":""inferred"",""type"":""extract_frame""}]",https://mocap.cs.cmu.edu/search.php?subjectnumber=102&trinum=12,,sha256:7a5bd8c60b22df22b77c8ab3a0b5d6bf24d93511a01f971d169cd3c5f236312b,verified,unverified,,
BVH-000272,cmu_102_12_00003_mirror,cmu_102_12_00003_mirror.bvh,cmu:102_12,CMU,cmu_motion_capture_database,102,,12,OffensiveMoveSpinLeft,102_12.amc,,3,unknown,120,,,"[{""status"":""inferred"",""type"":""extract_frame""},{""status"":""paired_member_present"",""type"":""mirror""}]",https://mocap.cs.cmu.edu/search.php?subjectnumber=102&trinum=12,,sha256:7a5bd8c60b22df22b77c8ab3a0b5d6bf24d93511a01f971d169cd3c5f236312b,verified,derived_mirror,,
BVH-000273,cmu_102_13_00058,cmu_102_13_00058.bvh,cmu:102_13,CMU,cmu_motion_capture_database,102,,13,OffensiveMoveGoRight,102_13.amc,,58,unknown,120,,,"[{""status"":""inferred"",""type"":""extract_frame""}]",https://mocap.cs.cmu.edu/search.php?subjectnumber=102&trinum=13,,sha256:7a5bd8c60b22df22b77c8ab3a0b5d6bf24d93511a01f971d169cd3c5f236312b,verified,unverified,,
BVH-000274,cmu_102_13_00058_mirror,cmu_102_13_00058_mirror.bvh,cmu:102_13,CMU,cmu_motion_capture_database,102,,13,OffensiveMoveGoRight,102_13.amc,,58,unknown,120,,,"[{""status"":""inferred"",""type"":""extract_frame""},{""status"":""paired_member_present"",""type"":""mirror""}]",https://mocap.cs.cmu.edu/search.php?subjectnumber=102&trinum=13,,sha256:7a5bd8c60b22df22b77c8ab3a0b5d6bf24d93511a01f971d169cd3c5f236312b,verified,derived_mirror,,
BVH-000275,cmu_102_20_00593,cmu_102_20_00593.bvh,cmu:102_20,CMU,cmu_motion_capture_database,102,,20,FakeShotBreakRight,102_20.amc,,593,unknown,120,,,"[{""status"":""inferred"",""type"":""extract_frame""}]",https://mocap.cs.cmu.edu/search.php?subjectnumber=102&trinum=20,,sha256:7a5bd8c60b22df22b77c8ab3a0b5d6bf24d93511a01f971d169cd3c5f236312b,verified,unverified,,
BVH-000276,cmu_102_20_00593_mirror,cmu_102_20_00593_mirror.bvh,cmu:102_20,CMU,cmu_motion_capture_database,102,,20,FakeShotBreakRight,102_20.amc,,593,unknown,120,,,"[{""status"":""inferred"",""type"":""extract_frame""},{""status"":""paired_member_present"",""type"":""mirror""}]",https://mocap.cs.cmu.edu/search.php?subjectnumber=102&trinum=20,,sha256:7a5bd8c60b22df22b77c8ab3a0b5d6bf24d93511a01f971d169cd3c5f236312b,verified,derived_mirror,,
BVH-000277,cmu_102_21_00402,cmu_102_21_00402.bvh,cmu:102_21,CMU,cmu_motion_capture_database,102,,21,FakeShotBreakLeft,102_21.amc,,402,unknown,120,,,"[{""status"":""inferred"",""type"":""extract_frame""}]",https://mocap.cs.cmu.edu/search.php?subjectnumber=102&trinum=21,,sha256:7a5bd8c60b22df22b77c8ab3a0b5d6bf24d93511a01f971d169cd3c5f236312b,verified,unverified,,
BVH-000278,cmu_102_21_00402_mirror,cmu_102_21_00402_mirror.bvh,cmu:102_21,CMU,cmu_motion_capture_database,102,,21,FakeShotBreakLeft,102_21.amc,,402,unknown,120,,,"[{""status"":""inferred"",""type"":""extract_frame""},{""status"":""paired_member_present"",""type"":""mirror""}]",https://mocap.cs.cmu.edu/search.php?subjectnumber=102&trinum=21,,sha256:7a5bd8c60b22df22b77c8ab3a0b5d6bf24d93511a01f971d169cd3c5f236312b,verified,derived_mirror,,
BVH-000279,cmu_102_23_00123,cmu_102_23_00123.bvh,cmu:102_23,CMU,cmu_motion_capture_database,102,,23,DefensiveStraightWithStop,102_23.amc,,123,unknown,120,,,"[{""status"":""inferred"",""type"":""extract_frame""}]",https://mocap.cs.cmu.edu/search.php?subjectnumber=102&trinum=23,,sha256:7a5bd8c60b22df22b77c8ab3a0b5d6bf24d93511a01f971d169cd3c5f236312b,verified,unverified,,
BVH-000280,cmu_102_23_00123_mirror,cmu_102_23_00123_mirror.bvh,cmu:102_23,CMU,cmu_motion_capture_database,102,,23,DefensiveStraightWithStop,102_23.amc,,123,unknown,120,,,"[{""status"":""inferred"",""type"":""extract_frame""},{""status"":""paired_member_present"",""type"":""mirror""}]",https://mocap.cs.cmu.edu/search.php?subjectnumber=102&trinum=23,,sha256:7a5bd8c60b22df22b77c8ab3a0b5d6bf24d93511a01f971d169cd3c5f236312b,verified,derived_mirror,,
BVH-000281,cmu_102_25_00084,cmu_102_25_00084.bvh,cmu:102_25,CMU,cmu_motion_capture_database,102,,25,DefensiveLeftStopToStop,102_25.amc,,84,unknown,120,,,"[{""status"":""inferred"",""type"":""extract_frame""}]",https://mocap.cs.cmu.edu/search.php?subjectnumber=102&trinum=25,,sha256:7a5bd8c60b22df22b77c8ab3a0b5d6bf24d93511a01f971d169cd3c5f236312b,verified,unverified,,
BVH-000282,cmu_102_25_00084_mirror,cmu_102_25_00084_mirror.bvh,cmu:102_25,CMU,cmu_motion_capture_database,102,,25,DefensiveLeftStopToStop,102_25.amc,,84,unknown,120,,,"[{""status"":""inferred"",""type"":""extract_frame""},{""status"":""paired_member_present"",""type"":""mirror""}]",https://mocap.cs.cmu.edu/search.php?subjectnumber=102&trinum=25,,sha256:7a5bd8c60b22df22b77c8ab3a0b5d6bf24d93511a01f971d169cd3c5f236312b,verified,derived_mirror,,
BVH-000283,cmu_102_27_00041,cmu_102_27_00041.bvh,cmu:102_27,CMU,cmu_motion_capture_database,102,,27,DefensiveMoveSideToSide,102_27.amc,,41,unknown,120,,,"[{""status"":""inferred"",""type"":""extract_frame""}]",https://mocap.cs.cmu.edu/search.php?subjectnumber=102&trinum=27,,sha256:7a5bd8c60b22df22b77c8ab3a0b5d6bf24d93511a01f971d169cd3c5f236312b,verified,unverified,,
BVH-000284,cmu_102_27_00041_mirror,cmu_102_27_00041_mirror.bvh,cmu:102_27,CMU,cmu_motion_capture_database,102,,27,DefensiveMoveSideToSide,102_27.amc,,41,unknown,120,,,"[{""status"":""inferred"",""type"":""extract_frame""},{""status"":""paired_member_present"",""type"":""mirror""}]",https://mocap.cs.cmu.edu/search.php?subjectnumber=102&trinum=27,,sha256:7a5bd8c60b22df22b77c8ab3a0b5d6bf24d93511a01f971d169cd3c5f236312b,verified,derived_mirror,,
BVH-000285,cmu_103_04_00206,cmu_103_04_00206.bvh,cmu:103_04,CMU,cmu_motion_capture_database,103,,04,charleston_side_by_side_female,103_04.amc,,206,unknown,120,,,"[{""status"":""inferred"",""type"":""extract_frame""}]",https://mocap.cs.cmu.edu/search.php?subjectnumber=103&trinum=4,,sha256:7a5bd8c60b22df22b77c8ab3a0b5d6bf24d93511a01f971d169cd3c5f236312b,verified,unverified,,
BVH-000286,cmu_103_04_00206_mirror,cmu_103_04_00206_mirror.bvh,cmu:103_04,CMU,cmu_motion_capture_database,103,,04,charleston_side_by_side_female,103_04.amc,,206,unknown,120,,,"[{""status"":""inferred"",""type"":""extract_frame""},{""status"":""paired_member_present"",""type"":""mirror""}]",https://mocap.cs.cmu.edu/search.php?subjectnumber=103&trinum=4,,sha256:7a5bd8c60b22df22b77c8ab3a0b5d6bf24d93511a01f971d169cd3c5f236312b,verified,derived_mirror,,
BVH-000287,cmu_103_06_00073,cmu_103_06_00073.bvh,cmu:103_06,CMU,cmu_motion_capture_database,103,,06,lindyHop2,103_06.amc,,73,unknown,120,,,"[{""status"":""inferred"",""type"":""extract_frame""}]",https://mocap.cs.cmu.edu/search.php?subjectnumber=103&trinum=6,,sha256:7a5bd8c60b22df22b77c8ab3a0b5d6bf24d93511a01f971d169cd3c5f236312b,verified,unverified,,
BVH-000288,cmu_103_06_00073_mirror,cmu_103_06_00073_mirror.bvh,cmu:103_06,CMU,cmu_motion_capture_database,103,,06,lindyHop2,103_06.amc,,73,unknown,120,,,"[{""status"":""inferred"",""type"":""extract_frame""},{""status"":""paired_member_present"",""type"":""mirror""}]",https://mocap.cs.cmu.edu/search.php?subjectnumber=103&trinum=6,,sha256:7a5bd8c60b22df22b77c8ab3a0b5d6bf24d93511a01f971d169cd3c5f236312b,verified,derived_mirror,,
BVH-000289,cmu_104_03_00594,cmu_104_03_00594.bvh,cmu:104_03,CMU,cmu_motion_capture_database,104,,03,"Frankenstein male walk, exact footfalls",104_03.amc,,594,unknown,120,,,"[{""status"":""inferred"",""type"":""extract_frame""}]",https://mocap.cs.cmu.edu/search.php?subjectnumber=104&trinum=3,,sha256:7a5bd8c60b22df22b77c8ab3a0b5d6bf24d93511a01f971d169cd3c5f236312b,verified,unverified,,
BVH-000290,cmu_104_03_00594_mirror,cmu_104_03_00594_mirror.bvh,cmu:104_03,CMU,cmu_motion_capture_database,104,,03,"Frankenstein male walk, exact footfalls",104_03.amc,,594,unknown,120,,,"[{""status"":""inferred"",""type"":""extract_frame""},{""status"":""paired_member_present"",""type"":""mirror""}]",https://mocap.cs.cmu.edu/search.php?subjectnumber=104&trinum=3,,sha256:7a5bd8c60b22df22b77c8ab3a0b5d6bf24d93511a01f971d169cd3c5f236312b,verified,derived_mirror,,
BVH-000291,cmu_104_12_00231,cmu_104_12_00231.bvh,cmu:104_12,CMU,cmu_motion_capture_database,104,,12,ExcitedWalk,104_12.amc,,231,unknown,120,,,"[{""status"":""inferred"",""type"":""extract_frame""}]",https://mocap.cs.cmu.edu/search.php?subjectnumber=104&trinum=12,,sha256:7a5bd8c60b22df22b77c8ab3a0b5d6bf24d93511a01f971d169cd3c5f236312b,verified,unverified,,
BVH-000292,cmu_104_12_00231_mirror,cmu_104_12_00231_mirror.bvh,cmu:104_12,CMU,cmu_motion_capture_database,104,,12,ExcitedWalk,104_12.amc,,231,unknown,120,,,"[{""status"":""inferred"",""type"":""extract_frame""},{""status"":""paired_member_present"",""type"":""mirror""}]",https://mocap.cs.cmu.edu/search.php?subjectnumber=104&trinum=12,,sha256:7a5bd8c60b22df22b77c8ab3a0b5d6bf24d93511a01f971d169cd3c5f236312b,verified,derived_mirror,,
BVH-000293,cmu_104_14_00361,cmu_104_14_00361.bvh,cmu:104_14,CMU,cmu_motion_capture_database,104,,14,HappyStartWalk,104_14.amc,,361,unknown,120,,,"[{""status"":""inferred"",""type"":""extract_frame""}]",https://mocap.cs.cmu.edu/search.php?subjectnumber=104&trinum=14,,sha256:7a5bd8c60b22df22b77c8ab3a0b5d6bf24d93511a01f971d169cd3c5f236312b,verified,unverified,,
BVH-000294,cmu_104_14_00361_mirror,cmu_104_14_00361_mirror.bvh,cmu:104_14,CMU,cmu_motion_capture_database,104,,14,HappyStartWalk,104_14.amc,,361,unknown,120,,,"[{""status"":""inferred"",""type"":""extract_frame""},{""status"":""paired_member_present"",""type"":""mirror""}]",https://mocap.cs.cmu.edu/search.php?subjectnumber=104&trinum=14,,sha256:7a5bd8c60b22df22b77c8ab3a0b5d6bf24d93511a01f971d169cd3c5f236312b,verified,derived_mirror,,
BVH-000295,cmu_104_14_00636,cmu_104_14_00636.bvh,cmu:104_14,CMU,cmu_motion_capture_database,104,,14,HappyStartWalk,104_14.amc,,636,unknown,120,,,"[{""status"":""inferred"",""type"":""extract_frame""}]",https://mocap.cs.cmu.edu/search.php?subjectnumber=104&trinum=14,,sha256:7a5bd8c60b22df22b77c8ab3a0b5d6bf24d93511a01f971d169cd3c5f236312b,verified,unverified,,
BVH-000296,cmu_104_14_00636_mirror,cmu_104_14_00636_mirror.bvh,cmu:104_14,CMU,cmu_motion_capture_database,104,,14,HappyStartWalk,104_14.amc,,636,unknown,120,,,"[{""status"":""inferred"",""type"":""extract_frame""},{""status"":""paired_member_present"",""type"":""mirror""}]",https://mocap.cs.cmu.edu/search.php?subjectnumber=104&trinum=14,,sha256:7a5bd8c60b22df22b77c8ab3a0b5d6bf24d93511a01f971d169cd3c5f236312b,verified,derived_mirror,,
BVH-000297,cmu_104_16_00006,cmu_104_16_00006.bvh,cmu:104_16,CMU,cmu_motion_capture_database,104,,16,SpasticWalk,104_16.amc,,6,unknown,120,,,"[{""status"":""inferred"",""type"":""extract_frame""}]",https://mocap.cs.cmu.edu/search.php?subjectnumber=104&trinum=16,,sha256:7a5bd8c60b22df22b77c8ab3a0b5d6bf24d93511a01f971d169cd3c5f236312b,verified,unverified,,
BVH-000298,cmu_104_16_00006_mirror,cmu_104_16_00006_mirror.bvh,cmu:104_16,CMU,cmu_motion_capture_database,104,,16,SpasticWalk,104_16.amc,,6,unknown,120,,,"[{""status"":""inferred"",""type"":""extract_frame""},{""status"":""paired_member_present"",""type"":""mirror""}]",https://mocap.cs.cmu.edu/search.php?subjectnumber=104&trinum=16,,sha256:7a5bd8c60b22df22b77c8ab3a0b5d6bf24d93511a01f971d169cd3c5f236312b,verified,derived_mirror,,
BVH-000299,cmu_104_18_00123,cmu_104_18_00123.bvh,cmu:104_18,CMU,cmu_motion_capture_database,104,,18,SpasticStop,104_18.amc,,123,unknown,120,,,"[{""status"":""inferred"",""type"":""extract_frame""}]",https://mocap.cs.cmu.edu/search.php?subjectnumber=104&trinum=18,,sha256:7a5bd8c60b22df22b77c8ab3a0b5d6bf24d93511a01f971d169cd3c5f236312b,verified,unverified,,
BVH-000300,cmu_104_18_00123_mirror,cmu_104_18_00123_mirror.bvh,cmu:104_18,CMU,cmu_motion_capture_database,104,,18,SpasticStop,104_18.amc,,123,unknown,120,,,"[{""status"":""inferred"",""type"":""extract_frame""},{""status"":""paired_member_present"",""type"":""mirror""}]",https://mocap.cs.cmu.edu/search.php?subjectnumber=104&trinum=18,,sha256:7a5bd8c60b22df22b77c8ab3a0b5d6bf24d93511a01f971d169cd3c5f236312b,verified,derived_mirror,,
BVH-000301,cmu_104_26_00785,cmu_104_26_00785.bvh,cmu:104_26,CMU,cmu_motion_capture_database,104,,26,,104_26.amc,,785,unknown,120,,,"[{""status"":""inferred"",""type"":""extract_frame""}]",https://mocap.cs.cmu.edu/search.php?subjectnumber=104&trinum=26,,sha256:7a5bd8c60b22df22b77c8ab3a0b5d6bf24d93511a01f971d169cd3c5f236312b,verified,unverified,,
BVH-000302,cmu_104_26_00785_mirror,cmu_104_26_00785_mirror.bvh,cmu:104_26,CMU,cmu_motion_capture_database,104,,26,,104_26.amc,,785,unknown,120,,,"[{""status"":""inferred"",""type"":""extract_frame""},{""status"":""paired_member_present"",""type"":""mirror""}]",https://mocap.cs.cmu.edu/search.php?subjectnumber=104&trinum=26,,sha256:7a5bd8c60b22df22b77c8ab3a0b5d6bf24d93511a01f971d169cd3c5f236312b,verified,derived_mirror,,
BVH-000303,cmu_104_31_00998,cmu_104_31_00998.bvh,cmu:104_31,CMU,cmu_motion_capture_database,104,,31,,104_31.amc,,998,unknown,120,,,"[{""status"":""inferred"",""type"":""extract_frame""}]",https://mocap.cs.cmu.edu/search.php?subjectnumber=104&trinum=31,,sha256:7a5bd8c60b22df22b77c8ab3a0b5d6bf24d93511a01f971d169cd3c5f236312b,verified,unverified,,
BVH-000304,cmu_104_31_00998_mirror,cmu_104_31_00998_mirror.bvh,cmu:104_31,CMU,cmu_motion_capture_database,104,,31,,104_31.amc,,998,unknown,120,,,"[{""status"":""inferred"",""type"":""extract_frame""},{""status"":""paired_member_present"",""type"":""mirror""}]",https://mocap.cs.cmu.edu/search.php?subjectnumber=104&trinum=31,,sha256:7a5bd8c60b22df22b77c8ab3a0b5d6bf24d93511a01f971d169cd3c5f236312b,verified,derived_mirror,,
BVH-000305,cmu_105_07_00948,cmu_105_07_00948.bvh,cmu:105_07,CMU,cmu_motion_capture_database,105,,07,mummy8,105_07.amc,,948,unknown,120,,,"[{""status"":""inferred"",""type"":""extract_frame""}]",https://mocap.cs.cmu.edu/search.php?subjectnumber=105&trinum=7,,sha256:7a5bd8c60b22df22b77c8ab3a0b5d6bf24d93511a01f971d169cd3c5f236312b,verified,unverified,,
BVH-000306,cmu_105_07_00948_mirror,cmu_105_07_00948_mirror.bvh,cmu:105_07,CMU,cmu_motion_capture_database,105,,07,mummy8,105_07.amc,,948,unknown,120,,,"[{""status"":""inferred"",""type"":""extract_frame""},{""status"":""paired_member_present"",""type"":""mirror""}]",https://mocap.cs.cmu.edu/search.php?subjectnumber=105&trinum=7,,sha256:7a5bd8c60b22df22b77c8ab3a0b5d6bf24d93511a01f971d169cd3c5f236312b,verified,derived_mirror,,
BVH-000307,cmu_105_15_02459,cmu_105_15_02459.bvh,cmu:105_15,CMU,cmu_motion_capture_database,105,,15,ClumsyWalk,105_15.amc,,2459,unknown,120,,,"[{""status"":""inferred"",""type"":""extract_frame""}]",https://mocap.cs.cmu.edu/search.php?subjectnumber=105&trinum=15,,sha256:7a5bd8c60b22df22b77c8ab3a0b5d6bf24d93511a01f971d169cd3c5f236312b,verified,unverified,,
BVH-000308,cmu_105_15_02459_mirror,cmu_105_15_02459_mirror.bvh,cmu:105_15,CMU,cmu_motion_capture_database,105,,15,ClumsyWalk,105_15.amc,,2459,unknown,120,,,"[{""status"":""inferred"",""type"":""extract_frame""},{""status"":""paired_member_present"",""type"":""mirror""}]",https://mocap.cs.cmu.edu/search.php?subjectnumber=105&trinum=15,,sha256:7a5bd8c60b22df22b77c8ab3a0b5d6bf24d93511a01f971d169cd3c5f236312b,verified,derived_mirror,,
BVH-000309,cmu_106_14_00353,cmu_106_14_00353.bvh,cmu:106_14,CMU,cmu_motion_capture_database,106,,14,clean,106_14.amc,,353,unknown,120,,,"[{""status"":""inferred"",""type"":""extract_frame""}]",https://mocap.cs.cmu.edu/search.php?subjectnumber=106&trinum=14,,sha256:7a5bd8c60b22df22b77c8ab3a0b5d6bf24d93511a01f971d169cd3c5f236312b,verified,unverified,,
BVH-000310,cmu_106_14_00353_mirror,cmu_106_14_00353_mirror.bvh,cmu:106_14,CMU,cmu_motion_capture_database,106,,14,clean,106_14.amc,,353,unknown,120,,,"[{""status"":""inferred"",""type"":""extract_frame""},{""status"":""paired_member_present"",""type"":""mirror""}]",https://mocap.cs.cmu.edu/search.php?subjectnumber=106&trinum=14,,sha256:7a5bd8c60b22df22b77c8ab3a0b5d6bf24d93511a01f971d169cd3c5f236312b,verified,derived_mirror,,
BVH-000311,cmu_106_15_00998,cmu_106_15_00998.bvh,cmu:106_15,CMU,cmu_motion_capture_database,106,,15,,106_15.amc,,998,unknown,120,,,"[{""status"":""inferred"",""type"":""extract_frame""}]",https://mocap.cs.cmu.edu/search.php?subjectnumber=106&trinum=15,,sha256:7a5bd8c60b22df22b77c8ab3a0b5d6bf24d93511a01f971d169cd3c5f236312b,verified,unverified,,
BVH-000312,cmu_106_15_00998_mirror,cmu_106_15_00998_mirror.bvh,cmu:106_15,CMU,cmu_motion_capture_database,106,,15,,106_15.amc,,998,unknown,120,,,"[{""status"":""inferred"",""type"":""extract_frame""},{""status"":""paired_member_present"",""type"":""mirror""}]",https://mocap.cs.cmu.edu/search.php?subjectnumber=106&trinum=15,,sha256:7a5bd8c60b22df22b77c8ab3a0b5d6bf24d93511a01f971d169cd3c5f236312b,verified,derived_mirror,,
BVH-000313,cmu_106_33_00194,cmu_106_33_00194.bvh,cmu:106_33,CMU,cmu_motion_capture_database,106,,33,clean,106_33.amc,,194,unknown,120,,,"[{""status"":""inferred"",""type"":""extract_frame""}]",https://mocap.cs.cmu.edu/search.php?subjectnumber=106&trinum=33,,sha256:7a5bd8c60b22df22b77c8ab3a0b5d6bf24d93511a01f971d169cd3c5f236312b,verified,unverified,,
BVH-000314,cmu_106_33_00194_mirror,cmu_106_33_00194_mirror.bvh,cmu:106_33,CMU,cmu_motion_capture_database,106,,33,clean,106_33.amc,,194,unknown,120,,,"[{""status"":""inferred"",""type"":""extract_frame""},{""status"":""paired_member_present"",""type"":""mirror""}]",https://mocap.cs.cmu.edu/search.php?subjectnumber=106&trinum=33,,sha256:7a5bd8c60b22df22b77c8ab3a0b5d6bf24d93511a01f971d169cd3c5f236312b,verified,derived_mirror,,
BVH-000315,cmu_107_09_00281,cmu_107_09_00281.bvh,cmu:107_09,CMU,cmu_motion_capture_database,107,,09,,107_09.amc,,281,unknown,120,,,"[{""status"":""inferred"",""type"":""extract_frame""}]",https://mocap.cs.cmu.edu/search.php?subjectnumber=107&trinum=9,,sha256:7a5bd8c60b22df22b77c8ab3a0b5d6bf24d93511a01f971d169cd3c5f236312b,verified,unverified,,
BVH-000316,cmu_107_09_00281_mirror,cmu_107_09_00281_mirror.bvh,cmu:107_09,CMU,cmu_motion_capture_database,107,,09,,107_09.amc,,281,unknown,120,,,"[{""status"":""inferred"",""type"":""extract_frame""},{""status"":""paired_member_present"",""type"":""mirror""}]",https://mocap.cs.cmu.edu/search.php?subjectnumber=107&trinum=9,,sha256:7a5bd8c60b22df22b77c8ab3a0b5d6bf24d93511a01f971d169cd3c5f236312b,verified,derived_mirror,,
BVH-000317,cmu_108_19_00150,cmu_108_19_00150.bvh,cmu:108_19,CMU,cmu_motion_capture_database,108,,19,,108_19.amc,,150,unknown,120,,,"[{""status"":""inferred"",""type"":""extract_frame""}]",https://mocap.cs.cmu.edu/search.php?subjectnumber=108&trinum=19,,sha256:7a5bd8c60b22df22b77c8ab3a0b5d6bf24d93511a01f971d169cd3c5f236312b,verified,unverified,,
BVH-000318,cmu_108_19_00150_mirror,cmu_108_19_00150_mirror.bvh,cmu:108_19,CMU,cmu_motion_capture_database,108,,19,,108_19.amc,,150,unknown,120,,,"[{""status"":""inferred"",""type"":""extract_frame""},{""status"":""paired_member_present"",""type"":""mirror""}]",https://mocap.cs.cmu.edu/search.php?subjectnumber=108&trinum=19,,sha256:7a5bd8c60b22df22b77c8ab3a0b5d6bf24d93511a01f971d169cd3c5f236312b,verified,derived_mirror,,
BVH-000319,cmu_108_20_00136,cmu_108_20_00136.bvh,cmu:108_20,CMU,cmu_motion_capture_database,108,,20,,108_20.amc,,136,unknown,120,,,"[{""status"":""inferred"",""type"":""extract_frame""}]",https://mocap.cs.cmu.edu/search.php?subjectnumber=108&trinum=20,,sha256:7a5bd8c60b22df22b77c8ab3a0b5d6bf24d93511a01f971d169cd3c5f236312b,verified,unverified,,
BVH-000320,cmu_108_20_00136_mirror,cmu_108_20_00136_mirror.bvh,cmu:108_20,CMU,cmu_motion_capture_database,108,,20,,108_20.amc,,136,unknown,120,,,"[{""status"":""inferred"",""type"":""extract_frame""},{""status"":""paired_member_present"",""type"":""mirror""}]",https://mocap.cs.cmu.edu/search.php?subjectnumber=108&trinum=20,,sha256:7a5bd8c60b22df22b77c8ab3a0b5d6bf24d93511a01f971d169cd3c5f236312b,verified,derived_mirror,,
BVH-000321,cmu_108_21_00212,cmu_108_21_00212.bvh,cmu:108_21,CMU,cmu_motion_capture_database,108,,21,,108_21.amc,,212,unknown,120,,,"[{""status"":""inferred"",""type"":""extract_frame""}]",https://mocap.cs.cmu.edu/search.php?subjectnumber=108&trinum=21,,sha256:7a5bd8c60b22df22b77c8ab3a0b5d6bf24d93511a01f971d169cd3c5f236312b,verified,unverified,,
BVH-000322,cmu_108_21_00212_mirror,cmu_108_21_00212_mirror.bvh,cmu:108_21,CMU,cmu_motion_capture_database,108,,21,,108_21.amc,,212,unknown,120,,,"[{""status"":""inferred"",""type"":""extract_frame""},{""status"":""paired_member_present"",""type"":""mirror""}]",https://mocap.cs.cmu.edu/search.php?subjectnumber=108&trinum=21,,sha256:7a5bd8c60b22df22b77c8ab3a0b5d6bf24d93511a01f971d169cd3c5f236312b,verified,derived_mirror,,
BVH-000323,cmu_111_07_00040,cmu_111_07_00040.bvh,cmu:111_07,CMU,cmu_motion_capture_database,111,,07,Get up from floor,111_07.amc,,40,unknown,120,,,"[{""status"":""inferred"",""type"":""extract_frame""}]",https://mocap.cs.cmu.edu/search.php?subjectnumber=111&trinum=7,,sha256:7a5bd8c60b22df22b77c8ab3a0b5d6bf24d93511a01f971d169cd3c5f236312b,verified,unverified,,
BVH-000324,cmu_111_07_00040_mirror,cmu_111_07_00040_mirror.bvh,cmu:111_07,CMU,cmu_motion_capture_database,111,,07,Get up from floor,111_07.amc,,40,unknown,120,,,"[{""status"":""inferred"",""type"":""extract_frame""},{""status"":""paired_member_present"",""type"":""mirror""}]",https://mocap.cs.cmu.edu/search.php?subjectnumber=111&trinum=7,,sha256:7a5bd8c60b22df22b77c8ab3a0b5d6bf24d93511a01f971d169cd3c5f236312b,verified,derived_mirror,,
BVH-000325,cmu_111_22_02658,cmu_111_22_02658.bvh,cmu:111_22,CMU,cmu_motion_capture_database,111,,22,Range of motion,111_22.amc,,2658,unknown,120,,,"[{""status"":""inferred"",""type"":""extract_frame""}]",https://mocap.cs.cmu.edu/search.php?subjectnumber=111&trinum=22,,sha256:7a5bd8c60b22df22b77c8ab3a0b5d6bf24d93511a01f971d169cd3c5f236312b,verified,unverified,,
BVH-000326,cmu_111_22_02658_mirror,cmu_111_22_02658_mirror.bvh,cmu:111_22,CMU,cmu_motion_capture_database,111,,22,Range of motion,111_22.amc,,2658,unknown,120,,,"[{""status"":""inferred"",""type"":""extract_frame""},{""status"":""paired_member_present"",""type"":""mirror""}]",https://mocap.cs.cmu.edu/search.php?subjectnumber=111&trinum=22,,sha256:7a5bd8c60b22df22b77c8ab3a0b5d6bf24d93511a01f971d169cd3c5f236312b,verified,derived_mirror,,
BVH-000327,cmu_113_13_00998,cmu_113_13_00998.bvh,cmu:113_13,CMU,cmu_motion_capture_database,113,,13,Punch and kick,113_13.amc,,998,unknown,120,,,"[{""status"":""inferred"",""type"":""extract_frame""}]",https://mocap.cs.cmu.edu/search.php?subjectnumber=113&trinum=13,,sha256:7a5bd8c60b22df22b77c8ab3a0b5d6bf24d93511a01f971d169cd3c5f236312b,verified,unverified,,
BVH-000328,cmu_113_13_00998_mirror,cmu_113_13_00998_mirror.bvh,cmu:113_13,CMU,cmu_motion_capture_database,113,,13,Punch and kick,113_13.amc,,998,unknown,120,,,"[{""status"":""inferred"",""type"":""extract_frame""},{""status"":""paired_member_present"",""type"":""mirror""}]",https://mocap.cs.cmu.edu/search.php?subjectnumber=113&trinum=13,,sha256:7a5bd8c60b22df22b77c8ab3a0b5d6bf24d93511a01f971d169cd3c5f236312b,verified,derived_mirror,,
BVH-000329,cmu_113_29_02878_ground,cmu_113_29_02878_ground.bvh,cmu:113_29,CMU,cmu_motion_capture_database,113,,29,Yoga,113_29.amc,,2878,unknown,120,,,"[{""status"":""inferred"",""type"":""extract_frame""},{""status"":""filename_inferred"",""type"":""ground""}]",https://mocap.cs.cmu.edu/search.php?subjectnumber=113&trinum=29,,sha256:7a5bd8c60b22df22b77c8ab3a0b5d6bf24d93511a01f971d169cd3c5f236312b,verified,unverified,,
BVH-000330,cmu_113_29_02878_ground_mirror,cmu_113_29_02878_ground_mirror.bvh,cmu:113_29,CMU,cmu_motion_capture_database,113,,29,Yoga,113_29.amc,,2878,unknown,120,,,"[{""status"":""inferred"",""type"":""extract_frame""},{""status"":""filename_inferred"",""type"":""ground""},{""status"":""paired_member_present"",""type"":""mirror""}]",https://mocap.cs.cmu.edu/search.php?subjectnumber=113&trinum=29,,sha256:7a5bd8c60b22df22b77c8ab3a0b5d6bf24d93511a01f971d169cd3c5f236312b,verified,derived_mirror,,
BVH-000331,cmu_113_29_03764_ground,cmu_113_29_03764_ground.bvh,cmu:113_29,CMU,cmu_motion_capture_database,113,,29,Yoga,113_29.amc,,3764,unknown,120,,,"[{""status"":""inferred"",""type"":""extract_frame""},{""status"":""filename_inferred"",""type"":""ground""}]",https://mocap.cs.cmu.edu/search.php?subjectnumber=113&trinum=29,,sha256:7a5bd8c60b22df22b77c8ab3a0b5d6bf24d93511a01f971d169cd3c5f236312b,verified,unverified,,
BVH-000332,cmu_113_29_03764_ground_mirror,cmu_113_29_03764_ground_mirror.bvh,cmu:113_29,CMU,cmu_motion_capture_database,113,,29,Yoga,113_29.amc,,3764,unknown,120,,,"[{""status"":""inferred"",""type"":""extract_frame""},{""status"":""filename_inferred"",""type"":""ground""},{""status"":""paired_member_present"",""type"":""mirror""}]",https://mocap.cs.cmu.edu/search.php?subjectnumber=113&trinum=29,,sha256:7a5bd8c60b22df22b77c8ab3a0b5d6bf24d93511a01f971d169cd3c5f236312b,verified,derived_mirror,,
BVH-000333,cmu_117_01_00665,cmu_117_01_00665.bvh,cmu:117_01,CMU,cmu_motion_capture_database,117,,01,,,,665,unknown,,,,"[{""status"":""inferred"",""type"":""extract_frame""}]",https://mocap.cs.cmu.edu/search.php?subjectnumber=117&trinum=1,,sha256:7a5bd8c60b22df22b77c8ab3a0b5d6bf24d93511a01f971d169cd3c5f236312b,not_found_in_snapshot,unverified,,
BVH-000334,cmu_117_01_00665_mirror,cmu_117_01_00665_mirror.bvh,cmu:117_01,CMU,cmu_motion_capture_database,117,,01,,,,665,unknown,,,,"[{""status"":""inferred"",""type"":""extract_frame""},{""status"":""paired_member_present"",""type"":""mirror""}]",https://mocap.cs.cmu.edu/search.php?subjectnumber=117&trinum=1,,sha256:7a5bd8c60b22df22b77c8ab3a0b5d6bf24d93511a01f971d169cd3c5f236312b,not_found_in_snapshot,derived_mirror,,
BVH-000335,cmu_117_04_00589,cmu_117_04_00589.bvh,cmu:117_04,CMU,cmu_motion_capture_database,117,,04,,,,589,unknown,,,,"[{""status"":""inferred"",""type"":""extract_frame""}]",https://mocap.cs.cmu.edu/search.php?subjectnumber=117&trinum=4,,sha256:7a5bd8c60b22df22b77c8ab3a0b5d6bf24d93511a01f971d169cd3c5f236312b,not_found_in_snapshot,unverified,,
BVH-000336,cmu_117_04_00589_mirror,cmu_117_04_00589_mirror.bvh,cmu:117_04,CMU,cmu_motion_capture_database,117,,04,,,,589,unknown,,,,"[{""status"":""inferred"",""type"":""extract_frame""},{""status"":""paired_member_present"",""type"":""mirror""}]",https://mocap.cs.cmu.edu/search.php?subjectnumber=117&trinum=4,,sha256:7a5bd8c60b22df22b77c8ab3a0b5d6bf24d93511a01f971d169cd3c5f236312b,not_found_in_snapshot,derived_mirror,,
BVH-000337,cmu_117_04_02030,cmu_117_04_02030.bvh,cmu:117_04,CMU,cmu_motion_capture_database,117,,04,,,,2030,unknown,,,,"[{""status"":""inferred"",""type"":""extract_frame""}]",https://mocap.cs.cmu.edu/search.php?subjectnumber=117&trinum=4,,sha256:7a5bd8c60b22df22b77c8ab3a0b5d6bf24d93511a01f971d169cd3c5f236312b,not_found_in_snapshot,unverified,,
BVH-000338,cmu_117_04_02030_mirror,cmu_117_04_02030_mirror.bvh,cmu:117_04,CMU,cmu_motion_capture_database,117,,04,,,,2030,unknown,,,,"[{""status"":""inferred"",""type"":""extract_frame""},{""status"":""paired_member_present"",""type"":""mirror""}]",https://mocap.cs.cmu.edu/search.php?subjectnumber=117&trinum=4,,sha256:7a5bd8c60b22df22b77c8ab3a0b5d6bf24d93511a01f971d169cd3c5f236312b,not_found_in_snapshot,derived_mirror,,
BVH-000339,cmu_117_05_01382_ground,cmu_117_05_01382_ground.bvh,cmu:117_05,CMU,cmu_motion_capture_database,117,,05,,,,1382,unknown,,,,"[{""status"":""inferred"",""type"":""extract_frame""},{""status"":""filename_inferred"",""type"":""ground""}]",https://mocap.cs.cmu.edu/search.php?subjectnumber=117&trinum=5,,sha256:7a5bd8c60b22df22b77c8ab3a0b5d6bf24d93511a01f971d169cd3c5f236312b,not_found_in_snapshot,unverified,,
BVH-000340,cmu_117_05_01382_ground_mirror,cmu_117_05_01382_ground_mirror.bvh,cmu:117_05,CMU,cmu_motion_capture_database,117,,05,,,,1382,unknown,,,,"[{""status"":""inferred"",""type"":""extract_frame""},{""status"":""filename_inferred"",""type"":""ground""},{""status"":""paired_member_present"",""type"":""mirror""}]",https://mocap.cs.cmu.edu/search.php?subjectnumber=117&trinum=5,,sha256:7a5bd8c60b22df22b77c8ab3a0b5d6bf24d93511a01f971d169cd3c5f236312b,not_found_in_snapshot,derived_mirror,,
BVH-000341,cmu_117_07_00590,cmu_117_07_00590.bvh,cmu:117_07,CMU,cmu_motion_capture_database,117,,07,,,,590,unknown,,,,"[{""status"":""inferred"",""type"":""extract_frame""}]",https://mocap.cs.cmu.edu/search.php?subjectnumber=117&trinum=7,,sha256:7a5bd8c60b22df22b77c8ab3a0b5d6bf24d93511a01f971d169cd3c5f236312b,not_found_in_snapshot,unverified,,
BVH-000342,cmu_117_07_00590_mirror,cmu_117_07_00590_mirror.bvh,cmu:117_07,CMU,cmu_motion_capture_database,117,,07,,,,590,unknown,,,,"[{""status"":""inferred"",""type"":""extract_frame""},{""status"":""paired_member_present"",""type"":""mirror""}]",https://mocap.cs.cmu.edu/search.php?subjectnumber=117&trinum=7,,sha256:7a5bd8c60b22df22b77c8ab3a0b5d6bf24d93511a01f971d169cd3c5f236312b,not_found_in_snapshot,derived_mirror,,
BVH-000343,cmu_117_08_00677_ground,cmu_117_08_00677_ground.bvh,cmu:117_08,CMU,cmu_motion_capture_database,117,,08,,,,677,unknown,,,,"[{""status"":""inferred"",""type"":""extract_frame""},{""status"":""filename_inferred"",""type"":""ground""}]",https://mocap.cs.cmu.edu/search.php?subjectnumber=117&trinum=8,,sha256:7a5bd8c60b22df22b77c8ab3a0b5d6bf24d93511a01f971d169cd3c5f236312b,not_found_in_snapshot,unverified,,
BVH-000344,cmu_117_08_00677_ground_mirror,cmu_117_08_00677_ground_mirror.bvh,cmu:117_08,CMU,cmu_motion_capture_database,117,,08,,,,677,unknown,,,,"[{""status"":""inferred"",""type"":""extract_frame""},{""status"":""filename_inferred"",""type"":""ground""},{""status"":""paired_member_present"",""type"":""mirror""}]",https://mocap.cs.cmu.edu/search.php?subjectnumber=117&trinum=8,,sha256:7a5bd8c60b22df22b77c8ab3a0b5d6bf24d93511a01f971d169cd3c5f236312b,not_found_in_snapshot,derived_mirror,,
BVH-000345,cmu_117_10_00516_ground,cmu_117_10_00516_ground.bvh,cmu:117_10,CMU,cmu_motion_capture_database,117,,10,,,,516,unknown,,,,"[{""status"":""inferred"",""type"":""extract_frame""},{""status"":""filename_inferred"",""type"":""ground""}]",https://mocap.cs.cmu.edu/search.php?subjectnumber=117&trinum=10,,sha256:7a5bd8c60b22df22b77c8ab3a0b5d6bf24d93511a01f971d169cd3c5f236312b,not_found_in_snapshot,unverified,,
BVH-000346,cmu_117_10_00516_ground_mirror,cmu_117_10_00516_ground_mirror.bvh,cmu:117_10,CMU,cmu_motion_capture_database,117,,10,,,,516,unknown,,,,"[{""status"":""inferred"",""type"":""extract_frame""},{""status"":""filename_inferred"",""type"":""ground""},{""status"":""paired_member_present"",""type"":""mirror""}]",https://mocap.cs.cmu.edu/search.php?subjectnumber=117&trinum=10,,sha256:7a5bd8c60b22df22b77c8ab3a0b5d6bf24d93511a01f971d169cd3c5f236312b,not_found_in_snapshot,derived_mirror,,
BVH-000347,cmu_117_12_01268,cmu_117_12_01268.bvh,cmu:117_12,CMU,cmu_motion_capture_database,117,,12,,,,1268,unknown,,,,"[{""status"":""inferred"",""type"":""extract_frame""}]",https://mocap.cs.cmu.edu/search.php?subjectnumber=117&trinum=12,,sha256:7a5bd8c60b22df22b77c8ab3a0b5d6bf24d93511a01f971d169cd3c5f236312b,not_found_in_snapshot,unverified,,
BVH-000348,cmu_117_12_01268_mirror,cmu_117_12_01268_mirror.bvh,cmu:117_12,CMU,cmu_motion_capture_database,117,,12,,,,1268,unknown,,,,"[{""status"":""inferred"",""type"":""extract_frame""},{""status"":""paired_member_present"",""type"":""mirror""}]",https://mocap.cs.cmu.edu/search.php?subjectnumber=117&trinum=12,,sha256:7a5bd8c60b22df22b77c8ab3a0b5d6bf24d93511a01f971d169cd3c5f236312b,not_found_in_snapshot,derived_mirror,,
BVH-000349,cmu_117_13_01149,cmu_117_13_01149.bvh,cmu:117_13,CMU,cmu_motion_capture_database,117,,13,,,,1149,unknown,,,,"[{""status"":""inferred"",""type"":""extract_frame""}]",https://mocap.cs.cmu.edu/search.php?subjectnumber=117&trinum=13,,sha256:7a5bd8c60b22df22b77c8ab3a0b5d6bf24d93511a01f971d169cd3c5f236312b,not_found_in_snapshot,unverified,,
BVH-000350,cmu_117_13_01149_mirror,cmu_117_13_01149_mirror.bvh,cmu:117_13,CMU,cmu_motion_capture_database,117,,13,,,,1149,unknown,,,,"[{""status"":""inferred"",""type"":""extract_frame""},{""status"":""paired_member_present"",""type"":""mirror""}]",https://mocap.cs.cmu.edu/search.php?subjectnumber=117&trinum=13,,sha256:7a5bd8c60b22df22b77c8ab3a0b5d6bf24d93511a01f971d169cd3c5f236312b,not_found_in_snapshot,derived_mirror,,
BVH-000351,cmu_117_14_01598,cmu_117_14_01598.bvh,cmu:117_14,CMU,cmu_motion_capture_database,117,,14,,,,1598,unknown,,,,"[{""status"":""inferred"",""type"":""extract_frame""}]",https://mocap.cs.cmu.edu/search.php?subjectnumber=117&trinum=14,,sha256:7a5bd8c60b22df22b77c8ab3a0b5d6bf24d93511a01f971d169cd3c5f236312b,not_found_in_snapshot,unverified,,
BVH-000352,cmu_117_14_01598_mirror,cmu_117_14_01598_mirror.bvh,cmu:117_14,CMU,cmu_motion_capture_database,117,,14,,,,1598,unknown,,,,"[{""status"":""inferred"",""type"":""extract_frame""},{""status"":""paired_member_present"",""type"":""mirror""}]",https://mocap.cs.cmu.edu/search.php?subjectnumber=117&trinum=14,,sha256:7a5bd8c60b22df22b77c8ab3a0b5d6bf24d93511a01f971d169cd3c5f236312b,not_found_in_snapshot,derived_mirror,,
BVH-000353,cmu_117_15_00713,cmu_117_15_00713.bvh,cmu:117_15,CMU,cmu_motion_capture_database,117,,15,,,,713,unknown,,,,"[{""status"":""inferred"",""type"":""extract_frame""}]",https://mocap.cs.cmu.edu/search.php?subjectnumber=117&trinum=15,,sha256:7a5bd8c60b22df22b77c8ab3a0b5d6bf24d93511a01f971d169cd3c5f236312b,not_found_in_snapshot,unverified,,
BVH-000354,cmu_117_15_00713_mirror,cmu_117_15_00713_mirror.bvh,cmu:117_15,CMU,cmu_motion_capture_database,117,,15,,,,713,unknown,,,,"[{""status"":""inferred"",""type"":""extract_frame""},{""status"":""paired_member_present"",""type"":""mirror""}]",https://mocap.cs.cmu.edu/search.php?subjectnumber=117&trinum=15,,sha256:7a5bd8c60b22df22b77c8ab3a0b5d6bf24d93511a01f971d169cd3c5f236312b,not_found_in_snapshot,derived_mirror,,
BVH-000355,cmu_11_01_00389,cmu_11_01_00389.bvh,cmu:11_01,CMU,cmu_motion_capture_database,11,,01,soccer - kick ball,11_01.amc,,389,unknown,120,,,"[{""status"":""inferred"",""type"":""extract_frame""}]",https://mocap.cs.cmu.edu/search.php?subjectnumber=11&trinum=1,,sha256:7a5bd8c60b22df22b77c8ab3a0b5d6bf24d93511a01f971d169cd3c5f236312b,verified,unverified,,
BVH-000356,cmu_11_01_00389_mirror,cmu_11_01_00389_mirror.bvh,cmu:11_01,CMU,cmu_motion_capture_database,11,,01,soccer - kick ball,11_01.amc,,389,unknown,120,,,"[{""status"":""inferred"",""type"":""extract_frame""},{""status"":""paired_member_present"",""type"":""mirror""}]",https://mocap.cs.cmu.edu/search.php?subjectnumber=11&trinum=1,,sha256:7a5bd8c60b22df22b77c8ab3a0b5d6bf24d93511a01f971d169cd3c5f236312b,verified,derived_mirror,,
BVH-000357,cmu_11_01_00438,cmu_11_01_00438.bvh,cmu:11_01,CMU,cmu_motion_capture_database,11,,01,soccer - kick ball,11_01.amc,,438,unknown,120,,,"[{""status"":""inferred"",""type"":""extract_frame""}]",https://mocap.cs.cmu.edu/search.php?subjectnumber=11&trinum=1,,sha256:7a5bd8c60b22df22b77c8ab3a0b5d6bf24d93511a01f971d169cd3c5f236312b,verified,unverified,,
BVH-000358,cmu_11_01_00438_mirror,cmu_11_01_00438_mirror.bvh,cmu:11_01,CMU,cmu_motion_capture_database,11,,01,soccer - kick ball,11_01.amc,,438,unknown,120,,,"[{""status"":""inferred"",""type"":""extract_frame""},{""status"":""paired_member_present"",""type"":""mirror""}]",https://mocap.cs.cmu.edu/search.php?subjectnumber=11&trinum=1,,sha256:7a5bd8c60b22df22b77c8ab3a0b5d6bf24d93511a01f971d169cd3c5f236312b,verified,derived_mirror,,
BVH-000359,cmu_120_02_00767,cmu_120_02_00767.bvh,cmu:120_02,CMU,cmu_motion_capture_database,120,,02,Gorilla,120_02.amc,,767,unknown,120,,,"[{""status"":""inferred"",""type"":""extract_frame""}]",https://mocap.cs.cmu.edu/search.php?subjectnumber=120&trinum=2,,sha256:7a5bd8c60b22df22b77c8ab3a0b5d6bf24d93511a01f971d169cd3c5f236312b,verified,unverified,,
BVH-000360,cmu_120_02_00767_mirror,cmu_120_02_00767_mirror.bvh,cmu:120_02,CMU,cmu_motion_capture_database,120,,02,Gorilla,120_02.amc,,767,unknown,120,,,"[{""status"":""inferred"",""type"":""extract_frame""},{""status"":""paired_member_present"",""type"":""mirror""}]",https://mocap.cs.cmu.edu/search.php?subjectnumber=120&trinum=2,,sha256:7a5bd8c60b22df22b77c8ab3a0b5d6bf24d93511a01f971d169cd3c5f236312b,verified,derived_mirror,,
BVH-000361,cmu_120_03_01126,cmu_120_03_01126.bvh,cmu:120_03,CMU,cmu_motion_capture_database,120,,03,Mickey cast spell,120_03.amc,,1126,unknown,120,,,"[{""status"":""inferred"",""type"":""extract_frame""}]",https://mocap.cs.cmu.edu/search.php?subjectnumber=120&trinum=3,,sha256:7a5bd8c60b22df22b77c8ab3a0b5d6bf24d93511a01f971d169cd3c5f236312b,verified,unverified,,
BVH-000362,cmu_120_03_01126_mirror,cmu_120_03_01126_mirror.bvh,cmu:120_03,CMU,cmu_motion_capture_database,120,,03,Mickey cast spell,120_03.amc,,1126,unknown,120,,,"[{""status"":""inferred"",""type"":""extract_frame""},{""status"":""paired_member_present"",""type"":""mirror""}]",https://mocap.cs.cmu.edu/search.php?subjectnumber=120&trinum=3,,sha256:7a5bd8c60b22df22b77c8ab3a0b5d6bf24d93511a01f971d169cd3c5f236312b,verified,derived_mirror,,
BVH-000363,cmu_120_07_00342,cmu_120_07_00342.bvh,cmu:120_07,CMU,cmu_motion_capture_database,120,,07,Mickey Dance,120_07.amc,,342,unknown,120,,,"[{""status"":""inferred"",""type"":""extract_frame""}]",https://mocap.cs.cmu.edu/search.php?subjectnumber=120&trinum=7,,sha256:7a5bd8c60b22df22b77c8ab3a0b5d6bf24d93511a01f971d169cd3c5f236312b,verified,unverified,,
BVH-000364,cmu_120_07_00342_mirror,cmu_120_07_00342_mirror.bvh,cmu:120_07,CMU,cmu_motion_capture_database,120,,07,Mickey Dance,120_07.amc,,342,unknown,120,,,"[{""status"":""inferred"",""type"":""extract_frame""},{""status"":""paired_member_present"",""type"":""mirror""}]",https://mocap.cs.cmu.edu/search.php?subjectnumber=120&trinum=7,,sha256:7a5bd8c60b22df22b77c8ab3a0b5d6bf24d93511a01f971d169cd3c5f236312b,verified,derived_mirror,,
BVH-000365,cmu_120_15_01130,cmu_120_15_01130.bvh,cmu:120_15,CMU,cmu_motion_capture_database,120,,15,Mickey Surprised,120_15.amc,,1130,unknown,120,,,"[{""status"":""inferred"",""type"":""extract_frame""}]",https://mocap.cs.cmu.edu/search.php?subjectnumber=120&trinum=15,,sha256:7a5bd8c60b22df22b77c8ab3a0b5d6bf24d93511a01f971d169cd3c5f236312b,verified,unverified,,
BVH-000366,cmu_120_15_01130_mirror,cmu_120_15_01130_mirror.bvh,cmu:120_15,CMU,cmu_motion_capture_database,120,,15,Mickey Surprised,120_15.amc,,1130,unknown,120,,,"[{""status"":""inferred"",""type"":""extract_frame""},{""status"":""paired_member_present"",""type"":""mirror""}]",https://mocap.cs.cmu.edu/search.php?subjectnumber=120&trinum=15,,sha256:7a5bd8c60b22df22b77c8ab3a0b5d6bf24d93511a01f971d169cd3c5f236312b,verified,derived_mirror,,
BVH-000367,cmu_120_16_00971,cmu_120_16_00971.bvh,cmu:120_16,CMU,cmu_motion_capture_database,120,,16,Mickey Surprised,120_16.amc,,971,unknown,120,,,"[{""status"":""inferred"",""type"":""extract_frame""}]",https://mocap.cs.cmu.edu/search.php?subjectnumber=120&trinum=16,,sha256:7a5bd8c60b22df22b77c8ab3a0b5d6bf24d93511a01f971d169cd3c5f236312b,verified,unverified,,
BVH-000368,cmu_120_16_00971_mirror,cmu_120_16_00971_mirror.bvh,cmu:120_16,CMU,cmu_motion_capture_database,120,,16,Mickey Surprised,120_16.amc,,971,unknown,120,,,"[{""status"":""inferred"",""type"":""extract_frame""},{""status"":""paired_member_present"",""type"":""mirror""}]",https://mocap.cs.cmu.edu/search.php?subjectnumber=120&trinum=16,,sha256:7a5bd8c60b22df22b77c8ab3a0b5d6bf24d93511a01f971d169cd3c5f236312b,verified,derived_mirror,,
BVH-000369,cmu_121_02_00360,cmu_121_02_00360.bvh,cmu:121_02,CMU,cmu_motion_capture_database,121,,02,,,,360,unknown,,,,"[{""status"":""inferred"",""type"":""extract_frame""}]",https://mocap.cs.cmu.edu/search.php?subjectnumber=121&trinum=2,,sha256:7a5bd8c60b22df22b77c8ab3a0b5d6bf24d93511a01f971d169cd3c5f236312b,not_found_in_snapshot,unverified,,
BVH-000370,cmu_121_02_00360_mirror,cmu_121_02_00360_mirror.bvh,cmu:121_02,CMU,cmu_motion_capture_database,121,,02,,,,360,unknown,,,,"[{""status"":""inferred"",""type"":""extract_frame""},{""status"":""paired_member_present"",""type"":""mirror""}]",https://mocap.cs.cmu.edu/search.php?subjectnumber=121&trinum=2,,sha256:7a5bd8c60b22df22b77c8ab3a0b5d6bf24d93511a01f971d169cd3c5f236312b,not_found_in_snapshot,derived_mirror,,
BVH-000371,cmu_121_07_00711,cmu_121_07_00711.bvh,cmu:121_07,CMU,cmu_motion_capture_database,121,,07,,,,711,unknown,,,,"[{""status"":""inferred"",""type"":""extract_frame""}]",https://mocap.cs.cmu.edu/search.php?subjectnumber=121&trinum=7,,sha256:7a5bd8c60b22df22b77c8ab3a0b5d6bf24d93511a01f971d169cd3c5f236312b,not_found_in_snapshot,unverified,,
BVH-000372,cmu_121_07_00711_mirror,cmu_121_07_00711_mirror.bvh,cmu:121_07,CMU,cmu_motion_capture_database,121,,07,,,,711,unknown,,,,"[{""status"":""inferred"",""type"":""extract_frame""},{""status"":""paired_member_present"",""type"":""mirror""}]",https://mocap.cs.cmu.edu/search.php?subjectnumber=121&trinum=7,,sha256:7a5bd8c60b22df22b77c8ab3a0b5d6bf24d93511a01f971d169cd3c5f236312b,not_found_in_snapshot,derived_mirror,,
BVH-000373,cmu_121_07_00757,cmu_121_07_00757.bvh,cmu:121_07,CMU,cmu_motion_capture_database,121,,07,,,,757,unknown,,,,"[{""status"":""inferred"",""type"":""extract_frame""}]",https://mocap.cs.cmu.edu/search.php?subjectnumber=121&trinum=7,,sha256:7a5bd8c60b22df22b77c8ab3a0b5d6bf24d93511a01f971d169cd3c5f236312b,not_found_in_snapshot,unverified,,
BVH-000374,cmu_121_07_00757_mirror,cmu_121_07_00757_mirror.bvh,cmu:121_07,CMU,cmu_motion_capture_database,121,,07,,,,757,unknown,,,,"[{""status"":""inferred"",""type"":""extract_frame""},{""status"":""paired_member_present"",""type"":""mirror""}]",https://mocap.cs.cmu.edu/search.php?subjectnumber=121&trinum=7,,sha256:7a5bd8c60b22df22b77c8ab3a0b5d6bf24d93511a01f971d169cd3c5f236312b,not_found_in_snapshot,derived_mirror,,
BVH-000375,cmu_121_14_00472,cmu_121_14_00472.bvh,cmu:121_14,CMU,cmu_motion_capture_database,121,,14,,,,472,unknown,,,,"[{""status"":""inferred"",""type"":""extract_frame""}]",https://mocap.cs.cmu.edu/search.php?subjectnumber=121&trinum=14,,sha256:7a5bd8c60b22df22b77c8ab3a0b5d6bf24d93511a01f971d169cd3c5f236312b,not_found_in_snapshot,unverified,,
BVH-000376,cmu_121_14_00472_mirror,cmu_121_14_00472_mirror.bvh,cmu:121_14,CMU,cmu_motion_capture_database,121,,14,,,,472,unknown,,,,"[{""status"":""inferred"",""type"":""extract_frame""},{""status"":""paired_member_present"",""type"":""mirror""}]",https://mocap.cs.cmu.edu/search.php?subjectnumber=121&trinum=14,,sha256:7a5bd8c60b22df22b77c8ab3a0b5d6bf24d93511a01f971d169cd3c5f236312b,not_found_in_snapshot,derived_mirror,,
BVH-000377,cmu_121_15_00457_ground,cmu_121_15_00457_ground.bvh,cmu:121_15,CMU,cmu_motion_capture_database,121,,15,,,,457,unknown,,,,"[{""status"":""inferred"",""type"":""extract_frame""},{""status"":""filename_inferred"",""type"":""ground""}]",https://mocap.cs.cmu.edu/search.php?subjectnumber=121&trinum=15,,sha256:7a5bd8c60b22df22b77c8ab3a0b5d6bf24d93511a01f971d169cd3c5f236312b,not_found_in_snapshot,unverified,,
BVH-000378,cmu_121_15_00457_ground_mirror,cmu_121_15_00457_ground_mirror.bvh,cmu:121_15,CMU,cmu_motion_capture_database,121,,15,,,,457,unknown,,,,"[{""status"":""inferred"",""type"":""extract_frame""},{""status"":""filename_inferred"",""type"":""ground""},{""status"":""paired_member_present"",""type"":""mirror""}]",https://mocap.cs.cmu.edu/search.php?subjectnumber=121&trinum=15,,sha256:7a5bd8c60b22df22b77c8ab3a0b5d6bf24d93511a01f971d169cd3c5f236312b,not_found_in_snapshot,derived_mirror,,
BVH-000379,cmu_121_17_00372,cmu_121_17_00372.bvh,cmu:121_17,CMU,cmu_motion_capture_database,121,,17,,,,372,unknown,,,,"[{""status"":""inferred"",""type"":""extract_frame""}]",https://mocap.cs.cmu.edu/search.php?subjectnumber=121&trinum=17,,sha256:7a5bd8c60b22df22b77c8ab3a0b5d6bf24d93511a01f971d169cd3c5f236312b,not_found_in_snapshot,unverified,,
BVH-000380,cmu_121_17_00372_mirror,cmu_121_17_00372_mirror.bvh,cmu:121_17,CMU,cmu_motion_capture_database,121,,17,,,,372,unknown,,,,"[{""status"":""inferred"",""type"":""extract_frame""},{""status"":""paired_member_present"",""type"":""mirror""}]",https://mocap.cs.cmu.edu/search.php?subjectnumber=121&trinum=17,,sha256:7a5bd8c60b22df22b77c8ab3a0b5d6bf24d93511a01f971d169cd3c5f236312b,not_found_in_snapshot,derived_mirror,,
BVH-000381,cmu_121_25_00908,cmu_121_25_00908.bvh,cmu:121_25,CMU,cmu_motion_capture_database,121,,25,,,,908,unknown,,,,"[{""status"":""inferred"",""type"":""extract_frame""}]",https://mocap.cs.cmu.edu/search.php?subjectnumber=121&trinum=25,,sha256:7a5bd8c60b22df22b77c8ab3a0b5d6bf24d93511a01f971d169cd3c5f236312b,not_found_in_snapshot,unverified,,
BVH-000382,cmu_121_25_00908_mirror,cmu_121_25_00908_mirror.bvh,cmu:121_25,CMU,cmu_motion_capture_database,121,,25,,,,908,unknown,,,,"[{""status"":""inferred"",""type"":""extract_frame""},{""status"":""paired_member_present"",""type"":""mirror""}]",https://mocap.cs.cmu.edu/search.php?subjectnumber=121&trinum=25,,sha256:7a5bd8c60b22df22b77c8ab3a0b5d6bf24d93511a01f971d169cd3c5f236312b,not_found_in_snapshot,derived_mirror,,
BVH-000383,cmu_121_25_01201,cmu_121_25_01201.bvh,cmu:121_25,CMU,cmu_motion_capture_database,121,,25,,,,1201,unknown,,,,"[{""status"":""inferred"",""type"":""extract_frame""}]",https://mocap.cs.cmu.edu/search.php?subjectnumber=121&trinum=25,,sha256:7a5bd8c60b22df22b77c8ab3a0b5d6bf24d93511a01f971d169cd3c5f236312b,not_found_in_snapshot,unverified,,
BVH-000384,cmu_121_25_01201_mirror,cmu_121_25_01201_mirror.bvh,cmu:121_25,CMU,cmu_motion_capture_database,121,,25,,,,1201,unknown,,,,"[{""status"":""inferred"",""type"":""extract_frame""},{""status"":""paired_member_present"",""type"":""mirror""}]",https://mocap.cs.cmu.edu/search.php?subjectnumber=121&trinum=25,,sha256:7a5bd8c60b22df22b77c8ab3a0b5d6bf24d93511a01f971d169cd3c5f236312b,not_found_in_snapshot,derived_mirror,,
BVH-000385,cmu_121_28_00572_ground,cmu_121_28_00572_ground.bvh,cmu:121_28,CMU,cmu_motion_capture_database,121,,28,,,,572,unknown,,,,"[{""status"":""inferred"",""type"":""extract_frame""},{""status"":""filename_inferred"",""type"":""ground""}]",https://mocap.cs.cmu.edu/search.php?subjectnumber=121&trinum=28,,sha256:7a5bd8c60b22df22b77c8ab3a0b5d6bf24d93511a01f971d169cd3c5f236312b,not_found_in_snapshot,unverified,,
BVH-000386,cmu_121_28_00572_ground_mirror,cmu_121_28_00572_ground_mirror.bvh,cmu:121_28,CMU,cmu_motion_capture_database,121,,28,,,,572,unknown,,,,"[{""status"":""inferred"",""type"":""extract_frame""},{""status"":""filename_inferred"",""type"":""ground""},{""status"":""paired_member_present"",""type"":""mirror""}]",https://mocap.cs.cmu.edu/search.php?subjectnumber=121&trinum=28,,sha256:7a5bd8c60b22df22b77c8ab3a0b5d6bf24d93511a01f971d169cd3c5f236312b,not_found_in_snapshot,derived_mirror,,
BVH-000387,cmu_121_29_00190_ground,cmu_121_29_00190_ground.bvh,cmu:121_29,CMU,cmu_motion_capture_database,121,,29,,,,190,unknown,,,,"[{""status"":""inferred"",""type"":""extract_frame""},{""status"":""filename_inferred"",""type"":""ground""}]",https://mocap.cs.cmu.edu/search.php?subjectnumber=121&trinum=29,,sha256:7a5bd8c60b22df22b77c8ab3a0b5d6bf24d93511a01f971d169cd3c5f236312b,not_found_in_snapshot,unverified,,
BVH-000388,cmu_121_29_00190_ground_mirror,cmu_121_29_00190_ground_mirror.bvh,cmu:121_29,CMU,cmu_motion_capture_database,121,,29,,,,190,unknown,,,,"[{""status"":""inferred"",""type"":""extract_frame""},{""status"":""filename_inferred"",""type"":""ground""},{""status"":""paired_member_present"",""type"":""mirror""}]",https://mocap.cs.cmu.edu/search.php?subjectnumber=121&trinum=29,,sha256:7a5bd8c60b22df22b77c8ab3a0b5d6bf24d93511a01f971d169cd3c5f236312b,not_found_in_snapshot,derived_mirror,,
BVH-000389,cmu_121_30_00955,cmu_121_30_00955.bvh,cmu:121_30,CMU,cmu_motion_capture_database,121,,30,,,,955,unknown,,,,"[{""status"":""inferred"",""type"":""extract_frame""}]",https://mocap.cs.cmu.edu/search.php?subjectnumber=121&trinum=30,,sha256:7a5bd8c60b22df22b77c8ab3a0b5d6bf24d93511a01f971d169cd3c5f236312b,not_found_in_snapshot,unverified,,
BVH-000390,cmu_121_30_00955_mirror,cmu_121_30_00955_mirror.bvh,cmu:121_30,CMU,cmu_motion_capture_database,121,,30,,,,955,unknown,,,,"[{""status"":""inferred"",""type"":""extract_frame""},{""status"":""paired_member_present"",""type"":""mirror""}]",https://mocap.cs.cmu.edu/search.php?subjectnumber=121&trinum=30,,sha256:7a5bd8c60b22df22b77c8ab3a0b5d6bf24d93511a01f971d169cd3c5f236312b,not_found_in_snapshot,derived_mirror,,
BVH-000391,cmu_122_11_00096,cmu_122_11_00096.bvh,cmu:122_11,CMU,cmu_motion_capture_database,122,,11,,122_11.amc,,96,unknown,120,,,"[{""status"":""inferred"",""type"":""extract_frame""}]",https://mocap.cs.cmu.edu/search.php?subjectnumber=122&trinum=11,,sha256:7a5bd8c60b22df22b77c8ab3a0b5d6bf24d93511a01f971d169cd3c5f236312b,verified,unverified,,
BVH-000392,cmu_122_11_00096_mirror,cmu_122_11_00096_mirror.bvh,cmu:122_11,CMU,cmu_motion_capture_database,122,,11,,122_11.amc,,96,unknown,120,,,"[{""status"":""inferred"",""type"":""extract_frame""},{""status"":""paired_member_present"",""type"":""mirror""}]",https://mocap.cs.cmu.edu/search.php?subjectnumber=122&trinum=11,,sha256:7a5bd8c60b22df22b77c8ab3a0b5d6bf24d93511a01f971d169cd3c5f236312b,verified,derived_mirror,,
BVH-000393,cmu_123_09_00193,cmu_123_09_00193.bvh,cmu:123_09,CMU,cmu_motion_capture_database,123,,09,12.5 lbs,123_09.amc,,193,unknown,120,,,"[{""status"":""inferred"",""type"":""extract_frame""}]",https://mocap.cs.cmu.edu/search.php?subjectnumber=123&trinum=9,,sha256:7a5bd8c60b22df22b77c8ab3a0b5d6bf24d93511a01f971d169cd3c5f236312b,verified,unverified,,
BVH-000394,cmu_123_09_00193_mirror,cmu_123_09_00193_mirror.bvh,cmu:123_09,CMU,cmu_motion_capture_database,123,,09,12.5 lbs,123_09.amc,,193,unknown,120,,,"[{""status"":""inferred"",""type"":""extract_frame""},{""status"":""paired_member_present"",""type"":""mirror""}]",https://mocap.cs.cmu.edu/search.php?subjectnumber=123&trinum=9,,sha256:7a5bd8c60b22df22b77c8ab3a0b5d6bf24d93511a01f971d169cd3c5f236312b,verified,derived_mirror,,
BVH-000395,cmu_124_01_00362,cmu_124_01_00362.bvh,cmu:124_01,CMU,cmu_motion_capture_database,124,,01,Baseball Pitch,124_01.amc,,362,unknown,120,,,"[{""status"":""inferred"",""type"":""extract_frame""}]",https://mocap.cs.cmu.edu/search.php?subjectnumber=124&trinum=1,,sha256:7a5bd8c60b22df22b77c8ab3a0b5d6bf24d93511a01f971d169cd3c5f236312b,verified,unverified,,
BVH-000396,cmu_124_01_00362_mirror,cmu_124_01_00362_mirror.bvh,cmu:124_01,CMU,cmu_motion_capture_database,124,,01,Baseball Pitch,124_01.amc,,362,unknown,120,,,"[{""status"":""inferred"",""type"":""extract_frame""},{""status"":""paired_member_present"",""type"":""mirror""}]",https://mocap.cs.cmu.edu/search.php?subjectnumber=124&trinum=1,,sha256:7a5bd8c60b22df22b77c8ab3a0b5d6bf24d93511a01f971d169cd3c5f236312b,verified,derived_mirror,,
BVH-000397,cmu_124_02_00338,cmu_124_02_00338.bvh,cmu:124_02,CMU,cmu_motion_capture_database,124,,02,Baseball Pitch,124_02.amc,,338,unknown,120,,,"[{""status"":""inferred"",""type"":""extract_frame""}]",https://mocap.cs.cmu.edu/search.php?subjectnumber=124&trinum=2,,sha256:7a5bd8c60b22df22b77c8ab3a0b5d6bf24d93511a01f971d169cd3c5f236312b,verified,unverified,,
BVH-000398,cmu_124_02_00338_mirror,cmu_124_02_00338_mirror.bvh,cmu:124_02,CMU,cmu_motion_capture_database,124,,02,Baseball Pitch,124_02.amc,,338,unknown,120,,,"[{""status"":""inferred"",""type"":""extract_frame""},{""status"":""paired_member_present"",""type"":""mirror""}]",https://mocap.cs.cmu.edu/search.php?subjectnumber=124&trinum=2,,sha256:7a5bd8c60b22df22b77c8ab3a0b5d6bf24d93511a01f971d169cd3c5f236312b,verified,derived_mirror,,
BVH-000399,cmu_124_11_00760,cmu_124_11_00760.bvh,cmu:124_11,CMU,cmu_motion_capture_database,124,,11,2 Foot Jump,124_11.amc,,760,unknown,120,,,"[{""status"":""inferred"",""type"":""extract_frame""}]",https://mocap.cs.cmu.edu/search.php?subjectnumber=124&trinum=11,,sha256:7a5bd8c60b22df22b77c8ab3a0b5d6bf24d93511a01f971d169cd3c5f236312b,verified,unverified,,
BVH-000400,cmu_124_11_00760_mirror,cmu_124_11_00760_mirror.bvh,cmu:124_11,CMU,cmu_motion_capture_database,124,,11,2 Foot Jump,124_11.amc,,760,unknown,120,,,"[{""status"":""inferred"",""type"":""extract_frame""},{""status"":""paired_member_present"",""type"":""mirror""}]",https://mocap.cs.cmu.edu/search.php?subjectnumber=124&trinum=11,,sha256:7a5bd8c60b22df22b77c8ab3a0b5d6bf24d93511a01f971d169cd3c5f236312b,verified,derived_mirror,,
BVH-000401,cmu_124_13_00661,cmu_124_13_00661.bvh,cmu:124_13,CMU,cmu_motion_capture_database,124,,13,Underhand Fast Pitch,124_13.amc,,661,unknown,120,,,"[{""status"":""inferred"",""type"":""extract_frame""}]",https://mocap.cs.cmu.edu/search.php?subjectnumber=124&trinum=13,,sha256:7a5bd8c60b22df22b77c8ab3a0b5d6bf24d93511a01f971d169cd3c5f236312b,verified,unverified,,
BVH-000402,cmu_124_13_00661_mirror,cmu_124_13_00661_mirror.bvh,cmu:124_13,CMU,cmu_motion_capture_database,124,,13,Underhand Fast Pitch,124_13.amc,,661,unknown,120,,,"[{""status"":""inferred"",""type"":""extract_frame""},{""status"":""paired_member_present"",""type"":""mirror""}]",https://mocap.cs.cmu.edu/search.php?subjectnumber=124&trinum=13,,sha256:7a5bd8c60b22df22b77c8ab3a0b5d6bf24d93511a01f971d169cd3c5f236312b,verified,derived_mirror,,
BVH-000403,cmu_126_03_00861_ground,cmu_126_03_00861_ground.bvh,cmu:126_03,CMU,cmu_motion_capture_database,126,,03,Breast Stroke,126_03.amc,,861,unknown,120,,,"[{""status"":""inferred"",""type"":""extract_frame""},{""status"":""filename_inferred"",""type"":""ground""}]",https://mocap.cs.cmu.edu/search.php?subjectnumber=126&trinum=3,,sha256:7a5bd8c60b22df22b77c8ab3a0b5d6bf24d93511a01f971d169cd3c5f236312b,verified,unverified,,
BVH-000404,cmu_126_03_00861_ground_mirror,cmu_126_03_00861_ground_mirror.bvh,cmu:126_03,CMU,cmu_motion_capture_database,126,,03,Breast Stroke,126_03.amc,,861,unknown,120,,,"[{""status"":""inferred"",""type"":""extract_frame""},{""status"":""filename_inferred"",""type"":""ground""},{""status"":""paired_member_present"",""type"":""mirror""}]",https://mocap.cs.cmu.edu/search.php?subjectnumber=126&trinum=3,,sha256:7a5bd8c60b22df22b77c8ab3a0b5d6bf24d93511a01f971d169cd3c5f236312b,verified,derived_mirror,,
BVH-000405,cmu_126_06_01432_ground,cmu_126_06_01432_ground.bvh,cmu:126_06,CMU,cmu_motion_capture_database,126,,06,Fly Stroke,126_06.amc,,1432,unknown,120,,,"[{""status"":""inferred"",""type"":""extract_frame""},{""status"":""filename_inferred"",""type"":""ground""}]",https://mocap.cs.cmu.edu/search.php?subjectnumber=126&trinum=6,,sha256:7a5bd8c60b22df22b77c8ab3a0b5d6bf24d93511a01f971d169cd3c5f236312b,verified,unverified,,
BVH-000406,cmu_126_06_01432_ground_mirror,cmu_126_06_01432_ground_mirror.bvh,cmu:126_06,CMU,cmu_motion_capture_database,126,,06,Fly Stroke,126_06.amc,,1432,unknown,120,,,"[{""status"":""inferred"",""type"":""extract_frame""},{""status"":""filename_inferred"",""type"":""ground""},{""status"":""paired_member_present"",""type"":""mirror""}]",https://mocap.cs.cmu.edu/search.php?subjectnumber=126&trinum=6,,sha256:7a5bd8c60b22df22b77c8ab3a0b5d6bf24d93511a01f971d169cd3c5f236312b,verified,derived_mirror,,
BVH-000407,cmu_126_10_00537_ground,cmu_126_10_00537_ground.bvh,cmu:126_10,CMU,cmu_motion_capture_database,126,,10,Free Style,126_10.amc,,537,unknown,120,,,"[{""status"":""inferred"",""type"":""extract_frame""},{""status"":""filename_inferred"",""type"":""ground""}]",https://mocap.cs.cmu.edu/search.php?subjectnumber=126&trinum=10,,sha256:7a5bd8c60b22df22b77c8ab3a0b5d6bf24d93511a01f971d169cd3c5f236312b,verified,unverified,,
BVH-000408,cmu_126_10_00537_ground_mirror,cmu_126_10_00537_ground_mirror.bvh,cmu:126_10,CMU,cmu_motion_capture_database,126,,10,Free Style,126_10.amc,,537,unknown,120,,,"[{""status"":""inferred"",""type"":""extract_frame""},{""status"":""filename_inferred"",""type"":""ground""},{""status"":""paired_member_present"",""type"":""mirror""}]",https://mocap.cs.cmu.edu/search.php?subjectnumber=126&trinum=10,,sha256:7a5bd8c60b22df22b77c8ab3a0b5d6bf24d93511a01f971d169cd3c5f236312b,verified,derived_mirror,,
BVH-000409,cmu_127_20_00102,cmu_127_20_00102.bvh,cmu:127_20,CMU,cmu_motion_capture_database,127,,20,Run Quick Stop Run,127_20.amc,,102,unknown,120,,,"[{""status"":""inferred"",""type"":""extract_frame""}]",https://mocap.cs.cmu.edu/search.php?subjectnumber=127&trinum=20,,sha256:7a5bd8c60b22df22b77c8ab3a0b5d6bf24d93511a01f971d169cd3c5f236312b,verified,unverified,,
BVH-000410,cmu_127_20_00102_mirror,cmu_127_20_00102_mirror.bvh,cmu:127_20,CMU,cmu_motion_capture_database,127,,20,Run Quick Stop Run,127_20.amc,,102,unknown,120,,,"[{""status"":""inferred"",""type"":""extract_frame""},{""status"":""paired_member_present"",""type"":""mirror""}]",https://mocap.cs.cmu.edu/search.php?subjectnumber=127&trinum=20,,sha256:7a5bd8c60b22df22b77c8ab3a0b5d6bf24d93511a01f971d169cd3c5f236312b,verified,derived_mirror,,
BVH-000411,cmu_127_26_00117,cmu_127_26_00117.bvh,cmu:127_26,CMU,cmu_motion_capture_database,127,,26,Run Jump Over,127_26.amc,,117,unknown,120,,,"[{""status"":""inferred"",""type"":""extract_frame""}]",https://mocap.cs.cmu.edu/search.php?subjectnumber=127&trinum=26,,sha256:7a5bd8c60b22df22b77c8ab3a0b5d6bf24d93511a01f971d169cd3c5f236312b,verified,unverified,,
BVH-000412,cmu_127_26_00117_mirror,cmu_127_26_00117_mirror.bvh,cmu:127_26,CMU,cmu_motion_capture_database,127,,26,Run Jump Over,127_26.amc,,117,unknown,120,,,"[{""status"":""inferred"",""type"":""extract_frame""},{""status"":""paired_member_present"",""type"":""mirror""}]",https://mocap.cs.cmu.edu/search.php?subjectnumber=127&trinum=26,,sha256:7a5bd8c60b22df22b77c8ab3a0b5d6bf24d93511a01f971d169cd3c5f236312b,verified,derived_mirror,,
BVH-000413,cmu_128_04_00090,cmu_128_04_00090.bvh,cmu:128_04,CMU,cmu_motion_capture_database,128,,04,Run Duck Underneath,128_04.amc,,90,unknown,120,,,"[{""status"":""inferred"",""type"":""extract_frame""}]",https://mocap.cs.cmu.edu/search.php?subjectnumber=128&trinum=4,,sha256:7a5bd8c60b22df22b77c8ab3a0b5d6bf24d93511a01f971d169cd3c5f236312b,verified,unverified,,
BVH-000414,cmu_128_04_00090_mirror,cmu_128_04_00090_mirror.bvh,cmu:128_04,CMU,cmu_motion_capture_database,128,,04,Run Duck Underneath,128_04.amc,,90,unknown,120,,,"[{""status"":""inferred"",""type"":""extract_frame""},{""status"":""paired_member_present"",""type"":""mirror""}]",https://mocap.cs.cmu.edu/search.php?subjectnumber=128&trinum=4,,sha256:7a5bd8c60b22df22b77c8ab3a0b5d6bf24d93511a01f971d169cd3c5f236312b,verified,derived_mirror,,
BVH-000415,cmu_128_09_00106_ground,cmu_128_09_00106_ground.bvh,cmu:128_09,CMU,cmu_motion_capture_database,128,,09,Run Roll Underneath,128_09.amc,,106,unknown,120,,,"[{""status"":""inferred"",""type"":""extract_frame""},{""status"":""filename_inferred"",""type"":""ground""}]",https://mocap.cs.cmu.edu/search.php?subjectnumber=128&trinum=9,,sha256:7a5bd8c60b22df22b77c8ab3a0b5d6bf24d93511a01f971d169cd3c5f236312b,verified,unverified,,
BVH-000416,cmu_128_09_00106_ground_mirror,cmu_128_09_00106_ground_mirror.bvh,cmu:128_09,CMU,cmu_motion_capture_database,128,,09,Run Roll Underneath,128_09.amc,,106,unknown,120,,,"[{""status"":""inferred"",""type"":""extract_frame""},{""status"":""filename_inferred"",""type"":""ground""},{""status"":""paired_member_present"",""type"":""mirror""}]",https://mocap.cs.cmu.edu/search.php?subjectnumber=128&trinum=9,,sha256:7a5bd8c60b22df22b77c8ab3a0b5d6bf24d93511a01f971d169cd3c5f236312b,verified,derived_mirror,,
BVH-000417,cmu_128_11_00144,cmu_128_11_00144.bvh,cmu:128_11,CMU,cmu_motion_capture_database,128,,11,Run Dive Over Roll Run,128_11.amc,,144,unknown,120,,,"[{""status"":""inferred"",""type"":""extract_frame""}]",https://mocap.cs.cmu.edu/search.php?subjectnumber=128&trinum=11,,sha256:7a5bd8c60b22df22b77c8ab3a0b5d6bf24d93511a01f971d169cd3c5f236312b,verified,unverified,,
BVH-000418,cmu_128_11_00144_mirror,cmu_128_11_00144_mirror.bvh,cmu:128_11,CMU,cmu_motion_capture_database,128,,11,Run Dive Over Roll Run,128_11.amc,,144,unknown,120,,,"[{""status"":""inferred"",""type"":""extract_frame""},{""status"":""paired_member_present"",""type"":""mirror""}]",https://mocap.cs.cmu.edu/search.php?subjectnumber=128&trinum=11,,sha256:7a5bd8c60b22df22b77c8ab3a0b5d6bf24d93511a01f971d169cd3c5f236312b,verified,derived_mirror,,
BVH-000419,cmu_12_01_00000,cmu_12_01_00000.bvh,cmu:12_01,CMU,cmu_motion_capture_database,12,,01,walk,12_01.amc,,0,unknown,120,,,"[{""status"":""inferred"",""type"":""extract_frame""}]",https://mocap.cs.cmu.edu/search.php?subjectnumber=12&trinum=1,,sha256:7a5bd8c60b22df22b77c8ab3a0b5d6bf24d93511a01f971d169cd3c5f236312b,verified,unverified,,
BVH-000420,cmu_12_01_00000_mirror,cmu_12_01_00000_mirror.bvh,cmu:12_01,CMU,cmu_motion_capture_database,12,,01,walk,12_01.amc,,0,unknown,120,,,"[{""status"":""inferred"",""type"":""extract_frame""},{""status"":""paired_member_present"",""type"":""mirror""}]",https://mocap.cs.cmu.edu/search.php?subjectnumber=12&trinum=1,,sha256:7a5bd8c60b22df22b77c8ab3a0b5d6bf24d93511a01f971d169cd3c5f236312b,verified,derived_mirror,,
BVH-000421,cmu_12_04_07264,cmu_12_04_07264.bvh,cmu:12_04,CMU,cmu_motion_capture_database,12,,04,tai chi,12_04.amc,,7264,unknown,120,,,"[{""status"":""inferred"",""type"":""extract_frame""}]",https://mocap.cs.cmu.edu/search.php?subjectnumber=12&trinum=4,,sha256:7a5bd8c60b22df22b77c8ab3a0b5d6bf24d93511a01f971d169cd3c5f236312b,verified,unverified,,
BVH-000422,cmu_12_04_07264_mirror,cmu_12_04_07264_mirror.bvh,cmu:12_04,CMU,cmu_motion_capture_database,12,,04,tai chi,12_04.amc,,7264,unknown,120,,,"[{""status"":""inferred"",""type"":""extract_frame""},{""status"":""paired_member_present"",""type"":""mirror""}]",https://mocap.cs.cmu.edu/search.php?subjectnumber=12&trinum=4,,sha256:7a5bd8c60b22df22b77c8ab3a0b5d6bf24d93511a01f971d169cd3c5f236312b,verified,derived_mirror,,
BVH-000423,cmu_131_01_00378,cmu_131_01_00378.bvh,cmu:131_01,CMU,cmu_motion_capture_database,131,,01,Start Walk Stop,131_01.amc,,378,unknown,120,,,"[{""status"":""inferred"",""type"":""extract_frame""}]",https://mocap.cs.cmu.edu/search.php?subjectnumber=131&trinum=1,,sha256:7a5bd8c60b22df22b77c8ab3a0b5d6bf24d93511a01f971d169cd3c5f236312b,verified,unverified,,
BVH-000424,cmu_131_01_00378_mirror,cmu_131_01_00378_mirror.bvh,cmu:131_01,CMU,cmu_motion_capture_database,131,,01,Start Walk Stop,131_01.amc,,378,unknown,120,,,"[{""status"":""inferred"",""type"":""extract_frame""},{""status"":""paired_member_present"",""type"":""mirror""}]",https://mocap.cs.cmu.edu/search.php?subjectnumber=131&trinum=1,,sha256:7a5bd8c60b22df22b77c8ab3a0b5d6bf24d93511a01f971d169cd3c5f236312b,verified,derived_mirror,,
BVH-000425,cmu_131_06_00732,cmu_131_06_00732.bvh,cmu:131_06,CMU,cmu_motion_capture_database,131,,06,Start Duck Underneath Stop,131_06.amc,,732,unknown,120,,,"[{""status"":""inferred"",""type"":""extract_frame""}]",https://mocap.cs.cmu.edu/search.php?subjectnumber=131&trinum=6,,sha256:7a5bd8c60b22df22b77c8ab3a0b5d6bf24d93511a01f971d169cd3c5f236312b,verified,unverified,,
BVH-000426,cmu_131_06_00732_mirror,cmu_131_06_00732_mirror.bvh,cmu:131_06,CMU,cmu_motion_capture_database,131,,06,Start Duck Underneath Stop,131_06.amc,,732,unknown,120,,,"[{""status"":""inferred"",""type"":""extract_frame""},{""status"":""paired_member_present"",""type"":""mirror""}]",https://mocap.cs.cmu.edu/search.php?subjectnumber=131&trinum=6,,sha256:7a5bd8c60b22df22b77c8ab3a0b5d6bf24d93511a01f971d169cd3c5f236312b,verified,derived_mirror,,
BVH-000427,cmu_131_08_00224,cmu_131_08_00224.bvh,cmu:131_08,CMU,cmu_motion_capture_database,131,,08,Jump Stop,131_08.amc,,224,unknown,120,,,"[{""status"":""inferred"",""type"":""extract_frame""}]",https://mocap.cs.cmu.edu/search.php?subjectnumber=131&trinum=8,,sha256:7a5bd8c60b22df22b77c8ab3a0b5d6bf24d93511a01f971d169cd3c5f236312b,verified,unverified,,
BVH-000428,cmu_131_08_00224_mirror,cmu_131_08_00224_mirror.bvh,cmu:131_08,CMU,cmu_motion_capture_database,131,,08,Jump Stop,131_08.amc,,224,unknown,120,,,"[{""status"":""inferred"",""type"":""extract_frame""},{""status"":""paired_member_present"",""type"":""mirror""}]",https://mocap.cs.cmu.edu/search.php?subjectnumber=131&trinum=8,,sha256:7a5bd8c60b22df22b77c8ab3a0b5d6bf24d93511a01f971d169cd3c5f236312b,verified,derived_mirror,,
BVH-000429,cmu_131_10_00253,cmu_131_10_00253.bvh,cmu:131_10,CMU,cmu_motion_capture_database,131,,10,Start Walk Left,131_10.amc,,253,unknown,120,,,"[{""status"":""inferred"",""type"":""extract_frame""}]",https://mocap.cs.cmu.edu/search.php?subjectnumber=131&trinum=10,,sha256:7a5bd8c60b22df22b77c8ab3a0b5d6bf24d93511a01f971d169cd3c5f236312b,verified,unverified,,
BVH-000430,cmu_131_10_00253_mirror,cmu_131_10_00253_mirror.bvh,cmu:131_10,CMU,cmu_motion_capture_database,131,,10,Start Walk Left,131_10.amc,,253,unknown,120,,,"[{""status"":""inferred"",""type"":""extract_frame""},{""status"":""paired_member_present"",""type"":""mirror""}]",https://mocap.cs.cmu.edu/search.php?subjectnumber=131&trinum=10,,sha256:7a5bd8c60b22df22b77c8ab3a0b5d6bf24d93511a01f971d169cd3c5f236312b,verified,derived_mirror,,
BVH-000431,cmu_133_09_00988,cmu_133_09_00988.bvh,cmu:133_09,CMU,cmu_motion_capture_database,133,,09,Stretch Walk,133_09.amc,,988,unknown,120,,,"[{""status"":""inferred"",""type"":""extract_frame""}]",https://mocap.cs.cmu.edu/search.php?subjectnumber=133&trinum=9,,sha256:7a5bd8c60b22df22b77c8ab3a0b5d6bf24d93511a01f971d169cd3c5f236312b,verified,unverified,,
BVH-000432,cmu_133_09_00988_mirror,cmu_133_09_00988_mirror.bvh,cmu:133_09,CMU,cmu_motion_capture_database,133,,09,Stretch Walk,133_09.amc,,988,unknown,120,,,"[{""status"":""inferred"",""type"":""extract_frame""},{""status"":""paired_member_present"",""type"":""mirror""}]",https://mocap.cs.cmu.edu/search.php?subjectnumber=133&trinum=9,,sha256:7a5bd8c60b22df22b77c8ab3a0b5d6bf24d93511a01f971d169cd3c5f236312b,verified,derived_mirror,,
BVH-000433,cmu_134_01_00255,cmu_134_01_00255.bvh,cmu:134_01,CMU,cmu_motion_capture_database,134,,01,Duck Under,134_01.amc,,255,unknown,120,,,"[{""status"":""inferred"",""type"":""extract_frame""}]",https://mocap.cs.cmu.edu/search.php?subjectnumber=134&trinum=1,,sha256:7a5bd8c60b22df22b77c8ab3a0b5d6bf24d93511a01f971d169cd3c5f236312b,verified,unverified,,
BVH-000434,cmu_134_01_00255_mirror,cmu_134_01_00255_mirror.bvh,cmu:134_01,CMU,cmu_motion_capture_database,134,,01,Duck Under,134_01.amc,,255,unknown,120,,,"[{""status"":""inferred"",""type"":""extract_frame""},{""status"":""paired_member_present"",""type"":""mirror""}]",https://mocap.cs.cmu.edu/search.php?subjectnumber=134&trinum=1,,sha256:7a5bd8c60b22df22b77c8ab3a0b5d6bf24d93511a01f971d169cd3c5f236312b,verified,derived_mirror,,
BVH-000435,cmu_135_01_03203,cmu_135_01_03203.bvh,cmu:135_01,CMU,cmu_motion_capture_database,135,,01,Bassai,135_01.amc,,3203,unknown,120,,,"[{""status"":""inferred"",""type"":""extract_frame""}]",https://mocap.cs.cmu.edu/search.php?subjectnumber=135&trinum=1,,sha256:7a5bd8c60b22df22b77c8ab3a0b5d6bf24d93511a01f971d169cd3c5f236312b,verified,unverified,,
BVH-000436,cmu_135_01_03203_mirror,cmu_135_01_03203_mirror.bvh,cmu:135_01,CMU,cmu_motion_capture_database,135,,01,Bassai,135_01.amc,,3203,unknown,120,,,"[{""status"":""inferred"",""type"":""extract_frame""},{""status"":""paired_member_present"",""type"":""mirror""}]",https://mocap.cs.cmu.edu/search.php?subjectnumber=135&trinum=1,,sha256:7a5bd8c60b22df22b77c8ab3a0b5d6bf24d93511a01f971d169cd3c5f236312b,verified,derived_mirror,,
BVH-000437,cmu_135_01_04368,cmu_135_01_04368.bvh,cmu:135_01,CMU,cmu_motion_capture_database,135,,01,Bassai,135_01.amc,,4368,unknown,120,,,"[{""status"":""inferred"",""type"":""extract_frame""}]",https://mocap.cs.cmu.edu/search.php?subjectnumber=135&trinum=1,,sha256:7a5bd8c60b22df22b77c8ab3a0b5d6bf24d93511a01f971d169cd3c5f236312b,verified,unverified,,
BVH-000438,cmu_135_01_04368_mirror,cmu_135_01_04368_mirror.bvh,cmu:135_01,CMU,cmu_motion_capture_database,135,,01,Bassai,135_01.amc,,4368,unknown,120,,,"[{""status"":""inferred"",""type"":""extract_frame""},{""status"":""paired_member_present"",""type"":""mirror""}]",https://mocap.cs.cmu.edu/search.php?subjectnumber=135&trinum=1,,sha256:7a5bd8c60b22df22b77c8ab3a0b5d6bf24d93511a01f971d169cd3c5f236312b,verified,derived_mirror,,
BVH-000439,cmu_135_02_01486,cmu_135_02_01486.bvh,cmu:135_02,CMU,cmu_motion_capture_database,135,,02,Empi,135_02.amc,,1486,unknown,120,,,"[{""status"":""inferred"",""type"":""extract_frame""}]",https://mocap.cs.cmu.edu/search.php?subjectnumber=135&trinum=2,,sha256:7a5bd8c60b22df22b77c8ab3a0b5d6bf24d93511a01f971d169cd3c5f236312b,verified,unverified,,
BVH-000440,cmu_135_02_01486_mirror,cmu_135_02_01486_mirror.bvh,cmu:135_02,CMU,cmu_motion_capture_database,135,,02,Empi,135_02.amc,,1486,unknown,120,,,"[{""status"":""inferred"",""type"":""extract_frame""},{""status"":""paired_member_present"",""type"":""mirror""}]",https://mocap.cs.cmu.edu/search.php?subjectnumber=135&trinum=2,,sha256:7a5bd8c60b22df22b77c8ab3a0b5d6bf24d93511a01f971d169cd3c5f236312b,verified,derived_mirror,,
BVH-000441,cmu_135_07_00771,cmu_135_07_00771.bvh,cmu:135_07,CMU,cmu_motion_capture_database,135,,07,Mawashigeri,135_07.amc,,771,unknown,120,,,"[{""status"":""inferred"",""type"":""extract_frame""}]",https://mocap.cs.cmu.edu/search.php?subjectnumber=135&trinum=7,,sha256:7a5bd8c60b22df22b77c8ab3a0b5d6bf24d93511a01f971d169cd3c5f236312b,verified,unverified,,
BVH-000442,cmu_135_07_00771_mirror,cmu_135_07_00771_mirror.bvh,cmu:135_07,CMU,cmu_motion_capture_database,135,,07,Mawashigeri,135_07.amc,,771,unknown,120,,,"[{""status"":""inferred"",""type"":""extract_frame""},{""status"":""paired_member_present"",""type"":""mirror""}]",https://mocap.cs.cmu.edu/search.php?subjectnumber=135&trinum=7,,sha256:7a5bd8c60b22df22b77c8ab3a0b5d6bf24d93511a01f971d169cd3c5f236312b,verified,derived_mirror,,
BVH-000443,cmu_135_07_01121,cmu_135_07_01121.bvh,cmu:135_07,CMU,cmu_motion_capture_database,135,,07,Mawashigeri,135_07.amc,,1121,unknown,120,,,"[{""status"":""inferred"",""type"":""extract_frame""}]",https://mocap.cs.cmu.edu/search.php?subjectnumber=135&trinum=7,,sha256:7a5bd8c60b22df22b77c8ab3a0b5d6bf24d93511a01f971d169cd3c5f236312b,verified,unverified,,
BVH-000444,cmu_135_07_01121_mirror,cmu_135_07_01121_mirror.bvh,cmu:135_07,CMU,cmu_motion_capture_database,135,,07,Mawashigeri,135_07.amc,,1121,unknown,120,,,"[{""status"":""inferred"",""type"":""extract_frame""},{""status"":""paired_member_present"",""type"":""mirror""}]",https://mocap.cs.cmu.edu/search.php?subjectnumber=135&trinum=7,,sha256:7a5bd8c60b22df22b77c8ab3a0b5d6bf24d93511a01f971d169cd3c5f236312b,verified,derived_mirror,,
BVH-000445,cmu_13_06_01350,cmu_13_06_01350.bvh,cmu:13_06,CMU,cmu_motion_capture_database,13,,06,"sit on stepstool, hands against chin, elbow out, stand up",13_06.amc,,1350,unknown,120,,,"[{""status"":""inferred"",""type"":""extract_frame""}]",https://mocap.cs.cmu.edu/search.php?subjectnumber=13&trinum=6,,sha256:7a5bd8c60b22df22b77c8ab3a0b5d6bf24d93511a01f971d169cd3c5f236312b,verified,unverified,,
BVH-000446,cmu_13_06_01350_mirror,cmu_13_06_01350_mirror.bvh,cmu:13_06,CMU,cmu_motion_capture_database,13,,06,"sit on stepstool, hands against chin, elbow out, stand up",13_06.amc,,1350,unknown,120,,,"[{""status"":""inferred"",""type"":""extract_frame""},{""status"":""paired_member_present"",""type"":""mirror""}]",https://mocap.cs.cmu.edu/search.php?subjectnumber=13&trinum=6,,sha256:7a5bd8c60b22df22b77c8ab3a0b5d6bf24d93511a01f971d169cd3c5f236312b,verified,derived_mirror,,
BVH-000447,cmu_13_06_03242,cmu_13_06_03242.bvh,cmu:13_06,CMU,cmu_motion_capture_database,13,,06,"sit on stepstool, hands against chin, elbow out, stand up",13_06.amc,,3242,unknown,120,,,"[{""status"":""inferred"",""type"":""extract_frame""}]",https://mocap.cs.cmu.edu/search.php?subjectnumber=13&trinum=6,,sha256:7a5bd8c60b22df22b77c8ab3a0b5d6bf24d93511a01f971d169cd3c5f236312b,verified,unverified,,
BVH-000448,cmu_13_06_03242_mirror,cmu_13_06_03242_mirror.bvh,cmu:13_06,CMU,cmu_motion_capture_database,13,,06,"sit on stepstool, hands against chin, elbow out, stand up",13_06.amc,,3242,unknown,120,,,"[{""status"":""inferred"",""type"":""extract_frame""},{""status"":""paired_member_present"",""type"":""mirror""}]",https://mocap.cs.cmu.edu/search.php?subjectnumber=13&trinum=6,,sha256:7a5bd8c60b22df22b77c8ab3a0b5d6bf24d93511a01f971d169cd3c5f236312b,verified,derived_mirror,,
BVH-000449,cmu_13_17_01086,cmu_13_17_01086.bvh,cmu:13_17,CMU,cmu_motion_capture_database,13,,17,boxing,13_17.amc,,1086,unknown,120,,,"[{""status"":""inferred"",""type"":""extract_frame""}]",https://mocap.cs.cmu.edu/search.php?subjectnumber=13&trinum=17,,sha256:7a5bd8c60b22df22b77c8ab3a0b5d6bf24d93511a01f971d169cd3c5f236312b,verified,unverified,,
BVH-000450,cmu_13_17_01086_mirror,cmu_13_17_01086_mirror.bvh,cmu:13_17,CMU,cmu_motion_capture_database,13,,17,boxing,13_17.amc,,1086,unknown,120,,,"[{""status"":""inferred"",""type"":""extract_frame""},{""status"":""paired_member_present"",""type"":""mirror""}]",https://mocap.cs.cmu.edu/search.php?subjectnumber=13&trinum=17,,sha256:7a5bd8c60b22df22b77c8ab3a0b5d6bf24d93511a01f971d169cd3c5f236312b,verified,derived_mirror,,
BVH-000451,cmu_13_21_03552,cmu_13_21_03552.bvh,cmu:13_21,CMU,cmu_motion_capture_database,13,,21,wash windows,13_21.amc,,3552,unknown,120,,,"[{""status"":""inferred"",""type"":""extract_frame""}]",https://mocap.cs.cmu.edu/search.php?subjectnumber=13&trinum=21,,sha256:7a5bd8c60b22df22b77c8ab3a0b5d6bf24d93511a01f971d169cd3c5f236312b,verified,unverified,,
BVH-000452,cmu_13_21_03552_mirror,cmu_13_21_03552_mirror.bvh,cmu:13_21,CMU,cmu_motion_capture_database,13,,21,wash windows,13_21.amc,,3552,unknown,120,,,"[{""status"":""inferred"",""type"":""extract_frame""},{""status"":""paired_member_present"",""type"":""mirror""}]",https://mocap.cs.cmu.edu/search.php?subjectnumber=13&trinum=21,,sha256:7a5bd8c60b22df22b77c8ab3a0b5d6bf24d93511a01f971d169cd3c5f236312b,verified,derived_mirror,,
BVH-000453,cmu_13_26_01112,cmu_13_26_01112.bvh,cmu:13_26,CMU,cmu_motion_capture_database,13,,26,"direct traffic, wave",13_26.amc,,1112,unknown,120,,,"[{""status"":""inferred"",""type"":""extract_frame""}]",https://mocap.cs.cmu.edu/search.php?subjectnumber=13&trinum=26,,sha256:7a5bd8c60b22df22b77c8ab3a0b5d6bf24d93511a01f971d169cd3c5f236312b,verified,unverified,,
BVH-000454,cmu_13_26_01112_mirror,cmu_13_26_01112_mirror.bvh,cmu:13_26,CMU,cmu_motion_capture_database,13,,26,"direct traffic, wave",13_26.amc,,1112,unknown,120,,,"[{""status"":""inferred"",""type"":""extract_frame""},{""status"":""paired_member_present"",""type"":""mirror""}]",https://mocap.cs.cmu.edu/search.php?subjectnumber=13&trinum=26,,sha256:7a5bd8c60b22df22b77c8ab3a0b5d6bf24d93511a01f971d169cd3c5f236312b,verified,derived_mirror,,
BVH-000455,cmu_13_27_01871,cmu_13_27_01871.bvh,cmu:13_27,CMU,cmu_motion_capture_database,13,,27,"direct traffic, wave, point",13_27.amc,,1871,unknown,120,,,"[{""status"":""inferred"",""type"":""extract_frame""}]",https://mocap.cs.cmu.edu/search.php?subjectnumber=13&trinum=27,,sha256:7a5bd8c60b22df22b77c8ab3a0b5d6bf24d93511a01f971d169cd3c5f236312b,verified,unverified,,
BVH-000456,cmu_13_27_01871_mirror,cmu_13_27_01871_mirror.bvh,cmu:13_27,CMU,cmu_motion_capture_database,13,,27,"direct traffic, wave, point",13_27.amc,,1871,unknown,120,,,"[{""status"":""inferred"",""type"":""extract_frame""},{""status"":""paired_member_present"",""type"":""mirror""}]",https://mocap.cs.cmu.edu/search.php?subjectnumber=13&trinum=27,,sha256:7a5bd8c60b22df22b77c8ab3a0b5d6bf24d93511a01f971d169cd3c5f236312b,verified,derived_mirror,,
BVH-000457,cmu_13_29_02061,cmu_13_29_02061.bvh,cmu:13_29,CMU,cmu_motion_capture_database,13,,29,"jumping jacks, side twists, bend over, squats",13_29.amc,,2061,unknown,120,,,"[{""status"":""inferred"",""type"":""extract_frame""}]",https://mocap.cs.cmu.edu/search.php?subjectnumber=13&trinum=29,,sha256:7a5bd8c60b22df22b77c8ab3a0b5d6bf24d93511a01f971d169cd3c5f236312b,verified,unverified,,
BVH-000458,cmu_13_29_02061_mirror,cmu_13_29_02061_mirror.bvh,cmu:13_29,CMU,cmu_motion_capture_database,13,,29,"jumping jacks, side twists, bend over, squats",13_29.amc,,2061,unknown,120,,,"[{""status"":""inferred"",""type"":""extract_frame""},{""status"":""paired_member_present"",""type"":""mirror""}]",https://mocap.cs.cmu.edu/search.php?subjectnumber=13&trinum=29,,sha256:7a5bd8c60b22df22b77c8ab3a0b5d6bf24d93511a01f971d169cd3c5f236312b,verified,derived_mirror,,
BVH-000459,cmu_13_29_02249,cmu_13_29_02249.bvh,cmu:13_29,CMU,cmu_motion_capture_database,13,,29,"jumping jacks, side twists, bend over, squats",13_29.amc,,2249,unknown,120,,,"[{""status"":""inferred"",""type"":""extract_frame""}]",https://mocap.cs.cmu.edu/search.php?subjectnumber=13&trinum=29,,sha256:7a5bd8c60b22df22b77c8ab3a0b5d6bf24d93511a01f971d169cd3c5f236312b,verified,unverified,,
BVH-000460,cmu_13_29_02249_mirror,cmu_13_29_02249_mirror.bvh,cmu:13_29,CMU,cmu_motion_capture_database,13,,29,"jumping jacks, side twists, bend over, squats",13_29.amc,,2249,unknown,120,,,"[{""status"":""inferred"",""type"":""extract_frame""},{""status"":""paired_member_present"",""type"":""mirror""}]",https://mocap.cs.cmu.edu/search.php?subjectnumber=13&trinum=29,,sha256:7a5bd8c60b22df22b77c8ab3a0b5d6bf24d93511a01f971d169cd3c5f236312b,verified,derived_mirror,,
BVH-000461,cmu_13_30_00301,cmu_13_30_00301.bvh,cmu:13_30,CMU,cmu_motion_capture_database,13,,30,"jumping jacks, side twists, squats, jog",13_30.amc,,301,unknown,120,,,"[{""status"":""inferred"",""type"":""extract_frame""}]",https://mocap.cs.cmu.edu/search.php?subjectnumber=13&trinum=30,,sha256:7a5bd8c60b22df22b77c8ab3a0b5d6bf24d93511a01f971d169cd3c5f236312b,verified,unverified,,
BVH-000462,cmu_13_30_00301_mirror,cmu_13_30_00301_mirror.bvh,cmu:13_30,CMU,cmu_motion_capture_database,13,,30,"jumping jacks, side twists, squats, jog",13_30.amc,,301,unknown,120,,,"[{""status"":""inferred"",""type"":""extract_frame""},{""status"":""paired_member_present"",""type"":""mirror""}]",https://mocap.cs.cmu.edu/search.php?subjectnumber=13&trinum=30,,sha256:7a5bd8c60b22df22b77c8ab3a0b5d6bf24d93511a01f971d169cd3c5f236312b,verified,derived_mirror,,
BVH-000463,cmu_142_02_00358,cmu_142_02_00358.bvh,cmu:142_02,CMU,cmu_motion_capture_database,142,,02,Clumsy,142_02.amc,,358,unknown,120,,,"[{""status"":""inferred"",""type"":""extract_frame""}]",https://mocap.cs.cmu.edu/search.php?subjectnumber=142&trinum=2,,sha256:7a5bd8c60b22df22b77c8ab3a0b5d6bf24d93511a01f971d169cd3c5f236312b,verified,unverified,,
BVH-000464,cmu_142_02_00358_mirror,cmu_142_02_00358_mirror.bvh,cmu:142_02,CMU,cmu_motion_capture_database,142,,02,Clumsy,142_02.amc,,358,unknown,120,,,"[{""status"":""inferred"",""type"":""extract_frame""},{""status"":""paired_member_present"",""type"":""mirror""}]",https://mocap.cs.cmu.edu/search.php?subjectnumber=142&trinum=2,,sha256:7a5bd8c60b22df22b77c8ab3a0b5d6bf24d93511a01f971d169cd3c5f236312b,verified,derived_mirror,,
BVH-000465,cmu_142_02_00985,cmu_142_02_00985.bvh,cmu:142_02,CMU,cmu_motion_capture_database,142,,02,Clumsy,142_02.amc,,985,unknown,120,,,"[{""status"":""inferred"",""type"":""extract_frame""}]",https://mocap.cs.cmu.edu/search.php?subjectnumber=142&trinum=2,,sha256:7a5bd8c60b22df22b77c8ab3a0b5d6bf24d93511a01f971d169cd3c5f236312b,verified,unverified,,
BVH-000466,cmu_142_02_00985_mirror,cmu_142_02_00985_mirror.bvh,cmu:142_02,CMU,cmu_motion_capture_database,142,,02,Clumsy,142_02.amc,,985,unknown,120,,,"[{""status"":""inferred"",""type"":""extract_frame""},{""status"":""paired_member_present"",""type"":""mirror""}]",https://mocap.cs.cmu.edu/search.php?subjectnumber=142&trinum=2,,sha256:7a5bd8c60b22df22b77c8ab3a0b5d6bf24d93511a01f971d169cd3c5f236312b,verified,derived_mirror,,
BVH-000467,cmu_142_20_00511,cmu_142_20_00511.bvh,cmu:142_20,CMU,cmu_motion_capture_database,142,,20,Singing in the rain jump,142_20.amc,,511,unknown,120,,,"[{""status"":""inferred"",""type"":""extract_frame""}]",https://mocap.cs.cmu.edu/search.php?subjectnumber=142&trinum=20,,sha256:7a5bd8c60b22df22b77c8ab3a0b5d6bf24d93511a01f971d169cd3c5f236312b,verified,unverified,,
BVH-000468,cmu_142_20_00511_mirror,cmu_142_20_00511_mirror.bvh,cmu:142_20,CMU,cmu_motion_capture_database,142,,20,Singing in the rain jump,142_20.amc,,511,unknown,120,,,"[{""status"":""inferred"",""type"":""extract_frame""},{""status"":""paired_member_present"",""type"":""mirror""}]",https://mocap.cs.cmu.edu/search.php?subjectnumber=142&trinum=20,,sha256:7a5bd8c60b22df22b77c8ab3a0b5d6bf24d93511a01f971d169cd3c5f236312b,verified,derived_mirror,,
BVH-000469,cmu_142_21_00941,cmu_142_21_00941.bvh,cmu:142_21,CMU,cmu_motion_capture_database,142,,21,Singing in the rain jump,142_21.amc,,941,unknown,120,,,"[{""status"":""inferred"",""type"":""extract_frame""}]",https://mocap.cs.cmu.edu/search.php?subjectnumber=142&trinum=21,,sha256:7a5bd8c60b22df22b77c8ab3a0b5d6bf24d93511a01f971d169cd3c5f236312b,verified,unverified,,
BVH-000470,cmu_142_21_00941_mirror,cmu_142_21_00941_mirror.bvh,cmu:142_21,CMU,cmu_motion_capture_database,142,,21,Singing in the rain jump,142_21.amc,,941,unknown,120,,,"[{""status"":""inferred"",""type"":""extract_frame""},{""status"":""paired_member_present"",""type"":""mirror""}]",https://mocap.cs.cmu.edu/search.php?subjectnumber=142&trinum=21,,sha256:7a5bd8c60b22df22b77c8ab3a0b5d6bf24d93511a01f971d169cd3c5f236312b,verified,derived_mirror,,
BVH-000471,cmu_142_22_00497,cmu_142_22_00497.bvh,cmu:142_22,CMU,cmu_motion_capture_database,142,,22,Sneaky,142_22.amc,,497,unknown,120,,,"[{""status"":""inferred"",""type"":""extract_frame""}]",https://mocap.cs.cmu.edu/search.php?subjectnumber=142&trinum=22,,sha256:7a5bd8c60b22df22b77c8ab3a0b5d6bf24d93511a01f971d169cd3c5f236312b,verified,unverified,,
BVH-000472,cmu_142_22_00497_mirror,cmu_142_22_00497_mirror.bvh,cmu:142_22,CMU,cmu_motion_capture_database,142,,22,Sneaky,142_22.amc,,497,unknown,120,,,"[{""status"":""inferred"",""type"":""extract_frame""},{""status"":""paired_member_present"",""type"":""mirror""}]",https://mocap.cs.cmu.edu/search.php?subjectnumber=142&trinum=22,,sha256:7a5bd8c60b22df22b77c8ab3a0b5d6bf24d93511a01f971d169cd3c5f236312b,verified,derived_mirror,,
BVH-000473,cmu_143_12_00168,cmu_143_12_00168.bvh,cmu:143_12,CMU,cmu_motion_capture_database,143,,12,Walk And Pick up Toolbox,143_12.amc,,168,unknown,120,,,"[{""status"":""inferred"",""type"":""extract_frame""}]",https://mocap.cs.cmu.edu/search.php?subjectnumber=143&trinum=12,,sha256:7a5bd8c60b22df22b77c8ab3a0b5d6bf24d93511a01f971d169cd3c5f236312b,verified,unverified,,
BVH-000474,cmu_143_12_00168_mirror,cmu_143_12_00168_mirror.bvh,cmu:143_12,CMU,cmu_motion_capture_database,143,,12,Walk And Pick up Toolbox,143_12.amc,,168,unknown,120,,,"[{""status"":""inferred"",""type"":""extract_frame""},{""status"":""paired_member_present"",""type"":""mirror""}]",https://mocap.cs.cmu.edu/search.php?subjectnumber=143&trinum=12,,sha256:7a5bd8c60b22df22b77c8ab3a0b5d6bf24d93511a01f971d169cd3c5f236312b,verified,derived_mirror,,
BVH-000475,cmu_143_13_00442,cmu_143_13_00442.bvh,cmu:143_13,CMU,cmu_motion_capture_database,143,,13,Walk and Pick up Laundry Basket,143_13.amc,,442,unknown,120,,,"[{""status"":""inferred"",""type"":""extract_frame""}]",https://mocap.cs.cmu.edu/search.php?subjectnumber=143&trinum=13,,sha256:7a5bd8c60b22df22b77c8ab3a0b5d6bf24d93511a01f971d169cd3c5f236312b,verified,unverified,,
BVH-000476,cmu_143_13_00442_mirror,cmu_143_13_00442_mirror.bvh,cmu:143_13,CMU,cmu_motion_capture_database,143,,13,Walk and Pick up Laundry Basket,143_13.amc,,442,unknown,120,,,"[{""status"":""inferred"",""type"":""extract_frame""},{""status"":""paired_member_present"",""type"":""mirror""}]",https://mocap.cs.cmu.edu/search.php?subjectnumber=143&trinum=13,,sha256:7a5bd8c60b22df22b77c8ab3a0b5d6bf24d93511a01f971d169cd3c5f236312b,verified,derived_mirror,,
BVH-000477,cmu_143_16_00087,cmu_143_16_00087.bvh,cmu:143_16,CMU,cmu_motion_capture_database,143,,16,Walk And Step Over,143_16.amc,,87,unknown,120,,,"[{""status"":""inferred"",""type"":""extract_frame""}]",https://mocap.cs.cmu.edu/search.php?subjectnumber=143&trinum=16,,sha256:7a5bd8c60b22df22b77c8ab3a0b5d6bf24d93511a01f971d169cd3c5f236312b,verified,unverified,,
BVH-000478,cmu_143_16_00087_mirror,cmu_143_16_00087_mirror.bvh,cmu:143_16,CMU,cmu_motion_capture_database,143,,16,Walk And Step Over,143_16.amc,,87,unknown,120,,,"[{""status"":""inferred"",""type"":""extract_frame""},{""status"":""paired_member_present"",""type"":""mirror""}]",https://mocap.cs.cmu.edu/search.php?subjectnumber=143&trinum=16,,sha256:7a5bd8c60b22df22b77c8ab3a0b5d6bf24d93511a01f971d169cd3c5f236312b,verified,derived_mirror,,
BVH-000479,cmu_144_06_03287,cmu_144_06_03287.bvh,cmu:144_06,CMU,cmu_motion_capture_database,144,,06,Front_Kicking001,144_06.amc,,3287,unknown,120,,,"[{""status"":""inferred"",""type"":""extract_frame""}]",https://mocap.cs.cmu.edu/search.php?subjectnumber=144&trinum=6,,sha256:7a5bd8c60b22df22b77c8ab3a0b5d6bf24d93511a01f971d169cd3c5f236312b,verified,unverified,,
BVH-000480,cmu_144_06_03287_mirror,cmu_144_06_03287_mirror.bvh,cmu:144_06,CMU,cmu_motion_capture_database,144,,06,Front_Kicking001,144_06.amc,,3287,unknown,120,,,"[{""status"":""inferred"",""type"":""extract_frame""},{""status"":""paired_member_present"",""type"":""mirror""}]",https://mocap.cs.cmu.edu/search.php?subjectnumber=144&trinum=6,,sha256:7a5bd8c60b22df22b77c8ab3a0b5d6bf24d93511a01f971d169cd3c5f236312b,verified,derived_mirror,,
BVH-000481,cmu_144_10_02831,cmu_144_10_02831.bvh,cmu:144_10,CMU,cmu_motion_capture_database,144,,10,Left_Front_Kicking001,144_10.amc,,2831,unknown,120,,,"[{""status"":""inferred"",""type"":""extract_frame""}]",https://mocap.cs.cmu.edu/search.php?subjectnumber=144&trinum=10,,sha256:7a5bd8c60b22df22b77c8ab3a0b5d6bf24d93511a01f971d169cd3c5f236312b,verified,unverified,,
BVH-000482,cmu_144_10_02831_mirror,cmu_144_10_02831_mirror.bvh,cmu:144_10,CMU,cmu_motion_capture_database,144,,10,Left_Front_Kicking001,144_10.amc,,2831,unknown,120,,,"[{""status"":""inferred"",""type"":""extract_frame""},{""status"":""paired_member_present"",""type"":""mirror""}]",https://mocap.cs.cmu.edu/search.php?subjectnumber=144&trinum=10,,sha256:7a5bd8c60b22df22b77c8ab3a0b5d6bf24d93511a01f971d169cd3c5f236312b,verified,derived_mirror,,
BVH-000483,cmu_144_15_02987,cmu_144_15_02987.bvh,cmu:144_15,CMU,cmu_motion_capture_database,144,,15,Left_Spin_reach001,144_15.amc,,2987,unknown,120,,,"[{""status"":""inferred"",""type"":""extract_frame""}]",https://mocap.cs.cmu.edu/search.php?subjectnumber=144&trinum=15,,sha256:7a5bd8c60b22df22b77c8ab3a0b5d6bf24d93511a01f971d169cd3c5f236312b,verified,unverified,,
BVH-000484,cmu_144_15_02987_mirror,cmu_144_15_02987_mirror.bvh,cmu:144_15,CMU,cmu_motion_capture_database,144,,15,Left_Spin_reach001,144_15.amc,,2987,unknown,120,,,"[{""status"":""inferred"",""type"":""extract_frame""},{""status"":""paired_member_present"",""type"":""mirror""}]",https://mocap.cs.cmu.edu/search.php?subjectnumber=144&trinum=15,,sha256:7a5bd8c60b22df22b77c8ab3a0b5d6bf24d93511a01f971d169cd3c5f236312b,verified,derived_mirror,,
BVH-000485,cmu_144_29_01174,cmu_144_29_01174.bvh,cmu:144_29,CMU,cmu_motion_capture_database,144,,29,Right_Spin_reach001,144_29.amc,,1174,unknown,120,,,"[{""status"":""inferred"",""type"":""extract_frame""}]",https://mocap.cs.cmu.edu/search.php?subjectnumber=144&trinum=29,,sha256:7a5bd8c60b22df22b77c8ab3a0b5d6bf24d93511a01f971d169cd3c5f236312b,verified,unverified,,
BVH-000486,cmu_144_29_01174_mirror,cmu_144_29_01174_mirror.bvh,cmu:144_29,CMU,cmu_motion_capture_database,144,,29,Right_Spin_reach001,144_29.amc,,1174,unknown,120,,,"[{""status"":""inferred"",""type"":""extract_frame""},{""status"":""paired_member_present"",""type"":""mirror""}]",https://mocap.cs.cmu.edu/search.php?subjectnumber=144&trinum=29,,sha256:7a5bd8c60b22df22b77c8ab3a0b5d6bf24d93511a01f971d169cd3c5f236312b,verified,derived_mirror,,
BVH-000487,cmu_14_06_02733,cmu_14_06_02733.bvh,cmu:14_06,CMU,cmu_motion_capture_database,14,,06,"jumping jacks, jog, squats, side twists, stretches",14_06.amc,,2733,unknown,120,,,"[{""status"":""inferred"",""type"":""extract_frame""}]",https://mocap.cs.cmu.edu/search.php?subjectnumber=14&trinum=6,,sha256:7a5bd8c60b22df22b77c8ab3a0b5d6bf24d93511a01f971d169cd3c5f236312b,verified,unverified,,
BVH-000488,cmu_14_06_02733_mirror,cmu_14_06_02733_mirror.bvh,cmu:14_06,CMU,cmu_motion_capture_database,14,,06,"jumping jacks, jog, squats, side twists, stretches",14_06.amc,,2733,unknown,120,,,"[{""status"":""inferred"",""type"":""extract_frame""},{""status"":""paired_member_present"",""type"":""mirror""}]",https://mocap.cs.cmu.edu/search.php?subjectnumber=14&trinum=6,,sha256:7a5bd8c60b22df22b77c8ab3a0b5d6bf24d93511a01f971d169cd3c5f236312b,verified,derived_mirror,,
BVH-000489,cmu_14_06_04154,cmu_14_06_04154.bvh,cmu:14_06,CMU,cmu_motion_capture_database,14,,06,"jumping jacks, jog, squats, side twists, stretches",14_06.amc,,4154,unknown,120,,,"[{""status"":""inferred"",""type"":""extract_frame""}]",https://mocap.cs.cmu.edu/search.php?subjectnumber=14&trinum=6,,sha256:7a5bd8c60b22df22b77c8ab3a0b5d6bf24d93511a01f971d169cd3c5f236312b,verified,unverified,,
BVH-000490,cmu_14_06_04154_mirror,cmu_14_06_04154_mirror.bvh,cmu:14_06,CMU,cmu_motion_capture_database,14,,06,"jumping jacks, jog, squats, side twists, stretches",14_06.amc,,4154,unknown,120,,,"[{""status"":""inferred"",""type"":""extract_frame""},{""status"":""paired_member_present"",""type"":""mirror""}]",https://mocap.cs.cmu.edu/search.php?subjectnumber=14&trinum=6,,sha256:7a5bd8c60b22df22b77c8ab3a0b5d6bf24d93511a01f971d169cd3c5f236312b,verified,derived_mirror,,
BVH-000491,cmu_14_08_02035,cmu_14_08_02035.bvh,cmu:14_08,CMU,cmu_motion_capture_database,14,,08,"jump up to grab, reach for, tiptoe",14_08.amc,,2035,unknown,120,,,"[{""status"":""inferred"",""type"":""extract_frame""}]",https://mocap.cs.cmu.edu/search.php?subjectnumber=14&trinum=8,,sha256:7a5bd8c60b22df22b77c8ab3a0b5d6bf24d93511a01f971d169cd3c5f236312b,verified,unverified,,
BVH-000492,cmu_14_08_02035_mirror,cmu_14_08_02035_mirror.bvh,cmu:14_08,CMU,cmu_motion_capture_database,14,,08,"jump up to grab, reach for, tiptoe",14_08.amc,,2035,unknown,120,,,"[{""status"":""inferred"",""type"":""extract_frame""},{""status"":""paired_member_present"",""type"":""mirror""}]",https://mocap.cs.cmu.edu/search.php?subjectnumber=14&trinum=8,,sha256:7a5bd8c60b22df22b77c8ab3a0b5d6bf24d93511a01f971d169cd3c5f236312b,verified,derived_mirror,,
BVH-000493,cmu_14_14_02089,cmu_14_14_02089.bvh,cmu:14_14,CMU,cmu_motion_capture_database,14,,14,"jumping jacks, jog, squats, side twists, stretches",14_14.amc,,2089,unknown,120,,,"[{""status"":""inferred"",""type"":""extract_frame""}]",https://mocap.cs.cmu.edu/search.php?subjectnumber=14&trinum=14,,sha256:7a5bd8c60b22df22b77c8ab3a0b5d6bf24d93511a01f971d169cd3c5f236312b,verified,unverified,,
BVH-000494,cmu_14_14_02089_mirror,cmu_14_14_02089_mirror.bvh,cmu:14_14,CMU,cmu_motion_capture_database,14,,14,"jumping jacks, jog, squats, side twists, stretches",14_14.amc,,2089,unknown,120,,,"[{""status"":""inferred"",""type"":""extract_frame""},{""status"":""paired_member_present"",""type"":""mirror""}]",https://mocap.cs.cmu.edu/search.php?subjectnumber=14&trinum=14,,sha256:7a5bd8c60b22df22b77c8ab3a0b5d6bf24d93511a01f971d169cd3c5f236312b,verified,derived_mirror,,
BVH-000495,cmu_14_14_04368,cmu_14_14_04368.bvh,cmu:14_14,CMU,cmu_motion_capture_database,14,,14,"jumping jacks, jog, squats, side twists, stretches",14_14.amc,,4368,unknown,120,,,"[{""status"":""inferred"",""type"":""extract_frame""}]",https://mocap.cs.cmu.edu/search.php?subjectnumber=14&trinum=14,,sha256:7a5bd8c60b22df22b77c8ab3a0b5d6bf24d93511a01f971d169cd3c5f236312b,verified,unverified,,
BVH-000496,cmu_14_14_04368_mirror,cmu_14_14_04368_mirror.bvh,cmu:14_14,CMU,cmu_motion_capture_database,14,,14,"jumping jacks, jog, squats, side twists, stretches",14_14.amc,,4368,unknown,120,,,"[{""status"":""inferred"",""type"":""extract_frame""},{""status"":""paired_member_present"",""type"":""mirror""}]",https://mocap.cs.cmu.edu/search.php?subjectnumber=14&trinum=14,,sha256:7a5bd8c60b22df22b77c8ab3a0b5d6bf24d93511a01f971d169cd3c5f236312b,verified,derived_mirror,,
BVH-000497,cmu_14_16_03756,cmu_14_16_03756.bvh,cmu:14_16,CMU,cmu_motion_capture_database,14,,16,sweep floor,14_16.amc,,3756,unknown,120,,,"[{""status"":""inferred"",""type"":""extract_frame""}]",https://mocap.cs.cmu.edu/search.php?subjectnumber=14&trinum=16,,sha256:7a5bd8c60b22df22b77c8ab3a0b5d6bf24d93511a01f971d169cd3c5f236312b,verified,unverified,,
BVH-000498,cmu_14_16_03756_mirror,cmu_14_16_03756_mirror.bvh,cmu:14_16,CMU,cmu_motion_capture_database,14,,16,sweep floor,14_16.amc,,3756,unknown,120,,,"[{""status"":""inferred"",""type"":""extract_frame""},{""status"":""paired_member_present"",""type"":""mirror""}]",https://mocap.cs.cmu.edu/search.php?subjectnumber=14&trinum=16,,sha256:7a5bd8c60b22df22b77c8ab3a0b5d6bf24d93511a01f971d169cd3c5f236312b,verified,derived_mirror,,
BVH-000499,cmu_14_17_00561,cmu_14_17_00561.bvh,cmu:14_17,CMU,cmu_motion_capture_database,14,,17,laugh,14_17.amc,,561,unknown,120,,,"[{""status"":""inferred"",""type"":""extract_frame""}]",https://mocap.cs.cmu.edu/search.php?subjectnumber=14&trinum=17,,sha256:7a5bd8c60b22df22b77c8ab3a0b5d6bf24d93511a01f971d169cd3c5f236312b,verified,unverified,,
BVH-000500,cmu_14_17_00561_mirror,cmu_14_17_00561_mirror.bvh,cmu:14_17,CMU,cmu_motion_capture_database,14,,17,laugh,14_17.amc,,561,unknown,120,,,"[{""status"":""inferred"",""type"":""extract_frame""},{""status"":""paired_member_present"",""type"":""mirror""}]",https://mocap.cs.cmu.edu/search.php?subjectnumber=14&trinum=17,,sha256:7a5bd8c60b22df22b77c8ab3a0b5d6bf24d93511a01f971d169cd3c5f236312b,verified,derived_mirror,,
BVH-000501,cmu_14_17_01938,cmu_14_17_01938.bvh,cmu:14_17,CMU,cmu_motion_capture_database,14,,17,laugh,14_17.amc,,1938,unknown,120,,,"[{""status"":""inferred"",""type"":""extract_frame""}]",https://mocap.cs.cmu.edu/search.php?subjectnumber=14&trinum=17,,sha256:7a5bd8c60b22df22b77c8ab3a0b5d6bf24d93511a01f971d169cd3c5f236312b,verified,unverified,,
BVH-000502,cmu_14_17_01938_mirror,cmu_14_17_01938_mirror.bvh,cmu:14_17,CMU,cmu_motion_capture_database,14,,17,laugh,14_17.amc,,1938,unknown,120,,,"[{""status"":""inferred"",""type"":""extract_frame""},{""status"":""paired_member_present"",""type"":""mirror""}]",https://mocap.cs.cmu.edu/search.php?subjectnumber=14&trinum=17,,sha256:7a5bd8c60b22df22b77c8ab3a0b5d6bf24d93511a01f971d169cd3c5f236312b,verified,derived_mirror,,
BVH-000503,cmu_14_18_02851,cmu_14_18_02851.bvh,cmu:14_18,CMU,cmu_motion_capture_database,14,,18,laugh,14_18.amc,,2851,unknown,120,,,"[{""status"":""inferred"",""type"":""extract_frame""}]",https://mocap.cs.cmu.edu/search.php?subjectnumber=14&trinum=18,,sha256:7a5bd8c60b22df22b77c8ab3a0b5d6bf24d93511a01f971d169cd3c5f236312b,verified,unverified,,
BVH-000504,cmu_14_18_02851_mirror,cmu_14_18_02851_mirror.bvh,cmu:14_18,CMU,cmu_motion_capture_database,14,,18,laugh,14_18.amc,,2851,unknown,120,,,"[{""status"":""inferred"",""type"":""extract_frame""},{""status"":""paired_member_present"",""type"":""mirror""}]",https://mocap.cs.cmu.edu/search.php?subjectnumber=14&trinum=18,,sha256:7a5bd8c60b22df22b77c8ab3a0b5d6bf24d93511a01f971d169cd3c5f236312b,verified,derived_mirror,,
BVH-000505,cmu_14_26_01830,cmu_14_26_01830.bvh,cmu:14_26,CMU,cmu_motion_capture_database,14,,26,"direct traffic, wave, point",14_26.amc,,1830,unknown,120,,,"[{""status"":""inferred"",""type"":""extract_frame""}]",https://mocap.cs.cmu.edu/search.php?subjectnumber=14&trinum=26,,sha256:7a5bd8c60b22df22b77c8ab3a0b5d6bf24d93511a01f971d169cd3c5f236312b,verified,unverified,,
BVH-000506,cmu_14_26_01830_mirror,cmu_14_26_01830_mirror.bvh,cmu:14_26,CMU,cmu_motion_capture_database,14,,26,"direct traffic, wave, point",14_26.amc,,1830,unknown,120,,,"[{""status"":""inferred"",""type"":""extract_frame""},{""status"":""paired_member_present"",""type"":""mirror""}]",https://mocap.cs.cmu.edu/search.php?subjectnumber=14&trinum=26,,sha256:7a5bd8c60b22df22b77c8ab3a0b5d6bf24d93511a01f971d169cd3c5f236312b,verified,derived_mirror,,
BVH-000507,cmu_14_34_00993,cmu_14_34_00993.bvh,cmu:14_34,CMU,cmu_motion_capture_database,14,,34,climb ladder,14_34.amc,,993,unknown,120,,,"[{""status"":""inferred"",""type"":""extract_frame""}]",https://mocap.cs.cmu.edu/search.php?subjectnumber=14&trinum=34,,sha256:7a5bd8c60b22df22b77c8ab3a0b5d6bf24d93511a01f971d169cd3c5f236312b,verified,unverified,,
BVH-000508,cmu_14_34_00993_mirror,cmu_14_34_00993_mirror.bvh,cmu:14_34,CMU,cmu_motion_capture_database,14,,34,climb ladder,14_34.amc,,993,unknown,120,,,"[{""status"":""inferred"",""type"":""extract_frame""},{""status"":""paired_member_present"",""type"":""mirror""}]",https://mocap.cs.cmu.edu/search.php?subjectnumber=14&trinum=34,,sha256:7a5bd8c60b22df22b77c8ab3a0b5d6bf24d93511a01f971d169cd3c5f236312b,verified,derived_mirror,,
BVH-000509,cmu_15_02_15689,cmu_15_02_15689.bvh,cmu:15_02,CMU,cmu_motion_capture_database,15,,02,"climb, step over, sit on, stand on stepstool",15_02.amc,,15689,unknown,120,,,"[{""status"":""inferred"",""type"":""extract_frame""}]",https://mocap.cs.cmu.edu/search.php?subjectnumber=15&trinum=2,,sha256:7a5bd8c60b22df22b77c8ab3a0b5d6bf24d93511a01f971d169cd3c5f236312b,verified,unverified,,
BVH-000510,cmu_15_02_15689_mirror,cmu_15_02_15689_mirror.bvh,cmu:15_02,CMU,cmu_motion_capture_database,15,,02,"climb, step over, sit on, stand on stepstool",15_02.amc,,15689,unknown,120,,,"[{""status"":""inferred"",""type"":""extract_frame""},{""status"":""paired_member_present"",""type"":""mirror""}]",https://mocap.cs.cmu.edu/search.php?subjectnumber=15&trinum=2,,sha256:7a5bd8c60b22df22b77c8ab3a0b5d6bf24d93511a01f971d169cd3c5f236312b,verified,derived_mirror,,
BVH-000511,cmu_15_06_01618,cmu_15_06_01618.bvh,cmu:15_06,CMU,cmu_motion_capture_database,15,,06,"lean forward, reach for",15_06.amc,,1618,unknown,120,,,"[{""status"":""inferred"",""type"":""extract_frame""}]",https://mocap.cs.cmu.edu/search.php?subjectnumber=15&trinum=6,,sha256:7a5bd8c60b22df22b77c8ab3a0b5d6bf24d93511a01f971d169cd3c5f236312b,verified,unverified,,
BVH-000512,cmu_15_06_01618_mirror,cmu_15_06_01618_mirror.bvh,cmu:15_06,CMU,cmu_motion_capture_database,15,,06,"lean forward, reach for",15_06.amc,,1618,unknown,120,,,"[{""status"":""inferred"",""type"":""extract_frame""},{""status"":""paired_member_present"",""type"":""mirror""}]",https://mocap.cs.cmu.edu/search.php?subjectnumber=15&trinum=6,,sha256:7a5bd8c60b22df22b77c8ab3a0b5d6bf24d93511a01f971d169cd3c5f236312b,verified,derived_mirror,,
BVH-000513,cmu_15_06_02280,cmu_15_06_02280.bvh,cmu:15_06,CMU,cmu_motion_capture_database,15,,06,"lean forward, reach for",15_06.amc,,2280,unknown,120,,,"[{""status"":""inferred"",""type"":""extract_frame""}]",https://mocap.cs.cmu.edu/search.php?subjectnumber=15&trinum=6,,sha256:7a5bd8c60b22df22b77c8ab3a0b5d6bf24d93511a01f971d169cd3c5f236312b,verified,unverified,,
BVH-000514,cmu_15_06_02280_mirror,cmu_15_06_02280_mirror.bvh,cmu:15_06,CMU,cmu_motion_capture_database,15,,06,"lean forward, reach for",15_06.amc,,2280,unknown,120,,,"[{""status"":""inferred"",""type"":""extract_frame""},{""status"":""paired_member_present"",""type"":""mirror""}]",https://mocap.cs.cmu.edu/search.php?subjectnumber=15&trinum=6,,sha256:7a5bd8c60b22df22b77c8ab3a0b5d6bf24d93511a01f971d169cd3c5f236312b,verified,derived_mirror,,
BVH-000515,cmu_15_07_03253,cmu_15_07_03253.bvh,cmu:15_07,CMU,cmu_motion_capture_database,15,,07,"lean forward, tiptoe, reach for",15_07.amc,,3253,unknown,120,,,"[{""status"":""inferred"",""type"":""extract_frame""}]",https://mocap.cs.cmu.edu/search.php?subjectnumber=15&trinum=7,,sha256:7a5bd8c60b22df22b77c8ab3a0b5d6bf24d93511a01f971d169cd3c5f236312b,verified,unverified,,
BVH-000516,cmu_15_07_03253_mirror,cmu_15_07_03253_mirror.bvh,cmu:15_07,CMU,cmu_motion_capture_database,15,,07,"lean forward, tiptoe, reach for",15_07.amc,,3253,unknown,120,,,"[{""status"":""inferred"",""type"":""extract_frame""},{""status"":""paired_member_present"",""type"":""mirror""}]",https://mocap.cs.cmu.edu/search.php?subjectnumber=15&trinum=7,,sha256:7a5bd8c60b22df22b77c8ab3a0b5d6bf24d93511a01f971d169cd3c5f236312b,verified,derived_mirror,,
BVH-000517,cmu_15_07_05049,cmu_15_07_05049.bvh,cmu:15_07,CMU,cmu_motion_capture_database,15,,07,"lean forward, tiptoe, reach for",15_07.amc,,5049,unknown,120,,,"[{""status"":""inferred"",""type"":""extract_frame""}]",https://mocap.cs.cmu.edu/search.php?subjectnumber=15&trinum=7,,sha256:7a5bd8c60b22df22b77c8ab3a0b5d6bf24d93511a01f971d169cd3c5f236312b,verified,unverified,,
BVH-000518,cmu_15_07_05049_mirror,cmu_15_07_05049_mirror.bvh,cmu:15_07,CMU,cmu_motion_capture_database,15,,07,"lean forward, tiptoe, reach for",15_07.amc,,5049,unknown,120,,,"[{""status"":""inferred"",""type"":""extract_frame""},{""status"":""paired_member_present"",""type"":""mirror""}]",https://mocap.cs.cmu.edu/search.php?subjectnumber=15&trinum=7,,sha256:7a5bd8c60b22df22b77c8ab3a0b5d6bf24d93511a01f971d169cd3c5f236312b,verified,derived_mirror,,
BVH-000519,cmu_18_03_00483,cmu_18_03_00483.bvh,cmu:18_03,CMU,cmu_motion_capture_database,18,,03,A pulls B; B resists (2 subjects - subject A),18_03.amc,,483,unknown,120,,,"[{""status"":""inferred"",""type"":""extract_frame""}]",https://mocap.cs.cmu.edu/search.php?subjectnumber=18&trinum=3,,sha256:7a5bd8c60b22df22b77c8ab3a0b5d6bf24d93511a01f971d169cd3c5f236312b,verified,unverified,,
BVH-000520,cmu_18_03_00483_mirror,cmu_18_03_00483_mirror.bvh,cmu:18_03,CMU,cmu_motion_capture_database,18,,03,A pulls B; B resists (2 subjects - subject A),18_03.amc,,483,unknown,120,,,"[{""status"":""inferred"",""type"":""extract_frame""},{""status"":""paired_member_present"",""type"":""mirror""}]",https://mocap.cs.cmu.edu/search.php?subjectnumber=18&trinum=3,,sha256:7a5bd8c60b22df22b77c8ab3a0b5d6bf24d93511a01f971d169cd3c5f236312b,verified,derived_mirror,,
BVH-000521,cmu_18_10_01583,cmu_18_10_01583.bvh,cmu:18_10,CMU,cmu_motion_capture_database,18,,10,quarrel - angry hand gestures (2 subjects - subject A),18_10.amc,,1583,unknown,120,,,"[{""status"":""inferred"",""type"":""extract_frame""}]",https://mocap.cs.cmu.edu/search.php?subjectnumber=18&trinum=10,,sha256:7a5bd8c60b22df22b77c8ab3a0b5d6bf24d93511a01f971d169cd3c5f236312b,verified,unverified,,
BVH-000522,cmu_18_10_01583_mirror,cmu_18_10_01583_mirror.bvh,cmu:18_10,CMU,cmu_motion_capture_database,18,,10,quarrel - angry hand gestures (2 subjects - subject A),18_10.amc,,1583,unknown,120,,,"[{""status"":""inferred"",""type"":""extract_frame""},{""status"":""paired_member_present"",""type"":""mirror""}]",https://mocap.cs.cmu.edu/search.php?subjectnumber=18&trinum=10,,sha256:7a5bd8c60b22df22b77c8ab3a0b5d6bf24d93511a01f971d169cd3c5f236312b,verified,derived_mirror,,
BVH-000523,cmu_18_13_00237,cmu_18_13_00237.bvh,cmu:18_13,CMU,cmu_motion_capture_database,18,,13,"run, scramble for last seat (2 subjects - subject A)",18_13.amc,,237,unknown,120,,,"[{""status"":""inferred"",""type"":""extract_frame""}]",https://mocap.cs.cmu.edu/search.php?subjectnumber=18&trinum=13,,sha256:7a5bd8c60b22df22b77c8ab3a0b5d6bf24d93511a01f971d169cd3c5f236312b,verified,unverified,,
BVH-000524,cmu_18_13_00237_mirror,cmu_18_13_00237_mirror.bvh,cmu:18_13,CMU,cmu_motion_capture_database,18,,13,"run, scramble for last seat (2 subjects - subject A)",18_13.amc,,237,unknown,120,,,"[{""status"":""inferred"",""type"":""extract_frame""},{""status"":""paired_member_present"",""type"":""mirror""}]",https://mocap.cs.cmu.edu/search.php?subjectnumber=18&trinum=13,,sha256:7a5bd8c60b22df22b77c8ab3a0b5d6bf24d93511a01f971d169cd3c5f236312b,verified,derived_mirror,,
BVH-000525,cmu_18_14_00277,cmu_18_14_00277.bvh,cmu:18_14,CMU,cmu_motion_capture_database,18,,14,"run, scramble for last seat (2 subjects - subject A)",18_14.amc,,277,unknown,120,,,"[{""status"":""inferred"",""type"":""extract_frame""}]",https://mocap.cs.cmu.edu/search.php?subjectnumber=18&trinum=14,,sha256:7a5bd8c60b22df22b77c8ab3a0b5d6bf24d93511a01f971d169cd3c5f236312b,verified,unverified,,
BVH-000526,cmu_18_14_00277_mirror,cmu_18_14_00277_mirror.bvh,cmu:18_14,CMU,cmu_motion_capture_database,18,,14,"run, scramble for last seat (2 subjects - subject A)",18_14.amc,,277,unknown,120,,,"[{""status"":""inferred"",""type"":""extract_frame""},{""status"":""paired_member_present"",""type"":""mirror""}]",https://mocap.cs.cmu.edu/search.php?subjectnumber=18&trinum=14,,sha256:7a5bd8c60b22df22b77c8ab3a0b5d6bf24d93511a01f971d169cd3c5f236312b,verified,derived_mirror,,
BVH-000527,cmu_18_15_01222,cmu_18_15_01222.bvh,cmu:18_15,CMU,cmu_motion_capture_database,18,,15,chicken dance (2 subjects - subject A),18_15.amc,,1222,unknown,120,,,"[{""status"":""inferred"",""type"":""extract_frame""}]",https://mocap.cs.cmu.edu/search.php?subjectnumber=18&trinum=15,,sha256:7a5bd8c60b22df22b77c8ab3a0b5d6bf24d93511a01f971d169cd3c5f236312b,verified,unverified,,
BVH-000528,cmu_18_15_01222_mirror,cmu_18_15_01222_mirror.bvh,cmu:18_15,CMU,cmu_motion_capture_database,18,,15,chicken dance (2 subjects - subject A),18_15.amc,,1222,unknown,120,,,"[{""status"":""inferred"",""type"":""extract_frame""},{""status"":""paired_member_present"",""type"":""mirror""}]",https://mocap.cs.cmu.edu/search.php?subjectnumber=18&trinum=15,,sha256:7a5bd8c60b22df22b77c8ab3a0b5d6bf24d93511a01f971d169cd3c5f236312b,verified,derived_mirror,,
BVH-000529,cmu_19_03_00471,cmu_19_03_00471.bvh,cmu:19_03,CMU,cmu_motion_capture_database,19,,03,A pulls B; B resists (2 subjects - subject B),19_03.amc,,471,unknown,120,,,"[{""status"":""inferred"",""type"":""extract_frame""}]",https://mocap.cs.cmu.edu/search.php?subjectnumber=19&trinum=3,,sha256:7a5bd8c60b22df22b77c8ab3a0b5d6bf24d93511a01f971d169cd3c5f236312b,verified,unverified,,
BVH-000530,cmu_19_03_00471_mirror,cmu_19_03_00471_mirror.bvh,cmu:19_03,CMU,cmu_motion_capture_database,19,,03,A pulls B; B resists (2 subjects - subject B),19_03.amc,,471,unknown,120,,,"[{""status"":""inferred"",""type"":""extract_frame""},{""status"":""paired_member_present"",""type"":""mirror""}]",https://mocap.cs.cmu.edu/search.php?subjectnumber=19&trinum=3,,sha256:7a5bd8c60b22df22b77c8ab3a0b5d6bf24d93511a01f971d169cd3c5f236312b,verified,derived_mirror,,
BVH-000531,cmu_20_06_00212,cmu_20_06_00212.bvh,cmu:20_06,CMU,cmu_motion_capture_database,20,,06,soldiers march (2 subjects - subject A),20_06.amc,,212,unknown,120,,,"[{""status"":""inferred"",""type"":""extract_frame""}]",https://mocap.cs.cmu.edu/search.php?subjectnumber=20&trinum=6,,sha256:7a5bd8c60b22df22b77c8ab3a0b5d6bf24d93511a01f971d169cd3c5f236312b,verified,unverified,,
BVH-000532,cmu_20_06_00212_mirror,cmu_20_06_00212_mirror.bvh,cmu:20_06,CMU,cmu_motion_capture_database,20,,06,soldiers march (2 subjects - subject A),20_06.amc,,212,unknown,120,,,"[{""status"":""inferred"",""type"":""extract_frame""},{""status"":""paired_member_present"",""type"":""mirror""}]",https://mocap.cs.cmu.edu/search.php?subjectnumber=20&trinum=6,,sha256:7a5bd8c60b22df22b77c8ab3a0b5d6bf24d93511a01f971d169cd3c5f236312b,verified,derived_mirror,,
BVH-000533,cmu_20_09_00412,cmu_20_09_00412.bvh,cmu:20_09,CMU,cmu_motion_capture_database,20,,09,nursery rhyme - ring around the rosey (2 subjects - subject A),20_09.amc,,412,unknown,120,,,"[{""status"":""inferred"",""type"":""extract_frame""}]",https://mocap.cs.cmu.edu/search.php?subjectnumber=20&trinum=9,,sha256:7a5bd8c60b22df22b77c8ab3a0b5d6bf24d93511a01f971d169cd3c5f236312b,verified,unverified,,
BVH-000534,cmu_20_09_00412_mirror,cmu_20_09_00412_mirror.bvh,cmu:20_09,CMU,cmu_motion_capture_database,20,,09,nursery rhyme - ring around the rosey (2 subjects - subject A),20_09.amc,,412,unknown,120,,,"[{""status"":""inferred"",""type"":""extract_frame""},{""status"":""paired_member_present"",""type"":""mirror""}]",https://mocap.cs.cmu.edu/search.php?subjectnumber=20&trinum=9,,sha256:7a5bd8c60b22df22b77c8ab3a0b5d6bf24d93511a01f971d169cd3c5f236312b,verified,derived_mirror,,
BVH-000535,cmu_20_10_00444,cmu_20_10_00444.bvh,cmu:20_10,CMU,cmu_motion_capture_database,20,,10,360-degree two-person whip (2 subjects - subject A),20_10.amc,,444,unknown,120,,,"[{""status"":""inferred"",""type"":""extract_frame""}]",https://mocap.cs.cmu.edu/search.php?subjectnumber=20&trinum=10,,sha256:7a5bd8c60b22df22b77c8ab3a0b5d6bf24d93511a01f971d169cd3c5f236312b,verified,unverified,,
BVH-000536,cmu_20_10_00444_mirror,cmu_20_10_00444_mirror.bvh,cmu:20_10,CMU,cmu_motion_capture_database,20,,10,360-degree two-person whip (2 subjects - subject A),20_10.amc,,444,unknown,120,,,"[{""status"":""inferred"",""type"":""extract_frame""},{""status"":""paired_member_present"",""type"":""mirror""}]",https://mocap.cs.cmu.edu/search.php?subjectnumber=20&trinum=10,,sha256:7a5bd8c60b22df22b77c8ab3a0b5d6bf24d93511a01f971d169cd3c5f236312b,verified,derived_mirror,,
BVH-000537,cmu_21_06_00289,cmu_21_06_00289.bvh,cmu:21_06,CMU,cmu_motion_capture_database,21,,06,soldiers march (2 subjects - subject B),21_06.amc,,289,unknown,120,,,"[{""status"":""inferred"",""type"":""extract_frame""}]",https://mocap.cs.cmu.edu/search.php?subjectnumber=21&trinum=6,,sha256:7a5bd8c60b22df22b77c8ab3a0b5d6bf24d93511a01f971d169cd3c5f236312b,verified,unverified,,
BVH-000538,cmu_21_06_00289_mirror,cmu_21_06_00289_mirror.bvh,cmu:21_06,CMU,cmu_motion_capture_database,21,,06,soldiers march (2 subjects - subject B),21_06.amc,,289,unknown,120,,,"[{""status"":""inferred"",""type"":""extract_frame""},{""status"":""paired_member_present"",""type"":""mirror""}]",https://mocap.cs.cmu.edu/search.php?subjectnumber=21&trinum=6,,sha256:7a5bd8c60b22df22b77c8ab3a0b5d6bf24d93511a01f971d169cd3c5f236312b,verified,derived_mirror,,
BVH-000539,cmu_21_09_00146,cmu_21_09_00146.bvh,cmu:21_09,CMU,cmu_motion_capture_database,21,,09,nursery rhyme - ring around the rosey (2 subjects - subject B),21_09.amc,,146,unknown,120,,,"[{""status"":""inferred"",""type"":""extract_frame""}]",https://mocap.cs.cmu.edu/search.php?subjectnumber=21&trinum=9,,sha256:7a5bd8c60b22df22b77c8ab3a0b5d6bf24d93511a01f971d169cd3c5f236312b,verified,unverified,,
BVH-000540,cmu_21_09_00146_mirror,cmu_21_09_00146_mirror.bvh,cmu:21_09,CMU,cmu_motion_capture_database,21,,09,nursery rhyme - ring around the rosey (2 subjects - subject B),21_09.amc,,146,unknown,120,,,"[{""status"":""inferred"",""type"":""extract_frame""},{""status"":""paired_member_present"",""type"":""mirror""}]",https://mocap.cs.cmu.edu/search.php?subjectnumber=21&trinum=9,,sha256:7a5bd8c60b22df22b77c8ab3a0b5d6bf24d93511a01f971d169cd3c5f236312b,verified,derived_mirror,,
BVH-000541,cmu_21_13_01353,cmu_21_13_01353.bvh,cmu:21_13,CMU,cmu_motion_capture_database,21,,13,blind man's bluff (blindfold tag) (2 subjects - subject B),21_13.amc,,1353,unknown,120,,,"[{""status"":""inferred"",""type"":""extract_frame""}]",https://mocap.cs.cmu.edu/search.php?subjectnumber=21&trinum=13,,sha256:7a5bd8c60b22df22b77c8ab3a0b5d6bf24d93511a01f971d169cd3c5f236312b,verified,unverified,,
BVH-000542,cmu_21_13_01353_mirror,cmu_21_13_01353_mirror.bvh,cmu:21_13,CMU,cmu_motion_capture_database,21,,13,blind man's bluff (blindfold tag) (2 subjects - subject B),21_13.amc,,1353,unknown,120,,,"[{""status"":""inferred"",""type"":""extract_frame""},{""status"":""paired_member_present"",""type"":""mirror""}]",https://mocap.cs.cmu.edu/search.php?subjectnumber=21&trinum=13,,sha256:7a5bd8c60b22df22b77c8ab3a0b5d6bf24d93511a01f971d169cd3c5f236312b,verified,derived_mirror,,
BVH-000543,cmu_22_03_00812,cmu_22_03_00812.bvh,cmu:22_03,CMU,cmu_motion_capture_database,22,,03,"A sits, holds face in hands; B kneels, comforts A (2 subjects - subject A)",22_03.amc,,812,unknown,120,,,"[{""status"":""inferred"",""type"":""extract_frame""}]",https://mocap.cs.cmu.edu/search.php?subjectnumber=22&trinum=3,,sha256:7a5bd8c60b22df22b77c8ab3a0b5d6bf24d93511a01f971d169cd3c5f236312b,verified,unverified,,
BVH-000544,cmu_22_03_00812_mirror,cmu_22_03_00812_mirror.bvh,cmu:22_03,CMU,cmu_motion_capture_database,22,,03,"A sits, holds face in hands; B kneels, comforts A (2 subjects - subject A)",22_03.amc,,812,unknown,120,,,"[{""status"":""inferred"",""type"":""extract_frame""},{""status"":""paired_member_present"",""type"":""mirror""}]",https://mocap.cs.cmu.edu/search.php?subjectnumber=22&trinum=3,,sha256:7a5bd8c60b22df22b77c8ab3a0b5d6bf24d93511a01f971d169cd3c5f236312b,verified,derived_mirror,,
BVH-000545,cmu_22_17_00560,cmu_22_17_00560.bvh,cmu:22_17,CMU,cmu_motion_capture_database,22,,17,"rush up, arm wrestle (2 subjects - subject A)",22_17.amc,,560,unknown,120,,,"[{""status"":""inferred"",""type"":""extract_frame""}]",https://mocap.cs.cmu.edu/search.php?subjectnumber=22&trinum=17,,sha256:7a5bd8c60b22df22b77c8ab3a0b5d6bf24d93511a01f971d169cd3c5f236312b,verified,unverified,,
BVH-000546,cmu_22_17_00560_mirror,cmu_22_17_00560_mirror.bvh,cmu:22_17,CMU,cmu_motion_capture_database,22,,17,"rush up, arm wrestle (2 subjects - subject A)",22_17.amc,,560,unknown,120,,,"[{""status"":""inferred"",""type"":""extract_frame""},{""status"":""paired_member_present"",""type"":""mirror""}]",https://mocap.cs.cmu.edu/search.php?subjectnumber=22&trinum=17,,sha256:7a5bd8c60b22df22b77c8ab3a0b5d6bf24d93511a01f971d169cd3c5f236312b,verified,derived_mirror,,
BVH-000547,cmu_23_03_00182,cmu_23_03_00182.bvh,cmu:23_03,CMU,cmu_motion_capture_database,23,,03,"A sits, holds face in hands; B kneels, comforts A (2 subjects - subject B)",23_03.amc,,182,unknown,120,,,"[{""status"":""inferred"",""type"":""extract_frame""}]",https://mocap.cs.cmu.edu/search.php?subjectnumber=23&trinum=3,,sha256:7a5bd8c60b22df22b77c8ab3a0b5d6bf24d93511a01f971d169cd3c5f236312b,verified,unverified,,
BVH-000548,cmu_23_03_00182_mirror,cmu_23_03_00182_mirror.bvh,cmu:23_03,CMU,cmu_motion_capture_database,23,,03,"A sits, holds face in hands; B kneels, comforts A (2 subjects - subject B)",23_03.amc,,182,unknown,120,,,"[{""status"":""inferred"",""type"":""extract_frame""},{""status"":""paired_member_present"",""type"":""mirror""}]",https://mocap.cs.cmu.edu/search.php?subjectnumber=23&trinum=3,,sha256:7a5bd8c60b22df22b77c8ab3a0b5d6bf24d93511a01f971d169cd3c5f236312b,verified,derived_mirror,,
BVH-000549,cmu_23_11_00309,cmu_23_11_00309.bvh,cmu:23_11,CMU,cmu_motion_capture_database,23,,11,"B shelters A, a younger child, from harm (2 subjects - subject B)",23_11.amc,,309,unknown,120,,,"[{""status"":""inferred"",""type"":""extract_frame""}]",https://mocap.cs.cmu.edu/search.php?subjectnumber=23&trinum=11,,sha256:7a5bd8c60b22df22b77c8ab3a0b5d6bf24d93511a01f971d169cd3c5f236312b,verified,unverified,,
BVH-000550,cmu_23_11_00309_mirror,cmu_23_11_00309_mirror.bvh,cmu:23_11,CMU,cmu_motion_capture_database,23,,11,"B shelters A, a younger child, from harm (2 subjects - subject B)",23_11.amc,,309,unknown,120,,,"[{""status"":""inferred"",""type"":""extract_frame""},{""status"":""paired_member_present"",""type"":""mirror""}]",https://mocap.cs.cmu.edu/search.php?subjectnumber=23&trinum=11,,sha256:7a5bd8c60b22df22b77c8ab3a0b5d6bf24d93511a01f971d169cd3c5f236312b,verified,derived_mirror,,
BVH-000551,cmu_23_17_00050,cmu_23_17_00050.bvh,cmu:23_17,CMU,cmu_motion_capture_database,23,,17,"rush up, arm wrestle (2 subjects - subject B)",23_17.amc,,50,unknown,120,,,"[{""status"":""inferred"",""type"":""extract_frame""}]",https://mocap.cs.cmu.edu/search.php?subjectnumber=23&trinum=17,,sha256:7a5bd8c60b22df22b77c8ab3a0b5d6bf24d93511a01f971d169cd3c5f236312b,verified,unverified,,
BVH-000552,cmu_23_17_00050_mirror,cmu_23_17_00050_mirror.bvh,cmu:23_17,CMU,cmu_motion_capture_database,23,,17,"rush up, arm wrestle (2 subjects - subject B)",23_17.amc,,50,unknown,120,,,"[{""status"":""inferred"",""type"":""extract_frame""},{""status"":""paired_member_present"",""type"":""mirror""}]",https://mocap.cs.cmu.edu/search.php?subjectnumber=23&trinum=17,,sha256:7a5bd8c60b22df22b77c8ab3a0b5d6bf24d93511a01f971d169cd3c5f236312b,verified,derived_mirror,,
BVH-000553,cmu_23_19_00009,cmu_23_19_00009.bvh,cmu:23_19,CMU,cmu_motion_capture_database,23,,19,"B stares down A, leans with hands on high stool (2 subjects - subject B)",23_19.amc,,9,unknown,120,,,"[{""status"":""inferred"",""type"":""extract_frame""}]",https://mocap.cs.cmu.edu/search.php?subjectnumber=23&trinum=19,,sha256:7a5bd8c60b22df22b77c8ab3a0b5d6bf24d93511a01f971d169cd3c5f236312b,verified,unverified,,
BVH-000554,cmu_23_19_00009_mirror,cmu_23_19_00009_mirror.bvh,cmu:23_19,CMU,cmu_motion_capture_database,23,,19,"B stares down A, leans with hands on high stool (2 subjects - subject B)",23_19.amc,,9,unknown,120,,,"[{""status"":""inferred"",""type"":""extract_frame""},{""status"":""paired_member_present"",""type"":""mirror""}]",https://mocap.cs.cmu.edu/search.php?subjectnumber=23&trinum=19,,sha256:7a5bd8c60b22df22b77c8ab3a0b5d6bf24d93511a01f971d169cd3c5f236312b,verified,derived_mirror,,
BVH-000555,cmu_23_20_00207,cmu_23_20_00207.bvh,cmu:23_20,CMU,cmu_motion_capture_database,23,,20,"violence - A picks up high stool, threatens to strike B (2 subjects - subject B)",23_20.amc,,207,unknown,120,,,"[{""status"":""inferred"",""type"":""extract_frame""}]",https://mocap.cs.cmu.edu/search.php?subjectnumber=23&trinum=20,,sha256:7a5bd8c60b22df22b77c8ab3a0b5d6bf24d93511a01f971d169cd3c5f236312b,verified,unverified,,
BVH-000556,cmu_23_20_00207_mirror,cmu_23_20_00207_mirror.bvh,cmu:23_20,CMU,cmu_motion_capture_database,23,,20,"violence - A picks up high stool, threatens to strike B (2 subjects - subject B)",23_20.amc,,207,unknown,120,,,"[{""status"":""inferred"",""type"":""extract_frame""},{""status"":""paired_member_present"",""type"":""mirror""}]",https://mocap.cs.cmu.edu/search.php?subjectnumber=23&trinum=20,,sha256:7a5bd8c60b22df22b77c8ab3a0b5d6bf24d93511a01f971d169cd3c5f236312b,verified,derived_mirror,,
BVH-000557,cmu_25_01_01419,cmu_25_01_01419.bvh,cmu:25_01,CMU,cmu_motion_capture_database,25,,01,"nursery rhyme - ""I'm a little teapot...""",25_01.amc,,1419,unknown,120,,,"[{""status"":""inferred"",""type"":""extract_frame""}]",https://mocap.cs.cmu.edu/search.php?subjectnumber=25&trinum=1,,sha256:7a5bd8c60b22df22b77c8ab3a0b5d6bf24d93511a01f971d169cd3c5f236312b,verified,unverified,,
BVH-000558,cmu_25_01_01419_mirror,cmu_25_01_01419_mirror.bvh,cmu:25_01,CMU,cmu_motion_capture_database,25,,01,"nursery rhyme - ""I'm a little teapot...""",25_01.amc,,1419,unknown,120,,,"[{""status"":""inferred"",""type"":""extract_frame""},{""status"":""paired_member_present"",""type"":""mirror""}]",https://mocap.cs.cmu.edu/search.php?subjectnumber=25&trinum=1,,sha256:7a5bd8c60b22df22b77c8ab3a0b5d6bf24d93511a01f971d169cd3c5f236312b,verified,derived_mirror,,
BVH-000559,cmu_26_09_00271,cmu_26_09_00271.bvh,cmu:26_09,CMU,cmu_motion_capture_database,26,,09,"bend, pick up",26_09.amc,,271,unknown,120,,,"[{""status"":""inferred"",""type"":""extract_frame""}]",https://mocap.cs.cmu.edu/search.php?subjectnumber=26&trinum=9,,sha256:7a5bd8c60b22df22b77c8ab3a0b5d6bf24d93511a01f971d169cd3c5f236312b,verified,unverified,,
BVH-000560,cmu_26_09_00271_mirror,cmu_26_09_00271_mirror.bvh,cmu:26_09,CMU,cmu_motion_capture_database,26,,09,"bend, pick up",26_09.amc,,271,unknown,120,,,"[{""status"":""inferred"",""type"":""extract_frame""},{""status"":""paired_member_present"",""type"":""mirror""}]",https://mocap.cs.cmu.edu/search.php?subjectnumber=26&trinum=9,,sha256:7a5bd8c60b22df22b77c8ab3a0b5d6bf24d93511a01f971d169cd3c5f236312b,verified,derived_mirror,,
BVH-000561,cmu_27_05_05673,cmu_27_05_05673.bvh,cmu:27_05,CMU,cmu_motion_capture_database,27,,05,nursery rhyme - Cock Robin,27_05.amc,,5673,unknown,120,,,"[{""status"":""inferred"",""type"":""extract_frame""}]",https://mocap.cs.cmu.edu/search.php?subjectnumber=27&trinum=5,,sha256:7a5bd8c60b22df22b77c8ab3a0b5d6bf24d93511a01f971d169cd3c5f236312b,verified,unverified,,
BVH-000562,cmu_27_05_05673_mirror,cmu_27_05_05673_mirror.bvh,cmu:27_05,CMU,cmu_motion_capture_database,27,,05,nursery rhyme - Cock Robin,27_05.amc,,5673,unknown,120,,,"[{""status"":""inferred"",""type"":""extract_frame""},{""status"":""paired_member_present"",""type"":""mirror""}]",https://mocap.cs.cmu.edu/search.php?subjectnumber=27&trinum=5,,sha256:7a5bd8c60b22df22b77c8ab3a0b5d6bf24d93511a01f971d169cd3c5f236312b,verified,derived_mirror,,
BVH-000563,cmu_27_07_01023,cmu_27_07_01023.bvh,cmu:27_07,CMU,cmu_motion_capture_database,27,,07,"nursery rhyme - ""I'm a little teapot...""",27_07.amc,,1023,unknown,120,,,"[{""status"":""inferred"",""type"":""extract_frame""}]",https://mocap.cs.cmu.edu/search.php?subjectnumber=27&trinum=7,,sha256:7a5bd8c60b22df22b77c8ab3a0b5d6bf24d93511a01f971d169cd3c5f236312b,verified,unverified,,
BVH-000564,cmu_27_07_01023_mirror,cmu_27_07_01023_mirror.bvh,cmu:27_07,CMU,cmu_motion_capture_database,27,,07,"nursery rhyme - ""I'm a little teapot...""",27_07.amc,,1023,unknown,120,,,"[{""status"":""inferred"",""type"":""extract_frame""},{""status"":""paired_member_present"",""type"":""mirror""}]",https://mocap.cs.cmu.edu/search.php?subjectnumber=27&trinum=7,,sha256:7a5bd8c60b22df22b77c8ab3a0b5d6bf24d93511a01f971d169cd3c5f236312b,verified,derived_mirror,,
BVH-000565,cmu_27_11_01739,cmu_27_11_01739.bvh,cmu:27_11,CMU,cmu_motion_capture_database,27,,11,prairie dog (human subject),27_11.amc,,1739,unknown,120,,,"[{""status"":""inferred"",""type"":""extract_frame""}]",https://mocap.cs.cmu.edu/search.php?subjectnumber=27&trinum=11,,sha256:7a5bd8c60b22df22b77c8ab3a0b5d6bf24d93511a01f971d169cd3c5f236312b,verified,unverified,,
BVH-000566,cmu_27_11_01739_mirror,cmu_27_11_01739_mirror.bvh,cmu:27_11,CMU,cmu_motion_capture_database,27,,11,prairie dog (human subject),27_11.amc,,1739,unknown,120,,,"[{""status"":""inferred"",""type"":""extract_frame""},{""status"":""paired_member_present"",""type"":""mirror""}]",https://mocap.cs.cmu.edu/search.php?subjectnumber=27&trinum=11,,sha256:7a5bd8c60b22df22b77c8ab3a0b5d6bf24d93511a01f971d169cd3c5f236312b,verified,derived_mirror,,
BVH-000567,cmu_28_04_06769,cmu_28_04_06769.bvh,cmu:28_04,CMU,cmu_motion_capture_database,28,,04,nursery rhyme - Cock Robin,28_04.amc,,6769,unknown,120,,,"[{""status"":""inferred"",""type"":""extract_frame""}]",https://mocap.cs.cmu.edu/search.php?subjectnumber=28&trinum=4,,sha256:7a5bd8c60b22df22b77c8ab3a0b5d6bf24d93511a01f971d169cd3c5f236312b,verified,unverified,,
BVH-000568,cmu_28_04_06769_mirror,cmu_28_04_06769_mirror.bvh,cmu:28_04,CMU,cmu_motion_capture_database,28,,04,nursery rhyme - Cock Robin,28_04.amc,,6769,unknown,120,,,"[{""status"":""inferred"",""type"":""extract_frame""},{""status"":""paired_member_present"",""type"":""mirror""}]",https://mocap.cs.cmu.edu/search.php?subjectnumber=28&trinum=4,,sha256:7a5bd8c60b22df22b77c8ab3a0b5d6bf24d93511a01f971d169cd3c5f236312b,verified,derived_mirror,,
BVH-000569,cmu_28_06_01806,cmu_28_06_01806.bvh,cmu:28_06,CMU,cmu_motion_capture_database,28,,06,"nursery rhyme - ""I'm a little teapot...""",28_06.amc,,1806,unknown,120,,,"[{""status"":""inferred"",""type"":""extract_frame""}]",https://mocap.cs.cmu.edu/search.php?subjectnumber=28&trinum=6,,sha256:7a5bd8c60b22df22b77c8ab3a0b5d6bf24d93511a01f971d169cd3c5f236312b,verified,unverified,,
BVH-000570,cmu_28_06_01806_mirror,cmu_28_06_01806_mirror.bvh,cmu:28_06,CMU,cmu_motion_capture_database,28,,06,"nursery rhyme - ""I'm a little teapot...""",28_06.amc,,1806,unknown,120,,,"[{""status"":""inferred"",""type"":""extract_frame""},{""status"":""paired_member_present"",""type"":""mirror""}]",https://mocap.cs.cmu.edu/search.php?subjectnumber=28&trinum=6,,sha256:7a5bd8c60b22df22b77c8ab3a0b5d6bf24d93511a01f971d169cd3c5f236312b,verified,derived_mirror,,
BVH-000571,cmu_28_15_00772,cmu_28_15_00772.bvh,cmu:28_15,CMU,cmu_motion_capture_database,28,,15,monkey (human subject),28_15.amc,,772,unknown,120,,,"[{""status"":""inferred"",""type"":""extract_frame""}]",https://mocap.cs.cmu.edu/search.php?subjectnumber=28&trinum=15,,sha256:7a5bd8c60b22df22b77c8ab3a0b5d6bf24d93511a01f971d169cd3c5f236312b,verified,unverified,,
BVH-000572,cmu_28_15_00772_mirror,cmu_28_15_00772_mirror.bvh,cmu:28_15,CMU,cmu_motion_capture_database,28,,15,monkey (human subject),28_15.amc,,772,unknown,120,,,"[{""status"":""inferred"",""type"":""extract_frame""},{""status"":""paired_member_present"",""type"":""mirror""}]",https://mocap.cs.cmu.edu/search.php?subjectnumber=28&trinum=15,,sha256:7a5bd8c60b22df22b77c8ab3a0b5d6bf24d93511a01f971d169cd3c5f236312b,verified,derived_mirror,,
BVH-000573,cmu_49_04_00179,cmu_49_04_00179.bvh,cmu:49_04,CMU,cmu_motion_capture_database,49,,04,"run, leap",49_04.amc,,179,unknown,120,,,"[{""status"":""inferred"",""type"":""extract_frame""}]",https://mocap.cs.cmu.edu/search.php?subjectnumber=49&trinum=4,,sha256:7a5bd8c60b22df22b77c8ab3a0b5d6bf24d93511a01f971d169cd3c5f236312b,verified,unverified,,
BVH-000574,cmu_49_04_00179_mirror,cmu_49_04_00179_mirror.bvh,cmu:49_04,CMU,cmu_motion_capture_database,49,,04,"run, leap",49_04.amc,,179,unknown,120,,,"[{""status"":""inferred"",""type"":""extract_frame""},{""status"":""paired_member_present"",""type"":""mirror""}]",https://mocap.cs.cmu.edu/search.php?subjectnumber=49&trinum=4,,sha256:7a5bd8c60b22df22b77c8ab3a0b5d6bf24d93511a01f971d169cd3c5f236312b,verified,derived_mirror,,
BVH-000575,cmu_49_06_00343_ground,cmu_49_06_00343_ground.bvh,cmu:49_06,CMU,cmu_motion_capture_database,49,,06,cartwheel,49_06.amc,,343,unknown,120,,,"[{""status"":""inferred"",""type"":""extract_frame""},{""status"":""filename_inferred"",""type"":""ground""}]",https://mocap.cs.cmu.edu/search.php?subjectnumber=49&trinum=6,,sha256:7a5bd8c60b22df22b77c8ab3a0b5d6bf24d93511a01f971d169cd3c5f236312b,verified,unverified,,
BVH-000576,cmu_49_06_00343_ground_mirror,cmu_49_06_00343_ground_mirror.bvh,cmu:49_06,CMU,cmu_motion_capture_database,49,,06,cartwheel,49_06.amc,,343,unknown,120,,,"[{""status"":""inferred"",""type"":""extract_frame""},{""status"":""filename_inferred"",""type"":""ground""},{""status"":""paired_member_present"",""type"":""mirror""}]",https://mocap.cs.cmu.edu/search.php?subjectnumber=49&trinum=6,,sha256:7a5bd8c60b22df22b77c8ab3a0b5d6bf24d93511a01f971d169cd3c5f236312b,verified,derived_mirror,,
BVH-000577,cmu_49_08_00164_ground,cmu_49_08_00164_ground.bvh,cmu:49_08,CMU,cmu_motion_capture_database,49,,08,cartwheels,49_08.amc,,164,unknown,120,,,"[{""status"":""inferred"",""type"":""extract_frame""},{""status"":""filename_inferred"",""type"":""ground""}]",https://mocap.cs.cmu.edu/search.php?subjectnumber=49&trinum=8,,sha256:7a5bd8c60b22df22b77c8ab3a0b5d6bf24d93511a01f971d169cd3c5f236312b,verified,unverified,,
BVH-000578,cmu_49_08_00164_ground_mirror,cmu_49_08_00164_ground_mirror.bvh,cmu:49_08,CMU,cmu_motion_capture_database,49,,08,cartwheels,49_08.amc,,164,unknown,120,,,"[{""status"":""inferred"",""type"":""extract_frame""},{""status"":""filename_inferred"",""type"":""ground""},{""status"":""paired_member_present"",""type"":""mirror""}]",https://mocap.cs.cmu.edu/search.php?subjectnumber=49&trinum=8,,sha256:7a5bd8c60b22df22b77c8ab3a0b5d6bf24d93511a01f971d169cd3c5f236312b,verified,derived_mirror,,
BVH-000579,cmu_49_08_00355_ground,cmu_49_08_00355_ground.bvh,cmu:49_08,CMU,cmu_motion_capture_database,49,,08,cartwheels,49_08.amc,,355,unknown,120,,,"[{""status"":""inferred"",""type"":""extract_frame""},{""status"":""filename_inferred"",""type"":""ground""}]",https://mocap.cs.cmu.edu/search.php?subjectnumber=49&trinum=8,,sha256:7a5bd8c60b22df22b77c8ab3a0b5d6bf24d93511a01f971d169cd3c5f236312b,verified,unverified,,
BVH-000580,cmu_49_08_00355_ground_mirror,cmu_49_08_00355_ground_mirror.bvh,cmu:49_08,CMU,cmu_motion_capture_database,49,,08,cartwheels,49_08.amc,,355,unknown,120,,,"[{""status"":""inferred"",""type"":""extract_frame""},{""status"":""filename_inferred"",""type"":""ground""},{""status"":""paired_member_present"",""type"":""mirror""}]",https://mocap.cs.cmu.edu/search.php?subjectnumber=49&trinum=8,,sha256:7a5bd8c60b22df22b77c8ab3a0b5d6bf24d93511a01f971d169cd3c5f236312b,verified,derived_mirror,,
BVH-000581,cmu_49_11_00057,cmu_49_11_00057.bvh,cmu:49_11,CMU,cmu_motion_capture_database,49,,11,"dance - fold in from side arabesque, curl inwards",49_11.amc,,57,unknown,120,,,"[{""status"":""inferred"",""type"":""extract_frame""}]",https://mocap.cs.cmu.edu/search.php?subjectnumber=49&trinum=11,,sha256:7a5bd8c60b22df22b77c8ab3a0b5d6bf24d93511a01f971d169cd3c5f236312b,verified,unverified,,
BVH-000582,cmu_49_11_00057_mirror,cmu_49_11_00057_mirror.bvh,cmu:49_11,CMU,cmu_motion_capture_database,49,,11,"dance - fold in from side arabesque, curl inwards",49_11.amc,,57,unknown,120,,,"[{""status"":""inferred"",""type"":""extract_frame""},{""status"":""paired_member_present"",""type"":""mirror""}]",https://mocap.cs.cmu.edu/search.php?subjectnumber=49&trinum=11,,sha256:7a5bd8c60b22df22b77c8ab3a0b5d6bf24d93511a01f971d169cd3c5f236312b,verified,derived_mirror,,
BVH-000583,cmu_49_18_00524,cmu_49_18_00524.bvh,cmu:49_18,CMU,cmu_motion_capture_database,49,,18,"balance on one leg, outstretched arms",49_18.amc,,524,unknown,120,,,"[{""status"":""inferred"",""type"":""extract_frame""}]",https://mocap.cs.cmu.edu/search.php?subjectnumber=49&trinum=18,,sha256:7a5bd8c60b22df22b77c8ab3a0b5d6bf24d93511a01f971d169cd3c5f236312b,verified,unverified,,
BVH-000584,cmu_49_18_00524_mirror,cmu_49_18_00524_mirror.bvh,cmu:49_18,CMU,cmu_motion_capture_database,49,,18,"balance on one leg, outstretched arms",49_18.amc,,524,unknown,120,,,"[{""status"":""inferred"",""type"":""extract_frame""},{""status"":""paired_member_present"",""type"":""mirror""}]",https://mocap.cs.cmu.edu/search.php?subjectnumber=49&trinum=18,,sha256:7a5bd8c60b22df22b77c8ab3a0b5d6bf24d93511a01f971d169cd3c5f236312b,verified,derived_mirror,,
BVH-000585,cmu_49_21_01038,cmu_49_21_01038.bvh,cmu:49_21,CMU,cmu_motion_capture_database,49,,21,"acrobatics - spin/twirl, hang on ropes",49_21.amc,,1038,unknown,120,,,"[{""status"":""inferred"",""type"":""extract_frame""}]",https://mocap.cs.cmu.edu/search.php?subjectnumber=49&trinum=21,,sha256:7a5bd8c60b22df22b77c8ab3a0b5d6bf24d93511a01f971d169cd3c5f236312b,verified,unverified,,
BVH-000586,cmu_49_21_01038_mirror,cmu_49_21_01038_mirror.bvh,cmu:49_21,CMU,cmu_motion_capture_database,49,,21,"acrobatics - spin/twirl, hang on ropes",49_21.amc,,1038,unknown,120,,,"[{""status"":""inferred"",""type"":""extract_frame""},{""status"":""paired_member_present"",""type"":""mirror""}]",https://mocap.cs.cmu.edu/search.php?subjectnumber=49&trinum=21,,sha256:7a5bd8c60b22df22b77c8ab3a0b5d6bf24d93511a01f971d169cd3c5f236312b,verified,derived_mirror,,
BVH-000587,cmu_49_21_01499,cmu_49_21_01499.bvh,cmu:49_21,CMU,cmu_motion_capture_database,49,,21,"acrobatics - spin/twirl, hang on ropes",49_21.amc,,1499,unknown,120,,,"[{""status"":""inferred"",""type"":""extract_frame""}]",https://mocap.cs.cmu.edu/search.php?subjectnumber=49&trinum=21,,sha256:7a5bd8c60b22df22b77c8ab3a0b5d6bf24d93511a01f971d169cd3c5f236312b,verified,unverified,,
BVH-000588,cmu_49_21_01499_mirror,cmu_49_21_01499_mirror.bvh,cmu:49_21,CMU,cmu_motion_capture_database,49,,21,"acrobatics - spin/twirl, hang on ropes",49_21.amc,,1499,unknown,120,,,"[{""status"":""inferred"",""type"":""extract_frame""},{""status"":""paired_member_present"",""type"":""mirror""}]",https://mocap.cs.cmu.edu/search.php?subjectnumber=49&trinum=21,,sha256:7a5bd8c60b22df22b77c8ab3a0b5d6bf24d93511a01f971d169cd3c5f236312b,verified,derived_mirror,,
BVH-000589,cmu_49_22_00797,cmu_49_22_00797.bvh,cmu:49_22,CMU,cmu_motion_capture_database,49,,22,"dance - lean back on bent leg, balance, bend elbow by ear",49_22.amc,,797,unknown,120,,,"[{""status"":""inferred"",""type"":""extract_frame""}]",https://mocap.cs.cmu.edu/search.php?subjectnumber=49&trinum=22,,sha256:7a5bd8c60b22df22b77c8ab3a0b5d6bf24d93511a01f971d169cd3c5f236312b,verified,unverified,,
BVH-000590,cmu_49_22_00797_mirror,cmu_49_22_00797_mirror.bvh,cmu:49_22,CMU,cmu_motion_capture_database,49,,22,"dance - lean back on bent leg, balance, bend elbow by ear",49_22.amc,,797,unknown,120,,,"[{""status"":""inferred"",""type"":""extract_frame""},{""status"":""paired_member_present"",""type"":""mirror""}]",https://mocap.cs.cmu.edu/search.php?subjectnumber=49&trinum=22,,sha256:7a5bd8c60b22df22b77c8ab3a0b5d6bf24d93511a01f971d169cd3c5f236312b,verified,derived_mirror,,
BVH-000591,cmu_54_01_01372,cmu_54_01_01372.bvh,cmu:54_01,CMU,cmu_motion_capture_database,54,,01,monkey (human subject),54_01.amc,,1372,unknown,120,,,"[{""status"":""inferred"",""type"":""extract_frame""}]",https://mocap.cs.cmu.edu/search.php?subjectnumber=54&trinum=1,,sha256:7a5bd8c60b22df22b77c8ab3a0b5d6bf24d93511a01f971d169cd3c5f236312b,verified,unverified,,
BVH-000592,cmu_54_01_01372_mirror,cmu_54_01_01372_mirror.bvh,cmu:54_01,CMU,cmu_motion_capture_database,54,,01,monkey (human subject),54_01.amc,,1372,unknown,120,,,"[{""status"":""inferred"",""type"":""extract_frame""},{""status"":""paired_member_present"",""type"":""mirror""}]",https://mocap.cs.cmu.edu/search.php?subjectnumber=54&trinum=1,,sha256:7a5bd8c60b22df22b77c8ab3a0b5d6bf24d93511a01f971d169cd3c5f236312b,verified,derived_mirror,,
BVH-000593,cmu_54_02_01289_ground,cmu_54_02_01289_ground.bvh,cmu:54_02,CMU,cmu_motion_capture_database,54,,02,bear (human subject),54_02.amc,,1289,unknown,120,,,"[{""status"":""inferred"",""type"":""extract_frame""},{""status"":""filename_inferred"",""type"":""ground""}]",https://mocap.cs.cmu.edu/search.php?subjectnumber=54&trinum=2,,sha256:7a5bd8c60b22df22b77c8ab3a0b5d6bf24d93511a01f971d169cd3c5f236312b,verified,unverified,,
BVH-000594,cmu_54_02_01289_ground_mirror,cmu_54_02_01289_ground_mirror.bvh,cmu:54_02,CMU,cmu_motion_capture_database,54,,02,bear (human subject),54_02.amc,,1289,unknown,120,,,"[{""status"":""inferred"",""type"":""extract_frame""},{""status"":""filename_inferred"",""type"":""ground""},{""status"":""paired_member_present"",""type"":""mirror""}]",https://mocap.cs.cmu.edu/search.php?subjectnumber=54&trinum=2,,sha256:7a5bd8c60b22df22b77c8ab3a0b5d6bf24d93511a01f971d169cd3c5f236312b,verified,derived_mirror,,
BVH-000595,cmu_54_05_00355,cmu_54_05_00355.bvh,cmu:54_05,CMU,cmu_motion_capture_database,54,,05,pterosaur (human subject),54_05.amc,,355,unknown,120,,,"[{""status"":""inferred"",""type"":""extract_frame""}]",https://mocap.cs.cmu.edu/search.php?subjectnumber=54&trinum=5,,sha256:7a5bd8c60b22df22b77c8ab3a0b5d6bf24d93511a01f971d169cd3c5f236312b,verified,unverified,,
BVH-000596,cmu_54_05_00355_mirror,cmu_54_05_00355_mirror.bvh,cmu:54_05,CMU,cmu_motion_capture_database,54,,05,pterosaur (human subject),54_05.amc,,355,unknown,120,,,"[{""status"":""inferred"",""type"":""extract_frame""},{""status"":""paired_member_present"",""type"":""mirror""}]",https://mocap.cs.cmu.edu/search.php?subjectnumber=54&trinum=5,,sha256:7a5bd8c60b22df22b77c8ab3a0b5d6bf24d93511a01f971d169cd3c5f236312b,verified,derived_mirror,,
BVH-000597,cmu_54_06_04876,cmu_54_06_04876.bvh,cmu:54_06,CMU,cmu_motion_capture_database,54,,06,pterosaur (human subject),54_06.amc,,4876,unknown,120,,,"[{""status"":""inferred"",""type"":""extract_frame""}]",https://mocap.cs.cmu.edu/search.php?subjectnumber=54&trinum=6,,sha256:7a5bd8c60b22df22b77c8ab3a0b5d6bf24d93511a01f971d169cd3c5f236312b,verified,unverified,,
BVH-000598,cmu_54_06_04876_mirror,cmu_54_06_04876_mirror.bvh,cmu:54_06,CMU,cmu_motion_capture_database,54,,06,pterosaur (human subject),54_06.amc,,4876,unknown,120,,,"[{""status"":""inferred"",""type"":""extract_frame""},{""status"":""paired_member_present"",""type"":""mirror""}]",https://mocap.cs.cmu.edu/search.php?subjectnumber=54&trinum=6,,sha256:7a5bd8c60b22df22b77c8ab3a0b5d6bf24d93511a01f971d169cd3c5f236312b,verified,derived_mirror,,
BVH-000599,cmu_54_06_05627,cmu_54_06_05627.bvh,cmu:54_06,CMU,cmu_motion_capture_database,54,,06,pterosaur (human subject),54_06.amc,,5627,unknown,120,,,"[{""status"":""inferred"",""type"":""extract_frame""}]",https://mocap.cs.cmu.edu/search.php?subjectnumber=54&trinum=6,,sha256:7a5bd8c60b22df22b77c8ab3a0b5d6bf24d93511a01f971d169cd3c5f236312b,verified,unverified,,
BVH-000600,cmu_54_06_05627_mirror,cmu_54_06_05627_mirror.bvh,cmu:54_06,CMU,cmu_motion_capture_database,54,,06,pterosaur (human subject),54_06.amc,,5627,unknown,120,,,"[{""status"":""inferred"",""type"":""extract_frame""},{""status"":""paired_member_present"",""type"":""mirror""}]",https://mocap.cs.cmu.edu/search.php?subjectnumber=54&trinum=6,,sha256:7a5bd8c60b22df22b77c8ab3a0b5d6bf24d93511a01f971d169cd3c5f236312b,verified,derived_mirror,,
BVH-000601,cmu_54_08_03027,cmu_54_08_03027.bvh,cmu:54_08,CMU,cmu_motion_capture_database,54,,08,roadrunner (human subject),54_08.amc,,3027,unknown,120,,,"[{""status"":""inferred"",""type"":""extract_frame""}]",https://mocap.cs.cmu.edu/search.php?subjectnumber=54&trinum=8,,sha256:7a5bd8c60b22df22b77c8ab3a0b5d6bf24d93511a01f971d169cd3c5f236312b,verified,unverified,,
BVH-000602,cmu_54_08_03027_mirror,cmu_54_08_03027_mirror.bvh,cmu:54_08,CMU,cmu_motion_capture_database,54,,08,roadrunner (human subject),54_08.amc,,3027,unknown,120,,,"[{""status"":""inferred"",""type"":""extract_frame""},{""status"":""paired_member_present"",""type"":""mirror""}]",https://mocap.cs.cmu.edu/search.php?subjectnumber=54&trinum=8,,sha256:7a5bd8c60b22df22b77c8ab3a0b5d6bf24d93511a01f971d169cd3c5f236312b,verified,derived_mirror,,
BVH-000603,cmu_54_13_00388,cmu_54_13_00388.bvh,cmu:54_13,CMU,cmu_motion_capture_database,54,,13,dragon (human subject),54_13.amc,,388,unknown,120,,,"[{""status"":""inferred"",""type"":""extract_frame""}]",https://mocap.cs.cmu.edu/search.php?subjectnumber=54&trinum=13,,sha256:7a5bd8c60b22df22b77c8ab3a0b5d6bf24d93511a01f971d169cd3c5f236312b,verified,unverified,,
BVH-000604,cmu_54_13_00388_mirror,cmu_54_13_00388_mirror.bvh,cmu:54_13,CMU,cmu_motion_capture_database,54,,13,dragon (human subject),54_13.amc,,388,unknown,120,,,"[{""status"":""inferred"",""type"":""extract_frame""},{""status"":""paired_member_present"",""type"":""mirror""}]",https://mocap.cs.cmu.edu/search.php?subjectnumber=54&trinum=13,,sha256:7a5bd8c60b22df22b77c8ab3a0b5d6bf24d93511a01f971d169cd3c5f236312b,verified,derived_mirror,,
BVH-000605,cmu_54_18_01349_ground,cmu_54_18_01349_ground.bvh,cmu:54_18,CMU,cmu_motion_capture_database,54,,18,squirrel (human subject),54_18.amc,,1349,unknown,120,,,"[{""status"":""inferred"",""type"":""extract_frame""},{""status"":""filename_inferred"",""type"":""ground""}]",https://mocap.cs.cmu.edu/search.php?subjectnumber=54&trinum=18,,sha256:7a5bd8c60b22df22b77c8ab3a0b5d6bf24d93511a01f971d169cd3c5f236312b,verified,unverified,,
BVH-000606,cmu_54_18_01349_ground_mirror,cmu_54_18_01349_ground_mirror.bvh,cmu:54_18,CMU,cmu_motion_capture_database,54,,18,squirrel (human subject),54_18.amc,,1349,unknown,120,,,"[{""status"":""inferred"",""type"":""extract_frame""},{""status"":""filename_inferred"",""type"":""ground""},{""status"":""paired_member_present"",""type"":""mirror""}]",https://mocap.cs.cmu.edu/search.php?subjectnumber=54&trinum=18,,sha256:7a5bd8c60b22df22b77c8ab3a0b5d6bf24d93511a01f971d169cd3c5f236312b,verified,derived_mirror,,
BVH-000607,cmu_54_23_03684,cmu_54_23_03684.bvh,cmu:54_23,CMU,cmu_motion_capture_database,54,,23,monkey (human subject),54_23.amc,,3684,unknown,120,,,"[{""status"":""inferred"",""type"":""extract_frame""}]",https://mocap.cs.cmu.edu/search.php?subjectnumber=54&trinum=23,,sha256:7a5bd8c60b22df22b77c8ab3a0b5d6bf24d93511a01f971d169cd3c5f236312b,verified,unverified,,
BVH-000608,cmu_54_23_03684_mirror,cmu_54_23_03684_mirror.bvh,cmu:54_23,CMU,cmu_motion_capture_database,54,,23,monkey (human subject),54_23.amc,,3684,unknown,120,,,"[{""status"":""inferred"",""type"":""extract_frame""},{""status"":""paired_member_present"",""type"":""mirror""}]",https://mocap.cs.cmu.edu/search.php?subjectnumber=54&trinum=23,,sha256:7a5bd8c60b22df22b77c8ab3a0b5d6bf24d93511a01f971d169cd3c5f236312b,verified,derived_mirror,,
BVH-000609,cmu_54_25_01946,cmu_54_25_01946.bvh,cmu:54_25,CMU,cmu_motion_capture_database,54,,25,chicken (human subject),54_25.amc,,1946,unknown,120,,,"[{""status"":""inferred"",""type"":""extract_frame""}]",https://mocap.cs.cmu.edu/search.php?subjectnumber=54&trinum=25,,sha256:7a5bd8c60b22df22b77c8ab3a0b5d6bf24d93511a01f971d169cd3c5f236312b,verified,unverified,,
BVH-000610,cmu_54_25_01946_mirror,cmu_54_25_01946_mirror.bvh,cmu:54_25,CMU,cmu_motion_capture_database,54,,25,chicken (human subject),54_25.amc,,1946,unknown,120,,,"[{""status"":""inferred"",""type"":""extract_frame""},{""status"":""paired_member_present"",""type"":""mirror""}]",https://mocap.cs.cmu.edu/search.php?subjectnumber=54&trinum=25,,sha256:7a5bd8c60b22df22b77c8ab3a0b5d6bf24d93511a01f971d169cd3c5f236312b,verified,derived_mirror,,
BVH-000611,cmu_54_25_02595_ground,cmu_54_25_02595_ground.bvh,cmu:54_25,CMU,cmu_motion_capture_database,54,,25,chicken (human subject),54_25.amc,,2595,unknown,120,,,"[{""status"":""inferred"",""type"":""extract_frame""},{""status"":""filename_inferred"",""type"":""ground""}]",https://mocap.cs.cmu.edu/search.php?subjectnumber=54&trinum=25,,sha256:7a5bd8c60b22df22b77c8ab3a0b5d6bf24d93511a01f971d169cd3c5f236312b,verified,unverified,,
BVH-000612,cmu_54_25_02595_ground_mirror,cmu_54_25_02595_ground_mirror.bvh,cmu:54_25,CMU,cmu_motion_capture_database,54,,25,chicken (human subject),54_25.amc,,2595,unknown,120,,,"[{""status"":""inferred"",""type"":""extract_frame""},{""status"":""filename_inferred"",""type"":""ground""},{""status"":""paired_member_present"",""type"":""mirror""}]",https://mocap.cs.cmu.edu/search.php?subjectnumber=54&trinum=25,,sha256:7a5bd8c60b22df22b77c8ab3a0b5d6bf24d93511a01f971d169cd3c5f236312b,verified,derived_mirror,,
BVH-000613,cmu_55_01_00688,cmu_55_01_00688.bvh,cmu:55_01,CMU,cmu_motion_capture_database,55,,01,"dance, whirl",55_01.amc,,688,unknown,120,,,"[{""status"":""inferred"",""type"":""extract_frame""}]",https://mocap.cs.cmu.edu/search.php?subjectnumber=55&trinum=1,,sha256:7a5bd8c60b22df22b77c8ab3a0b5d6bf24d93511a01f971d169cd3c5f236312b,verified,unverified,,
BVH-000614,cmu_55_01_00688_mirror,cmu_55_01_00688_mirror.bvh,cmu:55_01,CMU,cmu_motion_capture_database,55,,01,"dance, whirl",55_01.amc,,688,unknown,120,,,"[{""status"":""inferred"",""type"":""extract_frame""},{""status"":""paired_member_present"",""type"":""mirror""}]",https://mocap.cs.cmu.edu/search.php?subjectnumber=55&trinum=1,,sha256:7a5bd8c60b22df22b77c8ab3a0b5d6bf24d93511a01f971d169cd3c5f236312b,verified,derived_mirror,,
BVH-000615,cmu_55_03_00431,cmu_55_03_00431.bvh,cmu:55_03,CMU,cmu_motion_capture_database,55,,03,genie (human subject),55_03.amc,,431,unknown,120,,,"[{""status"":""inferred"",""type"":""extract_frame""}]",https://mocap.cs.cmu.edu/search.php?subjectnumber=55&trinum=3,,sha256:7a5bd8c60b22df22b77c8ab3a0b5d6bf24d93511a01f971d169cd3c5f236312b,verified,unverified,,
BVH-000616,cmu_55_03_00431_mirror,cmu_55_03_00431_mirror.bvh,cmu:55_03,CMU,cmu_motion_capture_database,55,,03,genie (human subject),55_03.amc,,431,unknown,120,,,"[{""status"":""inferred"",""type"":""extract_frame""},{""status"":""paired_member_present"",""type"":""mirror""}]",https://mocap.cs.cmu.edu/search.php?subjectnumber=55&trinum=3,,sha256:7a5bd8c60b22df22b77c8ab3a0b5d6bf24d93511a01f971d169cd3c5f236312b,verified,derived_mirror,,
BVH-000617,cmu_55_03_00647,cmu_55_03_00647.bvh,cmu:55_03,CMU,cmu_motion_capture_database,55,,03,genie (human subject),55_03.amc,,647,unknown,120,,,"[{""status"":""inferred"",""type"":""extract_frame""}]",https://mocap.cs.cmu.edu/search.php?subjectnumber=55&trinum=3,,sha256:7a5bd8c60b22df22b77c8ab3a0b5d6bf24d93511a01f971d169cd3c5f236312b,verified,unverified,,
BVH-000618,cmu_55_03_00647_mirror,cmu_55_03_00647_mirror.bvh,cmu:55_03,CMU,cmu_motion_capture_database,55,,03,genie (human subject),55_03.amc,,647,unknown,120,,,"[{""status"":""inferred"",""type"":""extract_frame""},{""status"":""paired_member_present"",""type"":""mirror""}]",https://mocap.cs.cmu.edu/search.php?subjectnumber=55&trinum=3,,sha256:7a5bd8c60b22df22b77c8ab3a0b5d6bf24d93511a01f971d169cd3c5f236312b,verified,derived_mirror,,
BVH-000619,cmu_55_08_02797_ground,cmu_55_08_02797_ground.bvh,cmu:55_08,CMU,cmu_motion_capture_database,55,,08,monkey (human subject),55_08.amc,,2797,unknown,120,,,"[{""status"":""inferred"",""type"":""extract_frame""},{""status"":""filename_inferred"",""type"":""ground""}]",https://mocap.cs.cmu.edu/search.php?subjectnumber=55&trinum=8,,sha256:7a5bd8c60b22df22b77c8ab3a0b5d6bf24d93511a01f971d169cd3c5f236312b,verified,unverified,,
BVH-000620,cmu_55_08_02797_ground_mirror,cmu_55_08_02797_ground_mirror.bvh,cmu:55_08,CMU,cmu_motion_capture_database,55,,08,monkey (human subject),55_08.amc,,2797,unknown,120,,,"[{""status"":""inferred"",""type"":""extract_frame""},{""status"":""filename_inferred"",""type"":""ground""},{""status"":""paired_member_present"",""type"":""mirror""}]",https://mocap.cs.cmu.edu/search.php?subjectnumber=55&trinum=8,,sha256:7a5bd8c60b22df22b77c8ab3a0b5d6bf24d93511a01f971d169cd3c5f236312b,verified,derived_mirror,,
BVH-000621,cmu_55_09_01607,cmu_55_09_01607.bvh,cmu:55_09,CMU,cmu_motion_capture_database,55,,09,monkey (human subject),55_09.amc,,1607,unknown,120,,,"[{""status"":""inferred"",""type"":""extract_frame""}]",https://mocap.cs.cmu.edu/search.php?subjectnumber=55&trinum=9,,sha256:7a5bd8c60b22df22b77c8ab3a0b5d6bf24d93511a01f971d169cd3c5f236312b,verified,unverified,,
BVH-000622,cmu_55_09_01607_mirror,cmu_55_09_01607_mirror.bvh,cmu:55_09,CMU,cmu_motion_capture_database,55,,09,monkey (human subject),55_09.amc,,1607,unknown,120,,,"[{""status"":""inferred"",""type"":""extract_frame""},{""status"":""paired_member_present"",""type"":""mirror""}]",https://mocap.cs.cmu.edu/search.php?subjectnumber=55&trinum=9,,sha256:7a5bd8c60b22df22b77c8ab3a0b5d6bf24d93511a01f971d169cd3c5f236312b,verified,derived_mirror,,
BVH-000623,cmu_55_09_03014,cmu_55_09_03014.bvh,cmu:55_09,CMU,cmu_motion_capture_database,55,,09,monkey (human subject),55_09.amc,,3014,unknown,120,,,"[{""status"":""inferred"",""type"":""extract_frame""}]",https://mocap.cs.cmu.edu/search.php?subjectnumber=55&trinum=9,,sha256:7a5bd8c60b22df22b77c8ab3a0b5d6bf24d93511a01f971d169cd3c5f236312b,verified,unverified,,
BVH-000624,cmu_55_09_03014_mirror,cmu_55_09_03014_mirror.bvh,cmu:55_09,CMU,cmu_motion_capture_database,55,,09,monkey (human subject),55_09.amc,,3014,unknown,120,,,"[{""status"":""inferred"",""type"":""extract_frame""},{""status"":""paired_member_present"",""type"":""mirror""}]",https://mocap.cs.cmu.edu/search.php?subjectnumber=55&trinum=9,,sha256:7a5bd8c60b22df22b77c8ab3a0b5d6bf24d93511a01f971d169cd3c5f236312b,verified,derived_mirror,,
BVH-000625,cmu_55_16_01448,cmu_55_16_01448.bvh,cmu:55_16,CMU,cmu_motion_capture_database,55,,16,panda (human subject),55_16.amc,,1448,unknown,120,,,"[{""status"":""inferred"",""type"":""extract_frame""}]",https://mocap.cs.cmu.edu/search.php?subjectnumber=55&trinum=16,,sha256:7a5bd8c60b22df22b77c8ab3a0b5d6bf24d93511a01f971d169cd3c5f236312b,verified,unverified,,
BVH-000626,cmu_55_16_01448_mirror,cmu_55_16_01448_mirror.bvh,cmu:55_16,CMU,cmu_motion_capture_database,55,,16,panda (human subject),55_16.amc,,1448,unknown,120,,,"[{""status"":""inferred"",""type"":""extract_frame""},{""status"":""paired_member_present"",""type"":""mirror""}]",https://mocap.cs.cmu.edu/search.php?subjectnumber=55&trinum=16,,sha256:7a5bd8c60b22df22b77c8ab3a0b5d6bf24d93511a01f971d169cd3c5f236312b,verified,derived_mirror,,
BVH-000627,cmu_55_17_00882,cmu_55_17_00882.bvh,cmu:55_17,CMU,cmu_motion_capture_database,55,,17,ghost (human subject),55_17.amc,,882,unknown,120,,,"[{""status"":""inferred"",""type"":""extract_frame""}]",https://mocap.cs.cmu.edu/search.php?subjectnumber=55&trinum=17,,sha256:7a5bd8c60b22df22b77c8ab3a0b5d6bf24d93511a01f971d169cd3c5f236312b,verified,unverified,,
BVH-000628,cmu_55_17_00882_mirror,cmu_55_17_00882_mirror.bvh,cmu:55_17,CMU,cmu_motion_capture_database,55,,17,ghost (human subject),55_17.amc,,882,unknown,120,,,"[{""status"":""inferred"",""type"":""extract_frame""},{""status"":""paired_member_present"",""type"":""mirror""}]",https://mocap.cs.cmu.edu/search.php?subjectnumber=55&trinum=17,,sha256:7a5bd8c60b22df22b77c8ab3a0b5d6bf24d93511a01f971d169cd3c5f236312b,verified,derived_mirror,,
BVH-000629,cmu_55_19_00677,cmu_55_19_00677.bvh,cmu:55_19,CMU,cmu_motion_capture_database,55,,19,dragon (human subject),55_19.amc,,677,unknown,120,,,"[{""status"":""inferred"",""type"":""extract_frame""}]",https://mocap.cs.cmu.edu/search.php?subjectnumber=55&trinum=19,,sha256:7a5bd8c60b22df22b77c8ab3a0b5d6bf24d93511a01f971d169cd3c5f236312b,verified,unverified,,
BVH-000630,cmu_55_19_00677_mirror,cmu_55_19_00677_mirror.bvh,cmu:55_19,CMU,cmu_motion_capture_database,55,,19,dragon (human subject),55_19.amc,,677,unknown,120,,,"[{""status"":""inferred"",""type"":""extract_frame""},{""status"":""paired_member_present"",""type"":""mirror""}]",https://mocap.cs.cmu.edu/search.php?subjectnumber=55&trinum=19,,sha256:7a5bd8c60b22df22b77c8ab3a0b5d6bf24d93511a01f971d169cd3c5f236312b,verified,derived_mirror,,
BVH-000631,cmu_55_24_03174,cmu_55_24_03174.bvh,cmu:55_24,CMU,cmu_motion_capture_database,55,,24,various animals (human subject),55_24.amc,,3174,unknown,120,,,"[{""status"":""inferred"",""type"":""extract_frame""}]",https://mocap.cs.cmu.edu/search.php?subjectnumber=55&trinum=24,,sha256:7a5bd8c60b22df22b77c8ab3a0b5d6bf24d93511a01f971d169cd3c5f236312b,verified,unverified,,
BVH-000632,cmu_55_24_03174_mirror,cmu_55_24_03174_mirror.bvh,cmu:55_24,CMU,cmu_motion_capture_database,55,,24,various animals (human subject),55_24.amc,,3174,unknown,120,,,"[{""status"":""inferred"",""type"":""extract_frame""},{""status"":""paired_member_present"",""type"":""mirror""}]",https://mocap.cs.cmu.edu/search.php?subjectnumber=55&trinum=24,,sha256:7a5bd8c60b22df22b77c8ab3a0b5d6bf24d93511a01f971d169cd3c5f236312b,verified,derived_mirror,,
BVH-000633,cmu_55_26_02344,cmu_55_26_02344.bvh,cmu:55_26,CMU,cmu_motion_capture_database,55,,26,monkey (human subject),55_26.amc,,2344,unknown,120,,,"[{""status"":""inferred"",""type"":""extract_frame""}]",https://mocap.cs.cmu.edu/search.php?subjectnumber=55&trinum=26,,sha256:7a5bd8c60b22df22b77c8ab3a0b5d6bf24d93511a01f971d169cd3c5f236312b,verified,unverified,,
BVH-000634,cmu_55_26_02344_mirror,cmu_55_26_02344_mirror.bvh,cmu:55_26,CMU,cmu_motion_capture_database,55,,26,monkey (human subject),55_26.amc,,2344,unknown,120,,,"[{""status"":""inferred"",""type"":""extract_frame""},{""status"":""paired_member_present"",""type"":""mirror""}]",https://mocap.cs.cmu.edu/search.php?subjectnumber=55&trinum=26,,sha256:7a5bd8c60b22df22b77c8ab3a0b5d6bf24d93511a01f971d169cd3c5f236312b,verified,derived_mirror,,
BVH-000635,cmu_60_01_00854,cmu_60_01_00854.bvh,cmu:60_01,CMU,cmu_motion_capture_database,60,,01,salsa dance,60_01.amc,,854,unknown,60,,,"[{""status"":""inferred"",""type"":""extract_frame""}]",https://mocap.cs.cmu.edu/search.php?subjectnumber=60&trinum=1,,sha256:7a5bd8c60b22df22b77c8ab3a0b5d6bf24d93511a01f971d169cd3c5f236312b,verified,unverified,,
BVH-000636,cmu_60_01_00854_mirror,cmu_60_01_00854_mirror.bvh,cmu:60_01,CMU,cmu_motion_capture_database,60,,01,salsa dance,60_01.amc,,854,unknown,60,,,"[{""status"":""inferred"",""type"":""extract_frame""},{""status"":""paired_member_present"",""type"":""mirror""}]",https://mocap.cs.cmu.edu/search.php?subjectnumber=60&trinum=1,,sha256:7a5bd8c60b22df22b77c8ab3a0b5d6bf24d93511a01f971d169cd3c5f236312b,verified,derived_mirror,,
BVH-000637,cmu_60_12_00563,cmu_60_12_00563.bvh,cmu:60_12,CMU,cmu_motion_capture_database,60,,12,salsa dance,60_12.amc,,563,unknown,60,,,"[{""status"":""inferred"",""type"":""extract_frame""}]",https://mocap.cs.cmu.edu/search.php?subjectnumber=60&trinum=12,,sha256:7a5bd8c60b22df22b77c8ab3a0b5d6bf24d93511a01f971d169cd3c5f236312b,verified,unverified,,
BVH-000638,cmu_60_12_00563_mirror,cmu_60_12_00563_mirror.bvh,cmu:60_12,CMU,cmu_motion_capture_database,60,,12,salsa dance,60_12.amc,,563,unknown,60,,,"[{""status"":""inferred"",""type"":""extract_frame""},{""status"":""paired_member_present"",""type"":""mirror""}]",https://mocap.cs.cmu.edu/search.php?subjectnumber=60&trinum=12,,sha256:7a5bd8c60b22df22b77c8ab3a0b5d6bf24d93511a01f971d169cd3c5f236312b,verified,derived_mirror,,
BVH-000639,cmu_61_10_01026,cmu_61_10_01026.bvh,cmu:61_10,CMU,cmu_motion_capture_database,61,,10,salsa dance,61_10.amc,,1026,unknown,60,,,"[{""status"":""inferred"",""type"":""extract_frame""}]",https://mocap.cs.cmu.edu/search.php?subjectnumber=61&trinum=10,,sha256:7a5bd8c60b22df22b77c8ab3a0b5d6bf24d93511a01f971d169cd3c5f236312b,verified,unverified,,
BVH-000640,cmu_61_10_01026_mirror,cmu_61_10_01026_mirror.bvh,cmu:61_10,CMU,cmu_motion_capture_database,61,,10,salsa dance,61_10.amc,,1026,unknown,60,,,"[{""status"":""inferred"",""type"":""extract_frame""},{""status"":""paired_member_present"",""type"":""mirror""}]",https://mocap.cs.cmu.edu/search.php?subjectnumber=61&trinum=10,,sha256:7a5bd8c60b22df22b77c8ab3a0b5d6bf24d93511a01f971d169cd3c5f236312b,verified,derived_mirror,,
BVH-000641,cmu_61_11_01706,cmu_61_11_01706.bvh,cmu:61_11,CMU,cmu_motion_capture_database,61,,11,salsa dance,61_11.amc,,1706,unknown,60,,,"[{""status"":""inferred"",""type"":""extract_frame""}]",https://mocap.cs.cmu.edu/search.php?subjectnumber=61&trinum=11,,sha256:7a5bd8c60b22df22b77c8ab3a0b5d6bf24d93511a01f971d169cd3c5f236312b,verified,unverified,,
BVH-000642,cmu_61_11_01706_mirror,cmu_61_11_01706_mirror.bvh,cmu:61_11,CMU,cmu_motion_capture_database,61,,11,salsa dance,61_11.amc,,1706,unknown,60,,,"[{""status"":""inferred"",""type"":""extract_frame""},{""status"":""paired_member_present"",""type"":""mirror""}]",https://mocap.cs.cmu.edu/search.php?subjectnumber=61&trinum=11,,sha256:7a5bd8c60b22df22b77c8ab3a0b5d6bf24d93511a01f971d169cd3c5f236312b,verified,derived_mirror,,
BVH-000643,cmu_62_11_02294,cmu_62_11_02294.bvh,cmu:62_11,CMU,cmu_motion_capture_database,62,,11,cleaning up,62_11.amc,,2294,unknown,60,,,"[{""status"":""inferred"",""type"":""extract_frame""}]",https://mocap.cs.cmu.edu/search.php?subjectnumber=62&trinum=11,,sha256:7a5bd8c60b22df22b77c8ab3a0b5d6bf24d93511a01f971d169cd3c5f236312b,verified,unverified,,
BVH-000644,cmu_62_11_02294_mirror,cmu_62_11_02294_mirror.bvh,cmu:62_11,CMU,cmu_motion_capture_database,62,,11,cleaning up,62_11.amc,,2294,unknown,60,,,"[{""status"":""inferred"",""type"":""extract_frame""},{""status"":""paired_member_present"",""type"":""mirror""}]",https://mocap.cs.cmu.edu/search.php?subjectnumber=62&trinum=11,,sha256:7a5bd8c60b22df22b77c8ab3a0b5d6bf24d93511a01f971d169cd3c5f236312b,verified,derived_mirror,,
BVH-000645,cmu_62_24_01099,cmu_62_24_01099.bvh,cmu:62_24,CMU,cmu_motion_capture_database,62,,24,"bolt tightening, with putting bolt in",62_24.amc,,1099,unknown,60,,,"[{""status"":""inferred"",""type"":""extract_frame""}]",https://mocap.cs.cmu.edu/search.php?subjectnumber=62&trinum=24,,sha256:7a5bd8c60b22df22b77c8ab3a0b5d6bf24d93511a01f971d169cd3c5f236312b,verified,unverified,,
BVH-000646,cmu_62_24_01099_mirror,cmu_62_24_01099_mirror.bvh,cmu:62_24,CMU,cmu_motion_capture_database,62,,24,"bolt tightening, with putting bolt in",62_24.amc,,1099,unknown,60,,,"[{""status"":""inferred"",""type"":""extract_frame""},{""status"":""paired_member_present"",""type"":""mirror""}]",https://mocap.cs.cmu.edu/search.php?subjectnumber=62&trinum=24,,sha256:7a5bd8c60b22df22b77c8ab3a0b5d6bf24d93511a01f971d169cd3c5f236312b,verified,derived_mirror,,
BVH-000647,cmu_63_04_00333,cmu_63_04_00333.bvh,cmu:63_04,CMU,cmu_motion_capture_database,63,,04,,,,333,unknown,,,,"[{""status"":""inferred"",""type"":""extract_frame""}]",https://mocap.cs.cmu.edu/search.php?subjectnumber=63&trinum=4,,sha256:7a5bd8c60b22df22b77c8ab3a0b5d6bf24d93511a01f971d169cd3c5f236312b,not_found_in_snapshot,unverified,,
BVH-000648,cmu_63_04_00333_mirror,cmu_63_04_00333_mirror.bvh,cmu:63_04,CMU,cmu_motion_capture_database,63,,04,,,,333,unknown,,,,"[{""status"":""inferred"",""type"":""extract_frame""},{""status"":""paired_member_present"",""type"":""mirror""}]",https://mocap.cs.cmu.edu/search.php?subjectnumber=63&trinum=4,,sha256:7a5bd8c60b22df22b77c8ab3a0b5d6bf24d93511a01f971d169cd3c5f236312b,not_found_in_snapshot,derived_mirror,,
BVH-000649,cmu_63_21_00312_ground,cmu_63_21_00312_ground.bvh,cmu:63_21,CMU,cmu_motion_capture_database,63,,21,,,,312,unknown,,,,"[{""status"":""inferred"",""type"":""extract_frame""},{""status"":""filename_inferred"",""type"":""ground""}]",https://mocap.cs.cmu.edu/search.php?subjectnumber=63&trinum=21,,sha256:7a5bd8c60b22df22b77c8ab3a0b5d6bf24d93511a01f971d169cd3c5f236312b,not_found_in_snapshot,unverified,,
BVH-000650,cmu_63_21_00312_ground_mirror,cmu_63_21_00312_ground_mirror.bvh,cmu:63_21,CMU,cmu_motion_capture_database,63,,21,,,,312,unknown,,,,"[{""status"":""inferred"",""type"":""extract_frame""},{""status"":""filename_inferred"",""type"":""ground""},{""status"":""paired_member_present"",""type"":""mirror""}]",https://mocap.cs.cmu.edu/search.php?subjectnumber=63&trinum=21,,sha256:7a5bd8c60b22df22b77c8ab3a0b5d6bf24d93511a01f971d169cd3c5f236312b,not_found_in_snapshot,derived_mirror,,
BVH-000651,cmu_69_05_00194,cmu_69_05_00194.bvh,cmu:69_05,CMU,cmu_motion_capture_database,69,,05,walk forward,69_05.amc,,194,unknown,120,,,"[{""status"":""inferred"",""type"":""extract_frame""}]",https://mocap.cs.cmu.edu/search.php?subjectnumber=69&trinum=5,,sha256:7a5bd8c60b22df22b77c8ab3a0b5d6bf24d93511a01f971d169cd3c5f236312b,verified,unverified,,
BVH-000652,cmu_69_05_00194_mirror,cmu_69_05_00194_mirror.bvh,cmu:69_05,CMU,cmu_motion_capture_database,69,,05,walk forward,69_05.amc,,194,unknown,120,,,"[{""status"":""inferred"",""type"":""extract_frame""},{""status"":""paired_member_present"",""type"":""mirror""}]",https://mocap.cs.cmu.edu/search.php?subjectnumber=69&trinum=5,,sha256:7a5bd8c60b22df22b77c8ab3a0b5d6bf24d93511a01f971d169cd3c5f236312b,verified,derived_mirror,,
BVH-000653,cmu_69_73_00415_ground,cmu_69_73_00415_ground.bvh,cmu:69_73,CMU,cmu_motion_capture_database,69,,73,"walk up to object, lean over, pick up object, set down in another place",69_73.amc,,415,unknown,120,,,"[{""status"":""inferred"",""type"":""extract_frame""},{""status"":""filename_inferred"",""type"":""ground""}]",https://mocap.cs.cmu.edu/search.php?subjectnumber=69&trinum=73,,sha256:7a5bd8c60b22df22b77c8ab3a0b5d6bf24d93511a01f971d169cd3c5f236312b,verified,unverified,,
BVH-000654,cmu_69_73_00415_ground_mirror,cmu_69_73_00415_ground_mirror.bvh,cmu:69_73,CMU,cmu_motion_capture_database,69,,73,"walk up to object, lean over, pick up object, set down in another place",69_73.amc,,415,unknown,120,,,"[{""status"":""inferred"",""type"":""extract_frame""},{""status"":""filename_inferred"",""type"":""ground""},{""status"":""paired_member_present"",""type"":""mirror""}]",https://mocap.cs.cmu.edu/search.php?subjectnumber=69&trinum=73,,sha256:7a5bd8c60b22df22b77c8ab3a0b5d6bf24d93511a01f971d169cd3c5f236312b,verified,derived_mirror,,
BVH-000655,cmu_69_73_00831_ground,cmu_69_73_00831_ground.bvh,cmu:69_73,CMU,cmu_motion_capture_database,69,,73,"walk up to object, lean over, pick up object, set down in another place",69_73.amc,,831,unknown,120,,,"[{""status"":""inferred"",""type"":""extract_frame""},{""status"":""filename_inferred"",""type"":""ground""}]",https://mocap.cs.cmu.edu/search.php?subjectnumber=69&trinum=73,,sha256:7a5bd8c60b22df22b77c8ab3a0b5d6bf24d93511a01f971d169cd3c5f236312b,verified,unverified,,
BVH-000656,cmu_69_73_00831_ground_mirror,cmu_69_73_00831_ground_mirror.bvh,cmu:69_73,CMU,cmu_motion_capture_database,69,,73,"walk up to object, lean over, pick up object, set down in another place",69_73.amc,,831,unknown,120,,,"[{""status"":""inferred"",""type"":""extract_frame""},{""status"":""filename_inferred"",""type"":""ground""},{""status"":""paired_member_present"",""type"":""mirror""}]",https://mocap.cs.cmu.edu/search.php?subjectnumber=69&trinum=73,,sha256:7a5bd8c60b22df22b77c8ab3a0b5d6bf24d93511a01f971d169cd3c5f236312b,verified,derived_mirror,,
BVH-000657,cmu_74_08_00008,cmu_74_08_00008.bvh,cmu:74_08,CMU,cmu_motion_capture_database,74,,08,lifting up,74_08.amc,,8,unknown,60,,,"[{""status"":""inferred"",""type"":""extract_frame""}]",https://mocap.cs.cmu.edu/search.php?subjectnumber=74&trinum=8,,sha256:7a5bd8c60b22df22b77c8ab3a0b5d6bf24d93511a01f971d169cd3c5f236312b,verified,unverified,,
BVH-000658,cmu_74_08_00008_mirror,cmu_74_08_00008_mirror.bvh,cmu:74_08,CMU,cmu_motion_capture_database,74,,08,lifting up,74_08.amc,,8,unknown,60,,,"[{""status"":""inferred"",""type"":""extract_frame""},{""status"":""paired_member_present"",""type"":""mirror""}]",https://mocap.cs.cmu.edu/search.php?subjectnumber=74&trinum=8,,sha256:7a5bd8c60b22df22b77c8ab3a0b5d6bf24d93511a01f971d169cd3c5f236312b,verified,derived_mirror,,
BVH-000659,cmu_74_13_01322,cmu_74_13_01322.bvh,cmu:74_13,CMU,cmu_motion_capture_database,74,,13,Range of motion,74_13.amc,,1322,unknown,60,,,"[{""status"":""inferred"",""type"":""extract_frame""}]",https://mocap.cs.cmu.edu/search.php?subjectnumber=74&trinum=13,,sha256:7a5bd8c60b22df22b77c8ab3a0b5d6bf24d93511a01f971d169cd3c5f236312b,verified,unverified,,
BVH-000660,cmu_74_13_01322_mirror,cmu_74_13_01322_mirror.bvh,cmu:74_13,CMU,cmu_motion_capture_database,74,,13,Range of motion,74_13.amc,,1322,unknown,60,,,"[{""status"":""inferred"",""type"":""extract_frame""},{""status"":""paired_member_present"",""type"":""mirror""}]",https://mocap.cs.cmu.edu/search.php?subjectnumber=74&trinum=13,,sha256:7a5bd8c60b22df22b77c8ab3a0b5d6bf24d93511a01f971d169cd3c5f236312b,verified,derived_mirror,,
BVH-000661,cmu_74_13_01562,cmu_74_13_01562.bvh,cmu:74_13,CMU,cmu_motion_capture_database,74,,13,Range of motion,74_13.amc,,1562,unknown,60,,,"[{""status"":""inferred"",""type"":""extract_frame""}]",https://mocap.cs.cmu.edu/search.php?subjectnumber=74&trinum=13,,sha256:7a5bd8c60b22df22b77c8ab3a0b5d6bf24d93511a01f971d169cd3c5f236312b,verified,unverified,,
BVH-000662,cmu_74_13_01562_mirror,cmu_74_13_01562_mirror.bvh,cmu:74_13,CMU,cmu_motion_capture_database,74,,13,Range of motion,74_13.amc,,1562,unknown,60,,,"[{""status"":""inferred"",""type"":""extract_frame""},{""status"":""paired_member_present"",""type"":""mirror""}]",https://mocap.cs.cmu.edu/search.php?subjectnumber=74&trinum=13,,sha256:7a5bd8c60b22df22b77c8ab3a0b5d6bf24d93511a01f971d169cd3c5f236312b,verified,derived_mirror,,
BVH-000663,cmu_75_16_00244,cmu_75_16_00244.bvh,cmu:75_16,CMU,cmu_motion_capture_database,75,,16,jump kick,75_16.amc,,244,unknown,60,,,"[{""status"":""inferred"",""type"":""extract_frame""}]",https://mocap.cs.cmu.edu/search.php?subjectnumber=75&trinum=16,,sha256:7a5bd8c60b22df22b77c8ab3a0b5d6bf24d93511a01f971d169cd3c5f236312b,verified,unverified,,
BVH-000664,cmu_75_16_00244_mirror,cmu_75_16_00244_mirror.bvh,cmu:75_16,CMU,cmu_motion_capture_database,75,,16,jump kick,75_16.amc,,244,unknown,60,,,"[{""status"":""inferred"",""type"":""extract_frame""},{""status"":""paired_member_present"",""type"":""mirror""}]",https://mocap.cs.cmu.edu/search.php?subjectnumber=75&trinum=16,,sha256:7a5bd8c60b22df22b77c8ab3a0b5d6bf24d93511a01f971d169cd3c5f236312b,verified,derived_mirror,,
BVH-000665,cmu_76_02_01108,cmu_76_02_01108.bvh,cmu:76_02,CMU,cmu_motion_capture_database,76,,02,"walk backwards, feign a few attacks, then attack",76_02.amc,,1108,unknown,120,,,"[{""status"":""inferred"",""type"":""extract_frame""}]",https://mocap.cs.cmu.edu/search.php?subjectnumber=76&trinum=2,,sha256:7a5bd8c60b22df22b77c8ab3a0b5d6bf24d93511a01f971d169cd3c5f236312b,verified,unverified,,
BVH-000666,cmu_76_02_01108_mirror,cmu_76_02_01108_mirror.bvh,cmu:76_02,CMU,cmu_motion_capture_database,76,,02,"walk backwards, feign a few attacks, then attack",76_02.amc,,1108,unknown,120,,,"[{""status"":""inferred"",""type"":""extract_frame""},{""status"":""paired_member_present"",""type"":""mirror""}]",https://mocap.cs.cmu.edu/search.php?subjectnumber=76&trinum=2,,sha256:7a5bd8c60b22df22b77c8ab3a0b5d6bf24d93511a01f971d169cd3c5f236312b,verified,derived_mirror,,
BVH-000667,cmu_76_03_00875,cmu_76_03_00875.bvh,cmu:76_03,CMU,cmu_motion_capture_database,76,,03,avoid attacker,76_03.amc,,875,unknown,120,,,"[{""status"":""inferred"",""type"":""extract_frame""}]",https://mocap.cs.cmu.edu/search.php?subjectnumber=76&trinum=3,,sha256:7a5bd8c60b22df22b77c8ab3a0b5d6bf24d93511a01f971d169cd3c5f236312b,verified,unverified,,
BVH-000668,cmu_76_03_00875_mirror,cmu_76_03_00875_mirror.bvh,cmu:76_03,CMU,cmu_motion_capture_database,76,,03,avoid attacker,76_03.amc,,875,unknown,120,,,"[{""status"":""inferred"",""type"":""extract_frame""},{""status"":""paired_member_present"",""type"":""mirror""}]",https://mocap.cs.cmu.edu/search.php?subjectnumber=76&trinum=3,,sha256:7a5bd8c60b22df22b77c8ab3a0b5d6bf24d93511a01f971d169cd3c5f236312b,verified,derived_mirror,,
BVH-000669,cmu_76_05_00206,cmu_76_05_00206.bvh,cmu:76_05,CMU,cmu_motion_capture_database,76,,05,swatting at pesky bug,76_05.amc,,206,unknown,120,,,"[{""status"":""inferred"",""type"":""extract_frame""}]",https://mocap.cs.cmu.edu/search.php?subjectnumber=76&trinum=5,,sha256:7a5bd8c60b22df22b77c8ab3a0b5d6bf24d93511a01f971d169cd3c5f236312b,verified,unverified,,
BVH-000670,cmu_76_05_00206_mirror,cmu_76_05_00206_mirror.bvh,cmu:76_05,CMU,cmu_motion_capture_database,76,,05,swatting at pesky bug,76_05.amc,,206,unknown,120,,,"[{""status"":""inferred"",""type"":""extract_frame""},{""status"":""paired_member_present"",""type"":""mirror""}]",https://mocap.cs.cmu.edu/search.php?subjectnumber=76&trinum=5,,sha256:7a5bd8c60b22df22b77c8ab3a0b5d6bf24d93511a01f971d169cd3c5f236312b,verified,derived_mirror,,
BVH-000671,cmu_76_10_00520,cmu_76_10_00520.bvh,cmu:76_10,CMU,cmu_motion_capture_database,76,,10,turning,76_10.amc,,520,unknown,120,,,"[{""status"":""inferred"",""type"":""extract_frame""}]",https://mocap.cs.cmu.edu/search.php?subjectnumber=76&trinum=10,,sha256:7a5bd8c60b22df22b77c8ab3a0b5d6bf24d93511a01f971d169cd3c5f236312b,verified,unverified,,
BVH-000672,cmu_76_10_00520_mirror,cmu_76_10_00520_mirror.bvh,cmu:76_10,CMU,cmu_motion_capture_database,76,,10,turning,76_10.amc,,520,unknown,120,,,"[{""status"":""inferred"",""type"":""extract_frame""},{""status"":""paired_member_present"",""type"":""mirror""}]",https://mocap.cs.cmu.edu/search.php?subjectnumber=76&trinum=10,,sha256:7a5bd8c60b22df22b77c8ab3a0b5d6bf24d93511a01f971d169cd3c5f236312b,verified,derived_mirror,,
BVH-000673,cmu_77_07_00216,cmu_77_07_00216.bvh,cmu:77_07,CMU,cmu_motion_capture_database,77,,07,poking ground,77_07.amc,,216,unknown,60,,,"[{""status"":""inferred"",""type"":""extract_frame""}]",https://mocap.cs.cmu.edu/search.php?subjectnumber=77&trinum=7,,sha256:7a5bd8c60b22df22b77c8ab3a0b5d6bf24d93511a01f971d169cd3c5f236312b,verified,unverified,,
BVH-000674,cmu_77_07_00216_mirror,cmu_77_07_00216_mirror.bvh,cmu:77_07,CMU,cmu_motion_capture_database,77,,07,poking ground,77_07.amc,,216,unknown,60,,,"[{""status"":""inferred"",""type"":""extract_frame""},{""status"":""paired_member_present"",""type"":""mirror""}]",https://mocap.cs.cmu.edu/search.php?subjectnumber=77&trinum=7,,sha256:7a5bd8c60b22df22b77c8ab3a0b5d6bf24d93511a01f971d169cd3c5f236312b,verified,derived_mirror,,
BVH-000675,cmu_77_14_00282,cmu_77_14_00282.bvh,cmu:77_14,CMU,cmu_motion_capture_database,77,,14,careful creeping,77_14.amc,,282,unknown,60,,,"[{""status"":""inferred"",""type"":""extract_frame""}]",https://mocap.cs.cmu.edu/search.php?subjectnumber=77&trinum=14,,sha256:7a5bd8c60b22df22b77c8ab3a0b5d6bf24d93511a01f971d169cd3c5f236312b,verified,unverified,,
BVH-000676,cmu_77_14_00282_mirror,cmu_77_14_00282_mirror.bvh,cmu:77_14,CMU,cmu_motion_capture_database,77,,14,careful creeping,77_14.amc,,282,unknown,60,,,"[{""status"":""inferred"",""type"":""extract_frame""},{""status"":""paired_member_present"",""type"":""mirror""}]",https://mocap.cs.cmu.edu/search.php?subjectnumber=77&trinum=14,,sha256:7a5bd8c60b22df22b77c8ab3a0b5d6bf24d93511a01f971d169cd3c5f236312b,verified,derived_mirror,,
BVH-000677,cmu_77_20_01046,cmu_77_20_01046.bvh,cmu:77_20,CMU,cmu_motion_capture_database,77,,20,"limping, hurt right leg",77_20.amc,,1046,unknown,60,,,"[{""status"":""inferred"",""type"":""extract_frame""}]",https://mocap.cs.cmu.edu/search.php?subjectnumber=77&trinum=20,,sha256:7a5bd8c60b22df22b77c8ab3a0b5d6bf24d93511a01f971d169cd3c5f236312b,verified,unverified,,
BVH-000678,cmu_77_20_01046_mirror,cmu_77_20_01046_mirror.bvh,cmu:77_20,CMU,cmu_motion_capture_database,77,,20,"limping, hurt right leg",77_20.amc,,1046,unknown,60,,,"[{""status"":""inferred"",""type"":""extract_frame""},{""status"":""paired_member_present"",""type"":""mirror""}]",https://mocap.cs.cmu.edu/search.php?subjectnumber=77&trinum=20,,sha256:7a5bd8c60b22df22b77c8ab3a0b5d6bf24d93511a01f971d169cd3c5f236312b,verified,derived_mirror,,
BVH-000679,cmu_77_32_00901,cmu_77_32_00901.bvh,cmu:77_32,CMU,cmu_motion_capture_database,77,,32,creeping walk,77_32.amc,,901,unknown,60,,,"[{""status"":""inferred"",""type"":""extract_frame""}]",https://mocap.cs.cmu.edu/search.php?subjectnumber=77&trinum=32,,sha256:7a5bd8c60b22df22b77c8ab3a0b5d6bf24d93511a01f971d169cd3c5f236312b,verified,unverified,,
BVH-000680,cmu_77_32_00901_mirror,cmu_77_32_00901_mirror.bvh,cmu:77_32,CMU,cmu_motion_capture_database,77,,32,creeping walk,77_32.amc,,901,unknown,60,,,"[{""status"":""inferred"",""type"":""extract_frame""},{""status"":""paired_member_present"",""type"":""mirror""}]",https://mocap.cs.cmu.edu/search.php?subjectnumber=77&trinum=32,,sha256:7a5bd8c60b22df22b77c8ab3a0b5d6bf24d93511a01f971d169cd3c5f236312b,verified,derived_mirror,,
BVH-000681,cmu_77_33_02283,cmu_77_33_02283.bvh,cmu:77_33,CMU,cmu_motion_capture_database,77,,33,creeping with limp,77_33.amc,,2283,unknown,60,,,"[{""status"":""inferred"",""type"":""extract_frame""}]",https://mocap.cs.cmu.edu/search.php?subjectnumber=77&trinum=33,,sha256:7a5bd8c60b22df22b77c8ab3a0b5d6bf24d93511a01f971d169cd3c5f236312b,verified,unverified,,
BVH-000682,cmu_77_33_02283_mirror,cmu_77_33_02283_mirror.bvh,cmu:77_33,CMU,cmu_motion_capture_database,77,,33,creeping with limp,77_33.amc,,2283,unknown,60,,,"[{""status"":""inferred"",""type"":""extract_frame""},{""status"":""paired_member_present"",""type"":""mirror""}]",https://mocap.cs.cmu.edu/search.php?subjectnumber=77&trinum=33,,sha256:7a5bd8c60b22df22b77c8ab3a0b5d6bf24d93511a01f971d169cd3c5f236312b,verified,derived_mirror,,
BVH-000683,cmu_78_17_00017,cmu_78_17_00017.bvh,cmu:78_17,CMU,cmu_motion_capture_database,78,,17,OffensiveMoveSpinRight CleanedGRS,78_17.amc,,17,unknown,120,,,"[{""status"":""inferred"",""type"":""extract_frame""}]",https://mocap.cs.cmu.edu/search.php?subjectnumber=78&trinum=17,,sha256:7a5bd8c60b22df22b77c8ab3a0b5d6bf24d93511a01f971d169cd3c5f236312b,verified,unverified,,
BVH-000684,cmu_78_17_00017_mirror,cmu_78_17_00017_mirror.bvh,cmu:78_17,CMU,cmu_motion_capture_database,78,,17,OffensiveMoveSpinRight CleanedGRS,78_17.amc,,17,unknown,120,,,"[{""status"":""inferred"",""type"":""extract_frame""},{""status"":""paired_member_present"",""type"":""mirror""}]",https://mocap.cs.cmu.edu/search.php?subjectnumber=78&trinum=17,,sha256:7a5bd8c60b22df22b77c8ab3a0b5d6bf24d93511a01f971d169cd3c5f236312b,verified,derived_mirror,,
BVH-000685,cmu_78_35_00115,cmu_78_35_00115.bvh,cmu:78_35,CMU,cmu_motion_capture_database,78,,35,RightTightTurn CleanedGRS,78_35.amc,,115,unknown,120,,,"[{""status"":""inferred"",""type"":""extract_frame""}]",https://mocap.cs.cmu.edu/search.php?subjectnumber=78&trinum=35,,sha256:7a5bd8c60b22df22b77c8ab3a0b5d6bf24d93511a01f971d169cd3c5f236312b,verified,unverified,,
BVH-000686,cmu_78_35_00115_mirror,cmu_78_35_00115_mirror.bvh,cmu:78_35,CMU,cmu_motion_capture_database,78,,35,RightTightTurn CleanedGRS,78_35.amc,,115,unknown,120,,,"[{""status"":""inferred"",""type"":""extract_frame""},{""status"":""paired_member_present"",""type"":""mirror""}]",https://mocap.cs.cmu.edu/search.php?subjectnumber=78&trinum=35,,sha256:7a5bd8c60b22df22b77c8ab3a0b5d6bf24d93511a01f971d169cd3c5f236312b,verified,derived_mirror,,
BVH-000687,cmu_79_21_00350,cmu_79_21_00350.bvh,cmu:79_21,CMU,cmu_motion_capture_database,79,,21,putting on a pull over,79_21.amc,,350,unknown,60,,,"[{""status"":""inferred"",""type"":""extract_frame""}]",https://mocap.cs.cmu.edu/search.php?subjectnumber=79&trinum=21,,sha256:7a5bd8c60b22df22b77c8ab3a0b5d6bf24d93511a01f971d169cd3c5f236312b,verified,unverified,,
BVH-000688,cmu_79_21_00350_mirror,cmu_79_21_00350_mirror.bvh,cmu:79_21,CMU,cmu_motion_capture_database,79,,21,putting on a pull over,79_21.amc,,350,unknown,60,,,"[{""status"":""inferred"",""type"":""extract_frame""},{""status"":""paired_member_present"",""type"":""mirror""}]",https://mocap.cs.cmu.edu/search.php?subjectnumber=79&trinum=21,,sha256:7a5bd8c60b22df22b77c8ab3a0b5d6bf24d93511a01f971d169cd3c5f236312b,verified,derived_mirror,,
BVH-000689,cmu_79_22_00711_ground,cmu_79_22_00711_ground.bvh,cmu:79_22,CMU,cmu_motion_capture_database,79,,22,range of motion,79_22.amc,,711,unknown,60,,,"[{""status"":""inferred"",""type"":""extract_frame""},{""status"":""filename_inferred"",""type"":""ground""}]",https://mocap.cs.cmu.edu/search.php?subjectnumber=79&trinum=22,,sha256:7a5bd8c60b22df22b77c8ab3a0b5d6bf24d93511a01f971d169cd3c5f236312b,verified,unverified,,
BVH-000690,cmu_79_22_00711_ground_mirror,cmu_79_22_00711_ground_mirror.bvh,cmu:79_22,CMU,cmu_motion_capture_database,79,,22,range of motion,79_22.amc,,711,unknown,60,,,"[{""status"":""inferred"",""type"":""extract_frame""},{""status"":""filename_inferred"",""type"":""ground""},{""status"":""paired_member_present"",""type"":""mirror""}]",https://mocap.cs.cmu.edu/search.php?subjectnumber=79&trinum=22,,sha256:7a5bd8c60b22df22b77c8ab3a0b5d6bf24d93511a01f971d169cd3c5f236312b,verified,derived_mirror,,
BVH-000691,cmu_79_49_00840,cmu_79_49_00840.bvh,cmu:79_49,CMU,cmu_motion_capture_database,79,,49,monkey,79_49.amc,,840,unknown,60,,,"[{""status"":""inferred"",""type"":""extract_frame""}]",https://mocap.cs.cmu.edu/search.php?subjectnumber=79&trinum=49,,sha256:7a5bd8c60b22df22b77c8ab3a0b5d6bf24d93511a01f971d169cd3c5f236312b,verified,unverified,,
BVH-000692,cmu_79_49_00840_mirror,cmu_79_49_00840_mirror.bvh,cmu:79_49,CMU,cmu_motion_capture_database,79,,49,monkey,79_49.amc,,840,unknown,60,,,"[{""status"":""inferred"",""type"":""extract_frame""},{""status"":""paired_member_present"",""type"":""mirror""}]",https://mocap.cs.cmu.edu/search.php?subjectnumber=79&trinum=49,,sha256:7a5bd8c60b22df22b77c8ab3a0b5d6bf24d93511a01f971d169cd3c5f236312b,verified,derived_mirror,,
BVH-000693,cmu_79_66_00479,cmu_79_66_00479.bvh,cmu:79_66,CMU,cmu_motion_capture_database,79,,66,movie and trial dont match,79_66.amc,,479,unknown,60,,,"[{""status"":""inferred"",""type"":""extract_frame""}]",https://mocap.cs.cmu.edu/search.php?subjectnumber=79&trinum=66,,sha256:7a5bd8c60b22df22b77c8ab3a0b5d6bf24d93511a01f971d169cd3c5f236312b,verified,unverified,,
BVH-000694,cmu_79_66_00479_mirror,cmu_79_66_00479_mirror.bvh,cmu:79_66,CMU,cmu_motion_capture_database,79,,66,movie and trial dont match,79_66.amc,,479,unknown,60,,,"[{""status"":""inferred"",""type"":""extract_frame""},{""status"":""paired_member_present"",""type"":""mirror""}]",https://mocap.cs.cmu.edu/search.php?subjectnumber=79&trinum=66,,sha256:7a5bd8c60b22df22b77c8ab3a0b5d6bf24d93511a01f971d169cd3c5f236312b,verified,derived_mirror,,
BVH-000695,cmu_79_91_00213,cmu_79_91_00213.bvh,cmu:79_91,CMU,cmu_motion_capture_database,79,,91,football,79_91.amc,,213,unknown,60,,,"[{""status"":""inferred"",""type"":""extract_frame""}]",https://mocap.cs.cmu.edu/search.php?subjectnumber=79&trinum=91,,sha256:7a5bd8c60b22df22b77c8ab3a0b5d6bf24d93511a01f971d169cd3c5f236312b,verified,unverified,,
BVH-000696,cmu_79_91_00213_mirror,cmu_79_91_00213_mirror.bvh,cmu:79_91,CMU,cmu_motion_capture_database,79,,91,football,79_91.amc,,213,unknown,60,,,"[{""status"":""inferred"",""type"":""extract_frame""},{""status"":""paired_member_present"",""type"":""mirror""}]",https://mocap.cs.cmu.edu/search.php?subjectnumber=79&trinum=91,,sha256:7a5bd8c60b22df22b77c8ab3a0b5d6bf24d93511a01f971d169cd3c5f236312b,verified,derived_mirror,,
BVH-000697,cmu_80_05_00552,cmu_80_05_00552.bvh,cmu:80_05,CMU,cmu_motion_capture_database,80,,05,digging a hole,80_05.amc,,552,unknown,60,,,"[{""status"":""inferred"",""type"":""extract_frame""}]",https://mocap.cs.cmu.edu/search.php?subjectnumber=80&trinum=5,,sha256:7a5bd8c60b22df22b77c8ab3a0b5d6bf24d93511a01f971d169cd3c5f236312b,verified,unverified,,
BVH-000698,cmu_80_05_00552_mirror,cmu_80_05_00552_mirror.bvh,cmu:80_05,CMU,cmu_motion_capture_database,80,,05,digging a hole,80_05.amc,,552,unknown,60,,,"[{""status"":""inferred"",""type"":""extract_frame""},{""status"":""paired_member_present"",""type"":""mirror""}]",https://mocap.cs.cmu.edu/search.php?subjectnumber=80&trinum=5,,sha256:7a5bd8c60b22df22b77c8ab3a0b5d6bf24d93511a01f971d169cd3c5f236312b,verified,derived_mirror,,
BVH-000699,cmu_80_12_00230,cmu_80_12_00230.bvh,cmu:80_12,CMU,cmu_motion_capture_database,80,,12,fishing,80_12.amc,,230,unknown,60,,,"[{""status"":""inferred"",""type"":""extract_frame""}]",https://mocap.cs.cmu.edu/search.php?subjectnumber=80&trinum=12,,sha256:7a5bd8c60b22df22b77c8ab3a0b5d6bf24d93511a01f971d169cd3c5f236312b,verified,unverified,,
BVH-000700,cmu_80_12_00230_mirror,cmu_80_12_00230_mirror.bvh,cmu:80_12,CMU,cmu_motion_capture_database,80,,12,fishing,80_12.amc,,230,unknown,60,,,"[{""status"":""inferred"",""type"":""extract_frame""},{""status"":""paired_member_present"",""type"":""mirror""}]",https://mocap.cs.cmu.edu/search.php?subjectnumber=80&trinum=12,,sha256:7a5bd8c60b22df22b77c8ab3a0b5d6bf24d93511a01f971d169cd3c5f236312b,verified,derived_mirror,,
BVH-000701,cmu_80_21_00466,cmu_80_21_00466.bvh,cmu:80_21,CMU,cmu_motion_capture_database,80,,21,pushing swing,80_21.amc,,466,unknown,60,,,"[{""status"":""inferred"",""type"":""extract_frame""}]",https://mocap.cs.cmu.edu/search.php?subjectnumber=80&trinum=21,,sha256:7a5bd8c60b22df22b77c8ab3a0b5d6bf24d93511a01f971d169cd3c5f236312b,verified,unverified,,
BVH-000702,cmu_80_21_00466_mirror,cmu_80_21_00466_mirror.bvh,cmu:80_21,CMU,cmu_motion_capture_database,80,,21,pushing swing,80_21.amc,,466,unknown,60,,,"[{""status"":""inferred"",""type"":""extract_frame""},{""status"":""paired_member_present"",""type"":""mirror""}]",https://mocap.cs.cmu.edu/search.php?subjectnumber=80&trinum=21,,sha256:7a5bd8c60b22df22b77c8ab3a0b5d6bf24d93511a01f971d169cd3c5f236312b,verified,derived_mirror,,
BVH-000703,cmu_80_21_01132,cmu_80_21_01132.bvh,cmu:80_21,CMU,cmu_motion_capture_database,80,,21,pushing swing,80_21.amc,,1132,unknown,60,,,"[{""status"":""inferred"",""type"":""extract_frame""}]",https://mocap.cs.cmu.edu/search.php?subjectnumber=80&trinum=21,,sha256:7a5bd8c60b22df22b77c8ab3a0b5d6bf24d93511a01f971d169cd3c5f236312b,verified,unverified,,
BVH-000704,cmu_80_21_01132_mirror,cmu_80_21_01132_mirror.bvh,cmu:80_21,CMU,cmu_motion_capture_database,80,,21,pushing swing,80_21.amc,,1132,unknown,60,,,"[{""status"":""inferred"",""type"":""extract_frame""},{""status"":""paired_member_present"",""type"":""mirror""}]",https://mocap.cs.cmu.edu/search.php?subjectnumber=80&trinum=21,,sha256:7a5bd8c60b22df22b77c8ab3a0b5d6bf24d93511a01f971d169cd3c5f236312b,verified,derived_mirror,,
BVH-000705,cmu_80_67_01745,cmu_80_67_01745.bvh,cmu:80_67,CMU,cmu_motion_capture_database,80,,67,,80_67.amc,,1745,unknown,60,,,"[{""status"":""inferred"",""type"":""extract_frame""}]",https://mocap.cs.cmu.edu/search.php?subjectnumber=80&trinum=67,,sha256:7a5bd8c60b22df22b77c8ab3a0b5d6bf24d93511a01f971d169cd3c5f236312b,verified,unverified,,
BVH-000706,cmu_80_67_01745_mirror,cmu_80_67_01745_mirror.bvh,cmu:80_67,CMU,cmu_motion_capture_database,80,,67,,80_67.amc,,1745,unknown,60,,,"[{""status"":""inferred"",""type"":""extract_frame""},{""status"":""paired_member_present"",""type"":""mirror""}]",https://mocap.cs.cmu.edu/search.php?subjectnumber=80&trinum=67,,sha256:7a5bd8c60b22df22b77c8ab3a0b5d6bf24d93511a01f971d169cd3c5f236312b,verified,derived_mirror,,
BVH-000707,cmu_80_69_00407_ground,cmu_80_69_00407_ground.bvh,cmu:80_69,CMU,cmu_motion_capture_database,80,,69,painting,80_69.amc,,407,unknown,60,,,"[{""status"":""inferred"",""type"":""extract_frame""},{""status"":""filename_inferred"",""type"":""ground""}]",https://mocap.cs.cmu.edu/search.php?subjectnumber=80&trinum=69,,sha256:7a5bd8c60b22df22b77c8ab3a0b5d6bf24d93511a01f971d169cd3c5f236312b,verified,unverified,,
BVH-000708,cmu_80_69_00407_ground_mirror,cmu_80_69_00407_ground_mirror.bvh,cmu:80_69,CMU,cmu_motion_capture_database,80,,69,painting,80_69.amc,,407,unknown,60,,,"[{""status"":""inferred"",""type"":""extract_frame""},{""status"":""filename_inferred"",""type"":""ground""},{""status"":""paired_member_present"",""type"":""mirror""}]",https://mocap.cs.cmu.edu/search.php?subjectnumber=80&trinum=69,,sha256:7a5bd8c60b22df22b77c8ab3a0b5d6bf24d93511a01f971d169cd3c5f236312b,verified,derived_mirror,,
BVH-000709,cmu_81_05_00194_ground,cmu_81_05_00194_ground.bvh,cmu:81_05,CMU,cmu_motion_capture_database,81,,05,push heavy object,81_05.amc,,194,unknown,120,,,"[{""status"":""inferred"",""type"":""extract_frame""},{""status"":""filename_inferred"",""type"":""ground""}]",https://mocap.cs.cmu.edu/search.php?subjectnumber=81&trinum=5,,sha256:7a5bd8c60b22df22b77c8ab3a0b5d6bf24d93511a01f971d169cd3c5f236312b,verified,unverified,,
BVH-000710,cmu_81_05_00194_ground_mirror,cmu_81_05_00194_ground_mirror.bvh,cmu:81_05,CMU,cmu_motion_capture_database,81,,05,push heavy object,81_05.amc,,194,unknown,120,,,"[{""status"":""inferred"",""type"":""extract_frame""},{""status"":""filename_inferred"",""type"":""ground""},{""status"":""paired_member_present"",""type"":""mirror""}]",https://mocap.cs.cmu.edu/search.php?subjectnumber=81&trinum=5,,sha256:7a5bd8c60b22df22b77c8ab3a0b5d6bf24d93511a01f971d169cd3c5f236312b,verified,derived_mirror,,
BVH-000711,cmu_81_09_00997,cmu_81_09_00997.bvh,cmu:81_09,CMU,cmu_motion_capture_database,81,,09,drag heavy object,81_09.amc,,997,unknown,120,,,"[{""status"":""inferred"",""type"":""extract_frame""}]",https://mocap.cs.cmu.edu/search.php?subjectnumber=81&trinum=9,,sha256:7a5bd8c60b22df22b77c8ab3a0b5d6bf24d93511a01f971d169cd3c5f236312b,verified,unverified,,
BVH-000712,cmu_81_09_00997_mirror,cmu_81_09_00997_mirror.bvh,cmu:81_09,CMU,cmu_motion_capture_database,81,,09,drag heavy object,81_09.amc,,997,unknown,120,,,"[{""status"":""inferred"",""type"":""extract_frame""},{""status"":""paired_member_present"",""type"":""mirror""}]",https://mocap.cs.cmu.edu/search.php?subjectnumber=81&trinum=9,,sha256:7a5bd8c60b22df22b77c8ab3a0b5d6bf24d93511a01f971d169cd3c5f236312b,verified,derived_mirror,,
BVH-000713,cmu_81_11_00723,cmu_81_11_00723.bvh,cmu:81_11,CMU,cmu_motion_capture_database,81,,11,push object that is high in air,81_11.amc,,723,unknown,120,,,"[{""status"":""inferred"",""type"":""extract_frame""}]",https://mocap.cs.cmu.edu/search.php?subjectnumber=81&trinum=11,,sha256:7a5bd8c60b22df22b77c8ab3a0b5d6bf24d93511a01f971d169cd3c5f236312b,verified,unverified,,
BVH-000714,cmu_81_11_00723_mirror,cmu_81_11_00723_mirror.bvh,cmu:81_11,CMU,cmu_motion_capture_database,81,,11,push object that is high in air,81_11.amc,,723,unknown,120,,,"[{""status"":""inferred"",""type"":""extract_frame""},{""status"":""paired_member_present"",""type"":""mirror""}]",https://mocap.cs.cmu.edu/search.php?subjectnumber=81&trinum=11,,sha256:7a5bd8c60b22df22b77c8ab3a0b5d6bf24d93511a01f971d169cd3c5f236312b,verified,derived_mirror,,
BVH-000715,cmu_81_12_00239,cmu_81_12_00239.bvh,cmu:81_12,CMU,cmu_motion_capture_database,81,,12,jump backwards off ledge,81_12.amc,,239,unknown,120,,,"[{""status"":""inferred"",""type"":""extract_frame""}]",https://mocap.cs.cmu.edu/search.php?subjectnumber=81&trinum=12,,sha256:7a5bd8c60b22df22b77c8ab3a0b5d6bf24d93511a01f971d169cd3c5f236312b,verified,unverified,,
BVH-000716,cmu_81_12_00239_mirror,cmu_81_12_00239_mirror.bvh,cmu:81_12,CMU,cmu_motion_capture_database,81,,12,jump backwards off ledge,81_12.amc,,239,unknown,120,,,"[{""status"":""inferred"",""type"":""extract_frame""},{""status"":""paired_member_present"",""type"":""mirror""}]",https://mocap.cs.cmu.edu/search.php?subjectnumber=81&trinum=12,,sha256:7a5bd8c60b22df22b77c8ab3a0b5d6bf24d93511a01f971d169cd3c5f236312b,verified,derived_mirror,,
BVH-000717,cmu_81_14_01592_ground,cmu_81_14_01592_ground.bvh,cmu:81_14,CMU,cmu_motion_capture_database,81,,14,climb backwards off ledge,81_14.amc,,1592,unknown,120,,,"[{""status"":""inferred"",""type"":""extract_frame""},{""status"":""filename_inferred"",""type"":""ground""}]",https://mocap.cs.cmu.edu/search.php?subjectnumber=81&trinum=14,,sha256:7a5bd8c60b22df22b77c8ab3a0b5d6bf24d93511a01f971d169cd3c5f236312b,verified,unverified,,
BVH-000718,cmu_81_14_01592_ground_mirror,cmu_81_14_01592_ground_mirror.bvh,cmu:81_14,CMU,cmu_motion_capture_database,81,,14,climb backwards off ledge,81_14.amc,,1592,unknown,120,,,"[{""status"":""inferred"",""type"":""extract_frame""},{""status"":""filename_inferred"",""type"":""ground""},{""status"":""paired_member_present"",""type"":""mirror""}]",https://mocap.cs.cmu.edu/search.php?subjectnumber=81&trinum=14,,sha256:7a5bd8c60b22df22b77c8ab3a0b5d6bf24d93511a01f971d169cd3c5f236312b,verified,derived_mirror,,
BVH-000719,cmu_82_04_00475,cmu_82_04_00475.bvh,cmu:82_04,CMU,cmu_motion_capture_database,82,,04,Jump off ledge,82_04.amc,,475,unknown,120,,,"[{""status"":""inferred"",""type"":""extract_frame""}]",https://mocap.cs.cmu.edu/search.php?subjectnumber=82&trinum=4,,sha256:7a5bd8c60b22df22b77c8ab3a0b5d6bf24d93511a01f971d169cd3c5f236312b,verified,unverified,,
BVH-000720,cmu_82_04_00475_mirror,cmu_82_04_00475_mirror.bvh,cmu:82_04,CMU,cmu_motion_capture_database,82,,04,Jump off ledge,82_04.amc,,475,unknown,120,,,"[{""status"":""inferred"",""type"":""extract_frame""},{""status"":""paired_member_present"",""type"":""mirror""}]",https://mocap.cs.cmu.edu/search.php?subjectnumber=82&trinum=4,,sha256:7a5bd8c60b22df22b77c8ab3a0b5d6bf24d93511a01f971d169cd3c5f236312b,verified,derived_mirror,,
BVH-000721,cmu_82_06_00467,cmu_82_06_00467.bvh,cmu:82_06,CMU,cmu_motion_capture_database,82,,06,Pushing on heavy object,82_06.amc,,467,unknown,120,,,"[{""status"":""inferred"",""type"":""extract_frame""}]",https://mocap.cs.cmu.edu/search.php?subjectnumber=82&trinum=6,,sha256:7a5bd8c60b22df22b77c8ab3a0b5d6bf24d93511a01f971d169cd3c5f236312b,verified,unverified,,
BVH-000722,cmu_82_06_00467_mirror,cmu_82_06_00467_mirror.bvh,cmu:82_06,CMU,cmu_motion_capture_database,82,,06,Pushing on heavy object,82_06.amc,,467,unknown,120,,,"[{""status"":""inferred"",""type"":""extract_frame""},{""status"":""paired_member_present"",""type"":""mirror""}]",https://mocap.cs.cmu.edu/search.php?subjectnumber=82&trinum=6,,sha256:7a5bd8c60b22df22b77c8ab3a0b5d6bf24d93511a01f971d169cd3c5f236312b,verified,derived_mirror,,
BVH-000723,cmu_82_07_00570,cmu_82_07_00570.bvh,cmu:82_07,CMU,cmu_motion_capture_database,82,,07,Pushing on heavy object,82_07.amc,,570,unknown,120,,,"[{""status"":""inferred"",""type"":""extract_frame""}]",https://mocap.cs.cmu.edu/search.php?subjectnumber=82&trinum=7,,sha256:7a5bd8c60b22df22b77c8ab3a0b5d6bf24d93511a01f971d169cd3c5f236312b,verified,unverified,,
BVH-000724,cmu_82_07_00570_mirror,cmu_82_07_00570_mirror.bvh,cmu:82_07,CMU,cmu_motion_capture_database,82,,07,Pushing on heavy object,82_07.amc,,570,unknown,120,,,"[{""status"":""inferred"",""type"":""extract_frame""},{""status"":""paired_member_present"",""type"":""mirror""}]",https://mocap.cs.cmu.edu/search.php?subjectnumber=82&trinum=7,,sha256:7a5bd8c60b22df22b77c8ab3a0b5d6bf24d93511a01f971d169cd3c5f236312b,verified,derived_mirror,,
BVH-000725,cmu_85_04_02068,cmu_85_04_02068.bvh,cmu:85_04,CMU,cmu_motion_capture_database,85,,04,FancyFootWork,85_04.amc,,2068,unknown,120,,,"[{""status"":""inferred"",""type"":""extract_frame""}]",https://mocap.cs.cmu.edu/search.php?subjectnumber=85&trinum=4,,sha256:7a5bd8c60b22df22b77c8ab3a0b5d6bf24d93511a01f971d169cd3c5f236312b,verified,unverified,,
BVH-000726,cmu_85_04_02068_mirror,cmu_85_04_02068_mirror.bvh,cmu:85_04,CMU,cmu_motion_capture_database,85,,04,FancyFootWork,85_04.amc,,2068,unknown,120,,,"[{""status"":""inferred"",""type"":""extract_frame""},{""status"":""paired_member_present"",""type"":""mirror""}]",https://mocap.cs.cmu.edu/search.php?subjectnumber=85&trinum=4,,sha256:7a5bd8c60b22df22b77c8ab3a0b5d6bf24d93511a01f971d169cd3c5f236312b,verified,derived_mirror,,
BVH-000727,cmu_85_13_00482,cmu_85_13_00482.bvh,cmu:85_13,CMU,cmu_motion_capture_database,85,,13,BadStartSequnce,85_13.amc,,482,unknown,120,,,"[{""status"":""inferred"",""type"":""extract_frame""}]",https://mocap.cs.cmu.edu/search.php?subjectnumber=85&trinum=13,,sha256:7a5bd8c60b22df22b77c8ab3a0b5d6bf24d93511a01f971d169cd3c5f236312b,verified,unverified,,
BVH-000728,cmu_85_13_00482_mirror,cmu_85_13_00482_mirror.bvh,cmu:85_13,CMU,cmu_motion_capture_database,85,,13,BadStartSequnce,85_13.amc,,482,unknown,120,,,"[{""status"":""inferred"",""type"":""extract_frame""},{""status"":""paired_member_present"",""type"":""mirror""}]",https://mocap.cs.cmu.edu/search.php?subjectnumber=85&trinum=13,,sha256:7a5bd8c60b22df22b77c8ab3a0b5d6bf24d93511a01f971d169cd3c5f236312b,verified,derived_mirror,,
BVH-000729,cmu_85_14_01555,cmu_85_14_01555.bvh,cmu:85_14,CMU,cmu_motion_capture_database,85,,14,BreakSequencewithFlips,85_14.amc,,1555,unknown,120,,,"[{""status"":""inferred"",""type"":""extract_frame""}]",https://mocap.cs.cmu.edu/search.php?subjectnumber=85&trinum=14,,sha256:7a5bd8c60b22df22b77c8ab3a0b5d6bf24d93511a01f971d169cd3c5f236312b,verified,unverified,,
BVH-000730,cmu_85_14_01555_mirror,cmu_85_14_01555_mirror.bvh,cmu:85_14,CMU,cmu_motion_capture_database,85,,14,BreakSequencewithFlips,85_14.amc,,1555,unknown,120,,,"[{""status"":""inferred"",""type"":""extract_frame""},{""status"":""paired_member_present"",""type"":""mirror""}]",https://mocap.cs.cmu.edu/search.php?subjectnumber=85&trinum=14,,sha256:7a5bd8c60b22df22b77c8ab3a0b5d6bf24d93511a01f971d169cd3c5f236312b,verified,derived_mirror,,
BVH-000731,cmu_85_14_01837,cmu_85_14_01837.bvh,cmu:85_14,CMU,cmu_motion_capture_database,85,,14,BreakSequencewithFlips,85_14.amc,,1837,unknown,120,,,"[{""status"":""inferred"",""type"":""extract_frame""}]",https://mocap.cs.cmu.edu/search.php?subjectnumber=85&trinum=14,,sha256:7a5bd8c60b22df22b77c8ab3a0b5d6bf24d93511a01f971d169cd3c5f236312b,verified,unverified,,
BVH-000732,cmu_85_14_01837_mirror,cmu_85_14_01837_mirror.bvh,cmu:85_14,CMU,cmu_motion_capture_database,85,,14,BreakSequencewithFlips,85_14.amc,,1837,unknown,120,,,"[{""status"":""inferred"",""type"":""extract_frame""},{""status"":""paired_member_present"",""type"":""mirror""}]",https://mocap.cs.cmu.edu/search.php?subjectnumber=85&trinum=14,,sha256:7a5bd8c60b22df22b77c8ab3a0b5d6bf24d93511a01f971d169cd3c5f236312b,verified,derived_mirror,,
BVH-000733,cmu_85_15_01072,cmu_85_15_01072.bvh,cmu:85_15,CMU,cmu_motion_capture_database,85,,15,90TwistsFall,85_15.amc,,1072,unknown,120,,,"[{""status"":""inferred"",""type"":""extract_frame""}]",https://mocap.cs.cmu.edu/search.php?subjectnumber=85&trinum=15,,sha256:7a5bd8c60b22df22b77c8ab3a0b5d6bf24d93511a01f971d169cd3c5f236312b,verified,unverified,,
BVH-000734,cmu_85_15_01072_mirror,cmu_85_15_01072_mirror.bvh,cmu:85_15,CMU,cmu_motion_capture_database,85,,15,90TwistsFall,85_15.amc,,1072,unknown,120,,,"[{""status"":""inferred"",""type"":""extract_frame""},{""status"":""paired_member_present"",""type"":""mirror""}]",https://mocap.cs.cmu.edu/search.php?subjectnumber=85&trinum=15,,sha256:7a5bd8c60b22df22b77c8ab3a0b5d6bf24d93511a01f971d169cd3c5f236312b,verified,derived_mirror,,
BVH-000735,cmu_86_03_03600,cmu_86_03_03600.bvh,cmu:86_03,CMU,cmu_motion_capture_database,86,,03,"walking, running, jumping, kicking, and stretching",86_03.amc,,3600,unknown,120,,,"[{""status"":""inferred"",""type"":""extract_frame""}]",https://mocap.cs.cmu.edu/search.php?subjectnumber=86&trinum=3,,sha256:7a5bd8c60b22df22b77c8ab3a0b5d6bf24d93511a01f971d169cd3c5f236312b,verified,unverified,,
BVH-000736,cmu_86_03_03600_mirror,cmu_86_03_03600_mirror.bvh,cmu:86_03,CMU,cmu_motion_capture_database,86,,03,"walking, running, jumping, kicking, and stretching",86_03.amc,,3600,unknown,120,,,"[{""status"":""inferred"",""type"":""extract_frame""},{""status"":""paired_member_present"",""type"":""mirror""}]",https://mocap.cs.cmu.edu/search.php?subjectnumber=86&trinum=3,,sha256:7a5bd8c60b22df22b77c8ab3a0b5d6bf24d93511a01f971d169cd3c5f236312b,verified,derived_mirror,,
BVH-000737,cmu_86_05_01191,cmu_86_05_01191.bvh,cmu:86_05,CMU,cmu_motion_capture_database,86,,05,"walking, jumping, jumping jacks, jumping on one foot, punching, chopping,",86_05.amc,,1191,unknown,120,,,"[{""status"":""inferred"",""type"":""extract_frame""}]",https://mocap.cs.cmu.edu/search.php?subjectnumber=86&trinum=5,,sha256:7a5bd8c60b22df22b77c8ab3a0b5d6bf24d93511a01f971d169cd3c5f236312b,verified,unverified,,
BVH-000738,cmu_86_05_01191_mirror,cmu_86_05_01191_mirror.bvh,cmu:86_05,CMU,cmu_motion_capture_database,86,,05,"walking, jumping, jumping jacks, jumping on one foot, punching, chopping,",86_05.amc,,1191,unknown,120,,,"[{""status"":""inferred"",""type"":""extract_frame""},{""status"":""paired_member_present"",""type"":""mirror""}]",https://mocap.cs.cmu.edu/search.php?subjectnumber=86&trinum=5,,sha256:7a5bd8c60b22df22b77c8ab3a0b5d6bf24d93511a01f971d169cd3c5f236312b,verified,derived_mirror,,
BVH-000739,cmu_87_01_00176,cmu_87_01_00176.bvh,cmu:87_01,CMU,cmu_motion_capture_database,87,,01,Jump with kick and spin,87_01.amc,,176,unknown,60,,,"[{""status"":""inferred"",""type"":""extract_frame""}]",https://mocap.cs.cmu.edu/search.php?subjectnumber=87&trinum=1,,sha256:7a5bd8c60b22df22b77c8ab3a0b5d6bf24d93511a01f971d169cd3c5f236312b,verified,unverified,,
BVH-000740,cmu_87_01_00176_mirror,cmu_87_01_00176_mirror.bvh,cmu:87_01,CMU,cmu_motion_capture_database,87,,01,Jump with kick and spin,87_01.amc,,176,unknown,60,,,"[{""status"":""inferred"",""type"":""extract_frame""},{""status"":""paired_member_present"",""type"":""mirror""}]",https://mocap.cs.cmu.edu/search.php?subjectnumber=87&trinum=1,,sha256:7a5bd8c60b22df22b77c8ab3a0b5d6bf24d93511a01f971d169cd3c5f236312b,verified,derived_mirror,,
BVH-000741,cmu_87_05_00024,cmu_87_05_00024.bvh,cmu:87_05,CMU,cmu_motion_capture_database,87,,05,cartwheels,87_05.amc,,24,unknown,60,,,"[{""status"":""inferred"",""type"":""extract_frame""}]",https://mocap.cs.cmu.edu/search.php?subjectnumber=87&trinum=5,,sha256:7a5bd8c60b22df22b77c8ab3a0b5d6bf24d93511a01f971d169cd3c5f236312b,verified,unverified,,
BVH-000742,cmu_87_05_00024_mirror,cmu_87_05_00024_mirror.bvh,cmu:87_05,CMU,cmu_motion_capture_database,87,,05,cartwheels,87_05.amc,,24,unknown,60,,,"[{""status"":""inferred"",""type"":""extract_frame""},{""status"":""paired_member_present"",""type"":""mirror""}]",https://mocap.cs.cmu.edu/search.php?subjectnumber=87&trinum=5,,sha256:7a5bd8c60b22df22b77c8ab3a0b5d6bf24d93511a01f971d169cd3c5f236312b,verified,derived_mirror,,
BVH-000743,cmu_87_05_00267_ground,cmu_87_05_00267_ground.bvh,cmu:87_05,CMU,cmu_motion_capture_database,87,,05,cartwheels,87_05.amc,,267,unknown,60,,,"[{""status"":""inferred"",""type"":""extract_frame""},{""status"":""filename_inferred"",""type"":""ground""}]",https://mocap.cs.cmu.edu/search.php?subjectnumber=87&trinum=5,,sha256:7a5bd8c60b22df22b77c8ab3a0b5d6bf24d93511a01f971d169cd3c5f236312b,verified,unverified,,
BVH-000744,cmu_87_05_00267_ground_mirror,cmu_87_05_00267_ground_mirror.bvh,cmu:87_05,CMU,cmu_motion_capture_database,87,,05,cartwheels,87_05.amc,,267,unknown,60,,,"[{""status"":""inferred"",""type"":""extract_frame""},{""status"":""filename_inferred"",""type"":""ground""},{""status"":""paired_member_present"",""type"":""mirror""}]",https://mocap.cs.cmu.edu/search.php?subjectnumber=87&trinum=5,,sha256:7a5bd8c60b22df22b77c8ab3a0b5d6bf24d93511a01f971d169cd3c5f236312b,verified,derived_mirror,,
BVH-000745,cmu_88_05_00056,cmu_88_05_00056.bvh,cmu:88_05,CMU,cmu_motion_capture_database,88,,05,cartwheel into backflip,88_05.amc,,56,unknown,60,,,"[{""status"":""inferred"",""type"":""extract_frame""}]",https://mocap.cs.cmu.edu/search.php?subjectnumber=88&trinum=5,,sha256:7a5bd8c60b22df22b77c8ab3a0b5d6bf24d93511a01f971d169cd3c5f236312b,verified,unverified,,
BVH-000746,cmu_88_05_00056_mirror,cmu_88_05_00056_mirror.bvh,cmu:88_05,CMU,cmu_motion_capture_database,88,,05,cartwheel into backflip,88_05.amc,,56,unknown,60,,,"[{""status"":""inferred"",""type"":""extract_frame""},{""status"":""paired_member_present"",""type"":""mirror""}]",https://mocap.cs.cmu.edu/search.php?subjectnumber=88&trinum=5,,sha256:7a5bd8c60b22df22b77c8ab3a0b5d6bf24d93511a01f971d169cd3c5f236312b,verified,derived_mirror,,
BVH-000747,cmu_88_06_00043_ground,cmu_88_06_00043_ground.bvh,cmu:88_06,CMU,cmu_motion_capture_database,88,,06,jump and spin kick,88_06.amc,,43,unknown,60,,,"[{""status"":""inferred"",""type"":""extract_frame""},{""status"":""filename_inferred"",""type"":""ground""}]",https://mocap.cs.cmu.edu/search.php?subjectnumber=88&trinum=6,,sha256:7a5bd8c60b22df22b77c8ab3a0b5d6bf24d93511a01f971d169cd3c5f236312b,verified,unverified,,
BVH-000748,cmu_88_06_00043_ground_mirror,cmu_88_06_00043_ground_mirror.bvh,cmu:88_06,CMU,cmu_motion_capture_database,88,,06,jump and spin kick,88_06.amc,,43,unknown,60,,,"[{""status"":""inferred"",""type"":""extract_frame""},{""status"":""filename_inferred"",""type"":""ground""},{""status"":""paired_member_present"",""type"":""mirror""}]",https://mocap.cs.cmu.edu/search.php?subjectnumber=88&trinum=6,,sha256:7a5bd8c60b22df22b77c8ab3a0b5d6bf24d93511a01f971d169cd3c5f236312b,verified,derived_mirror,,
BVH-000749,cmu_88_07_00022,cmu_88_07_00022.bvh,cmu:88_07,CMU,cmu_motion_capture_database,88,,07,cartwheel,88_07.amc,,22,unknown,60,,,"[{""status"":""inferred"",""type"":""extract_frame""}]",https://mocap.cs.cmu.edu/search.php?subjectnumber=88&trinum=7,,sha256:7a5bd8c60b22df22b77c8ab3a0b5d6bf24d93511a01f971d169cd3c5f236312b,verified,unverified,,
BVH-000750,cmu_88_07_00022_mirror,cmu_88_07_00022_mirror.bvh,cmu:88_07,CMU,cmu_motion_capture_database,88,,07,cartwheel,88_07.amc,,22,unknown,60,,,"[{""status"":""inferred"",""type"":""extract_frame""},{""status"":""paired_member_present"",""type"":""mirror""}]",https://mocap.cs.cmu.edu/search.php?subjectnumber=88&trinum=7,,sha256:7a5bd8c60b22df22b77c8ab3a0b5d6bf24d93511a01f971d169cd3c5f236312b,verified,derived_mirror,,
BVH-000751,cmu_88_07_00096,cmu_88_07_00096.bvh,cmu:88_07,CMU,cmu_motion_capture_database,88,,07,cartwheel,88_07.amc,,96,unknown,60,,,"[{""status"":""inferred"",""type"":""extract_frame""}]",https://mocap.cs.cmu.edu/search.php?subjectnumber=88&trinum=7,,sha256:7a5bd8c60b22df22b77c8ab3a0b5d6bf24d93511a01f971d169cd3c5f236312b,verified,unverified,,
BVH-000752,cmu_88_07_00096_mirror,cmu_88_07_00096_mirror.bvh,cmu:88_07,CMU,cmu_motion_capture_database,88,,07,cartwheel,88_07.amc,,96,unknown,60,,,"[{""status"":""inferred"",""type"":""extract_frame""},{""status"":""paired_member_present"",""type"":""mirror""}]",https://mocap.cs.cmu.edu/search.php?subjectnumber=88&trinum=7,,sha256:7a5bd8c60b22df22b77c8ab3a0b5d6bf24d93511a01f971d169cd3c5f236312b,verified,derived_mirror,,
BVH-000753,cmu_88_08_00220,cmu_88_08_00220.bvh,cmu:88_08,CMU,cmu_motion_capture_database,88,,08,crouch and flip backward on hands,88_08.amc,,220,unknown,60,,,"[{""status"":""inferred"",""type"":""extract_frame""}]",https://mocap.cs.cmu.edu/search.php?subjectnumber=88&trinum=8,,sha256:7a5bd8c60b22df22b77c8ab3a0b5d6bf24d93511a01f971d169cd3c5f236312b,verified,unverified,,
BVH-000754,cmu_88_08_00220_mirror,cmu_88_08_00220_mirror.bvh,cmu:88_08,CMU,cmu_motion_capture_database,88,,08,crouch and flip backward on hands,88_08.amc,,220,unknown,60,,,"[{""status"":""inferred"",""type"":""extract_frame""},{""status"":""paired_member_present"",""type"":""mirror""}]",https://mocap.cs.cmu.edu/search.php?subjectnumber=88&trinum=8,,sha256:7a5bd8c60b22df22b77c8ab3a0b5d6bf24d93511a01f971d169cd3c5f236312b,verified,derived_mirror,,
BVH-000755,cmu_90_04_00531_ground,cmu_90_04_00531_ground.bvh,cmu:90_04,CMU,cmu_motion_capture_database,90,,04,cartwheel,90_04.amc,,531,unknown,120,,,"[{""status"":""inferred"",""type"":""extract_frame""},{""status"":""filename_inferred"",""type"":""ground""}]",https://mocap.cs.cmu.edu/search.php?subjectnumber=90&trinum=4,,sha256:7a5bd8c60b22df22b77c8ab3a0b5d6bf24d93511a01f971d169cd3c5f236312b,verified,unverified,,
BVH-000756,cmu_90_04_00531_ground_mirror,cmu_90_04_00531_ground_mirror.bvh,cmu:90_04,CMU,cmu_motion_capture_database,90,,04,cartwheel,90_04.amc,,531,unknown,120,,,"[{""status"":""inferred"",""type"":""extract_frame""},{""status"":""filename_inferred"",""type"":""ground""},{""status"":""paired_member_present"",""type"":""mirror""}]",https://mocap.cs.cmu.edu/search.php?subjectnumber=90&trinum=4,,sha256:7a5bd8c60b22df22b77c8ab3a0b5d6bf24d93511a01f971d169cd3c5f236312b,verified,derived_mirror,,
BVH-000757,cmu_90_07_00724,cmu_90_07_00724.bvh,cmu:90_07,CMU,cmu_motion_capture_database,90,,07,jump kick,90_07.amc,,724,unknown,120,,,"[{""status"":""inferred"",""type"":""extract_frame""}]",https://mocap.cs.cmu.edu/search.php?subjectnumber=90&trinum=7,,sha256:7a5bd8c60b22df22b77c8ab3a0b5d6bf24d93511a01f971d169cd3c5f236312b,verified,unverified,,
BVH-000758,cmu_90_07_00724_mirror,cmu_90_07_00724_mirror.bvh,cmu:90_07,CMU,cmu_motion_capture_database,90,,07,jump kick,90_07.amc,,724,unknown,120,,,"[{""status"":""inferred"",""type"":""extract_frame""},{""status"":""paired_member_present"",""type"":""mirror""}]",https://mocap.cs.cmu.edu/search.php?subjectnumber=90&trinum=7,,sha256:7a5bd8c60b22df22b77c8ab3a0b5d6bf24d93511a01f971d169cd3c5f236312b,verified,derived_mirror,,
BVH-000759,cmu_90_08_00240_ground,cmu_90_08_00240_ground.bvh,cmu:90_08,CMU,cmu_motion_capture_database,90,,08,side flip,90_08.amc,,240,unknown,120,,,"[{""status"":""inferred"",""type"":""extract_frame""},{""status"":""filename_inferred"",""type"":""ground""}]",https://mocap.cs.cmu.edu/search.php?subjectnumber=90&trinum=8,,sha256:7a5bd8c60b22df22b77c8ab3a0b5d6bf24d93511a01f971d169cd3c5f236312b,verified,unverified,,
BVH-000760,cmu_90_08_00240_ground_mirror,cmu_90_08_00240_ground_mirror.bvh,cmu:90_08,CMU,cmu_motion_capture_database,90,,08,side flip,90_08.amc,,240,unknown,120,,,"[{""status"":""inferred"",""type"":""extract_frame""},{""status"":""filename_inferred"",""type"":""ground""},{""status"":""paired_member_present"",""type"":""mirror""}]",https://mocap.cs.cmu.edu/search.php?subjectnumber=90&trinum=8,,sha256:7a5bd8c60b22df22b77c8ab3a0b5d6bf24d93511a01f971d169cd3c5f236312b,verified,derived_mirror,,
BVH-000761,cmu_90_12_00432,cmu_90_12_00432.bvh,cmu:90_12,CMU,cmu_motion_capture_database,90,,12,bck flp twst fall,90_12.amc,,432,unknown,120,,,"[{""status"":""inferred"",""type"":""extract_frame""}]",https://mocap.cs.cmu.edu/search.php?subjectnumber=90&trinum=12,,sha256:7a5bd8c60b22df22b77c8ab3a0b5d6bf24d93511a01f971d169cd3c5f236312b,verified,unverified,,
BVH-000762,cmu_90_12_00432_mirror,cmu_90_12_00432_mirror.bvh,cmu:90_12,CMU,cmu_motion_capture_database,90,,12,bck flp twst fall,90_12.amc,,432,unknown,120,,,"[{""status"":""inferred"",""type"":""extract_frame""},{""status"":""paired_member_present"",""type"":""mirror""}]",https://mocap.cs.cmu.edu/search.php?subjectnumber=90&trinum=12,,sha256:7a5bd8c60b22df22b77c8ab3a0b5d6bf24d93511a01f971d169cd3c5f236312b,verified,derived_mirror,,
BVH-000763,cmu_90_14_00598,cmu_90_14_00598.bvh,cmu:90_14,CMU,cmu_motion_capture_database,90,,14,front hand flip,90_14.amc,,598,unknown,120,,,"[{""status"":""inferred"",""type"":""extract_frame""}]",https://mocap.cs.cmu.edu/search.php?subjectnumber=90&trinum=14,,sha256:7a5bd8c60b22df22b77c8ab3a0b5d6bf24d93511a01f971d169cd3c5f236312b,verified,unverified,,
BVH-000764,cmu_90_14_00598_mirror,cmu_90_14_00598_mirror.bvh,cmu:90_14,CMU,cmu_motion_capture_database,90,,14,front hand flip,90_14.amc,,598,unknown,120,,,"[{""status"":""inferred"",""type"":""extract_frame""},{""status"":""paired_member_present"",""type"":""mirror""}]",https://mocap.cs.cmu.edu/search.php?subjectnumber=90&trinum=14,,sha256:7a5bd8c60b22df22b77c8ab3a0b5d6bf24d93511a01f971d169cd3c5f236312b,verified,derived_mirror,,
BVH-000765,cmu_90_24_00336,cmu_90_24_00336.bvh,cmu:90_24,CMU,cmu_motion_capture_database,90,,24,ball mount,90_24.amc,,336,unknown,120,,,"[{""status"":""inferred"",""type"":""extract_frame""}]",https://mocap.cs.cmu.edu/search.php?subjectnumber=90&trinum=24,,sha256:7a5bd8c60b22df22b77c8ab3a0b5d6bf24d93511a01f971d169cd3c5f236312b,verified,unverified,,
BVH-000766,cmu_90_24_00336_mirror,cmu_90_24_00336_mirror.bvh,cmu:90_24,CMU,cmu_motion_capture_database,90,,24,ball mount,90_24.amc,,336,unknown,120,,,"[{""status"":""inferred"",""type"":""extract_frame""},{""status"":""paired_member_present"",""type"":""mirror""}]",https://mocap.cs.cmu.edu/search.php?subjectnumber=90&trinum=24,,sha256:7a5bd8c60b22df22b77c8ab3a0b5d6bf24d93511a01f971d169cd3c5f236312b,verified,derived_mirror,,
BVH-000767,cmu_90_25_01145,cmu_90_25_01145.bvh,cmu:90_25,CMU,cmu_motion_capture_database,90,,25,fwd ball walk,90_25.amc,,1145,unknown,120,,,"[{""status"":""inferred"",""type"":""extract_frame""}]",https://mocap.cs.cmu.edu/search.php?subjectnumber=90&trinum=25,,sha256:7a5bd8c60b22df22b77c8ab3a0b5d6bf24d93511a01f971d169cd3c5f236312b,verified,unverified,,
BVH-000768,cmu_90_25_01145_mirror,cmu_90_25_01145_mirror.bvh,cmu:90_25,CMU,cmu_motion_capture_database,90,,25,fwd ball walk,90_25.amc,,1145,unknown,120,,,"[{""status"":""inferred"",""type"":""extract_frame""},{""status"":""paired_member_present"",""type"":""mirror""}]",https://mocap.cs.cmu.edu/search.php?subjectnumber=90&trinum=25,,sha256:7a5bd8c60b22df22b77c8ab3a0b5d6bf24d93511a01f971d169cd3c5f236312b,verified,derived_mirror,,
BVH-000769,cmu_91_15_02501,cmu_91_15_02501.bvh,cmu:91_15,CMU,cmu_motion_capture_database,91,,15,ClumsyWalk,91_15.amc,,2501,unknown,120,,,"[{""status"":""inferred"",""type"":""extract_frame""}]",https://mocap.cs.cmu.edu/search.php?subjectnumber=91&trinum=15,,sha256:7a5bd8c60b22df22b77c8ab3a0b5d6bf24d93511a01f971d169cd3c5f236312b,verified,unverified,,
BVH-000770,cmu_91_15_02501_mirror,cmu_91_15_02501_mirror.bvh,cmu:91_15,CMU,cmu_motion_capture_database,91,,15,ClumsyWalk,91_15.amc,,2501,unknown,120,,,"[{""status"":""inferred"",""type"":""extract_frame""},{""status"":""paired_member_present"",""type"":""mirror""}]",https://mocap.cs.cmu.edu/search.php?subjectnumber=91&trinum=15,,sha256:7a5bd8c60b22df22b77c8ab3a0b5d6bf24d93511a01f971d169cd3c5f236312b,verified,derived_mirror,,
BVH-000771,cmu_91_42_00373,cmu_91_42_00373.bvh,cmu:91_42,CMU,cmu_motion_capture_database,91,,42,JumpForward,91_42.amc,,373,unknown,120,,,"[{""status"":""inferred"",""type"":""extract_frame""}]",https://mocap.cs.cmu.edu/search.php?subjectnumber=91&trinum=42,,sha256:7a5bd8c60b22df22b77c8ab3a0b5d6bf24d93511a01f971d169cd3c5f236312b,verified,unverified,,
BVH-000772,cmu_91_42_00373_mirror,cmu_91_42_00373_mirror.bvh,cmu:91_42,CMU,cmu_motion_capture_database,91,,42,JumpForward,91_42.amc,,373,unknown,120,,,"[{""status"":""inferred"",""type"":""extract_frame""},{""status"":""paired_member_present"",""type"":""mirror""}]",https://mocap.cs.cmu.edu/search.php?subjectnumber=91&trinum=42,,sha256:7a5bd8c60b22df22b77c8ab3a0b5d6bf24d93511a01f971d169cd3c5f236312b,verified,derived_mirror,,
BVH-000773,cmu_91_51_00092,cmu_91_51_00092.bvh,cmu:91_51,CMU,cmu_motion_capture_database,91,,51,FurtherJumpTurn,91_51.amc,,92,unknown,120,,,"[{""status"":""inferred"",""type"":""extract_frame""}]",https://mocap.cs.cmu.edu/search.php?subjectnumber=91&trinum=51,,sha256:7a5bd8c60b22df22b77c8ab3a0b5d6bf24d93511a01f971d169cd3c5f236312b,verified,unverified,,
BVH-000774,cmu_91_51_00092_mirror,cmu_91_51_00092_mirror.bvh,cmu:91_51,CMU,cmu_motion_capture_database,91,,51,FurtherJumpTurn,91_51.amc,,92,unknown,120,,,"[{""status"":""inferred"",""type"":""extract_frame""},{""status"":""paired_member_present"",""type"":""mirror""}]",https://mocap.cs.cmu.edu/search.php?subjectnumber=91&trinum=51,,sha256:7a5bd8c60b22df22b77c8ab3a0b5d6bf24d93511a01f971d169cd3c5f236312b,verified,derived_mirror,,
BVH-000775,cmu_94_04_00299,cmu_94_04_00299.bvh,cmu:94_04,CMU,cmu_motion_capture_database,94,,04,,94_04.amc,,299,unknown,120,,,"[{""status"":""inferred"",""type"":""extract_frame""}]",https://mocap.cs.cmu.edu/search.php?subjectnumber=94&trinum=4,,sha256:7a5bd8c60b22df22b77c8ab3a0b5d6bf24d93511a01f971d169cd3c5f236312b,verified,unverified,,
BVH-000776,cmu_94_04_00299_mirror,cmu_94_04_00299_mirror.bvh,cmu:94_04,CMU,cmu_motion_capture_database,94,,04,,94_04.amc,,299,unknown,120,,,"[{""status"":""inferred"",""type"":""extract_frame""},{""status"":""paired_member_present"",""type"":""mirror""}]",https://mocap.cs.cmu.edu/search.php?subjectnumber=94&trinum=4,,sha256:7a5bd8c60b22df22b77c8ab3a0b5d6bf24d93511a01f971d169cd3c5f236312b,verified,derived_mirror,,
BVH-000777,cmu_94_09_00946,cmu_94_09_00946.bvh,cmu:94_09,CMU,cmu_motion_capture_database,94,,09,,94_09.amc,,946,unknown,120,,,"[{""status"":""inferred"",""type"":""extract_frame""}]",https://mocap.cs.cmu.edu/search.php?subjectnumber=94&trinum=9,,sha256:7a5bd8c60b22df22b77c8ab3a0b5d6bf24d93511a01f971d169cd3c5f236312b,verified,unverified,,
BVH-000778,cmu_94_09_00946_mirror,cmu_94_09_00946_mirror.bvh,cmu:94_09,CMU,cmu_motion_capture_database,94,,09,,94_09.amc,,946,unknown,120,,,"[{""status"":""inferred"",""type"":""extract_frame""},{""status"":""paired_member_present"",""type"":""mirror""}]",https://mocap.cs.cmu.edu/search.php?subjectnumber=94&trinum=9,,sha256:7a5bd8c60b22df22b77c8ab3a0b5d6bf24d93511a01f971d169cd3c5f236312b,verified,derived_mirror,,
BVH-000779,cmu_94_13_00950,cmu_94_13_00950.bvh,cmu:94_13,CMU,cmu_motion_capture_database,94,,13,,94_13.amc,,950,unknown,120,,,"[{""status"":""inferred"",""type"":""extract_frame""}]",https://mocap.cs.cmu.edu/search.php?subjectnumber=94&trinum=13,,sha256:7a5bd8c60b22df22b77c8ab3a0b5d6bf24d93511a01f971d169cd3c5f236312b,verified,unverified,,
BVH-000780,cmu_94_13_00950_mirror,cmu_94_13_00950_mirror.bvh,cmu:94_13,CMU,cmu_motion_capture_database,94,,13,,94_13.amc,,950,unknown,120,,,"[{""status"":""inferred"",""type"":""extract_frame""},{""status"":""paired_member_present"",""type"":""mirror""}]",https://mocap.cs.cmu.edu/search.php?subjectnumber=94&trinum=13,,sha256:7a5bd8c60b22df22b77c8ab3a0b5d6bf24d93511a01f971d169cd3c5f236312b,verified,derived_mirror,,
BVH-000781,cmu_94_14_00998,cmu_94_14_00998.bvh,cmu:94_14,CMU,cmu_motion_capture_database,94,,14,,94_14.amc,,998,unknown,120,,,"[{""status"":""inferred"",""type"":""extract_frame""}]",https://mocap.cs.cmu.edu/search.php?subjectnumber=94&trinum=14,,sha256:7a5bd8c60b22df22b77c8ab3a0b5d6bf24d93511a01f971d169cd3c5f236312b,verified,unverified,,
BVH-000782,cmu_94_14_00998_mirror,cmu_94_14_00998_mirror.bvh,cmu:94_14,CMU,cmu_motion_capture_database,94,,14,,94_14.amc,,998,unknown,120,,,"[{""status"":""inferred"",""type"":""extract_frame""},{""status"":""paired_member_present"",""type"":""mirror""}]",https://mocap.cs.cmu.edu/search.php?subjectnumber=94&trinum=14,,sha256:7a5bd8c60b22df22b77c8ab3a0b5d6bf24d93511a01f971d169cd3c5f236312b,verified,derived_mirror,,
BVH-000783,cmu_94_15_00315,cmu_94_15_00315.bvh,cmu:94_15,CMU,cmu_motion_capture_database,94,,15,,94_15.amc,,315,unknown,120,,,"[{""status"":""inferred"",""type"":""extract_frame""}]",https://mocap.cs.cmu.edu/search.php?subjectnumber=94&trinum=15,,sha256:7a5bd8c60b22df22b77c8ab3a0b5d6bf24d93511a01f971d169cd3c5f236312b,verified,unverified,,
BVH-000784,cmu_94_15_00315_mirror,cmu_94_15_00315_mirror.bvh,cmu:94_15,CMU,cmu_motion_capture_database,94,,15,,94_15.amc,,315,unknown,120,,,"[{""status"":""inferred"",""type"":""extract_frame""},{""status"":""paired_member_present"",""type"":""mirror""}]",https://mocap.cs.cmu.edu/search.php?subjectnumber=94&trinum=15,,sha256:7a5bd8c60b22df22b77c8ab3a0b5d6bf24d93511a01f971d169cd3c5f236312b,verified,derived_mirror,,
BVH-000785,rokoko_AssaultRifle_mixamo_00000,rokoko_AssaultRifle_mixamo_00000.bvh,rokoko:AssaultRifle,unknown,rokoko,,,,Assault Rifle,,,0,unknown,,,mixamorig,"[{""status"":""inferred"",""type"":""extract_frame""},{""status"":""filename_inferred"",""type"":""retarget""}]",,,,missing,unverified,,
BVH-000786,rokoko_AssaultRifle_mixamo_00000_mirror,rokoko_AssaultRifle_mixamo_00000_mirror.bvh,rokoko:AssaultRifle,unknown,rokoko,,,,Assault Rifle,,,0,unknown,,,mixamorig,"[{""status"":""inferred"",""type"":""extract_frame""},{""status"":""filename_inferred"",""type"":""retarget""},{""status"":""paired_member_present"",""type"":""mirror""}]",,,,missing,derived_mirror,,
BVH-000787,rokoko_AssaultRifle_mixamo_00091,rokoko_AssaultRifle_mixamo_00091.bvh,rokoko:AssaultRifle,unknown,rokoko,,,,Assault Rifle,,,91,unknown,,,mixamorig,"[{""status"":""inferred"",""type"":""extract_frame""},{""status"":""filename_inferred"",""type"":""retarget""}]",,,,missing,unverified,,
BVH-000788,rokoko_AssaultRifle_mixamo_00091_mirror,rokoko_AssaultRifle_mixamo_00091_mirror.bvh,rokoko:AssaultRifle,unknown,rokoko,,,,Assault Rifle,,,91,unknown,,,mixamorig,"[{""status"":""inferred"",""type"":""extract_frame""},{""status"":""filename_inferred"",""type"":""retarget""},{""status"":""paired_member_present"",""type"":""mirror""}]",,,,missing,derived_mirror,,
BVH-000789,rokoko_AssaultRifle_mixamo_00390,rokoko_AssaultRifle_mixamo_00390.bvh,rokoko:AssaultRifle,unknown,rokoko,,,,Assault Rifle,,,390,unknown,,,mixamorig,"[{""status"":""inferred"",""type"":""extract_frame""},{""status"":""filename_inferred"",""type"":""retarget""}]",,,,missing,unverified,,
BVH-000790,rokoko_AssaultRifle_mixamo_00390_mirror,rokoko_AssaultRifle_mixamo_00390_mirror.bvh,rokoko:AssaultRifle,unknown,rokoko,,,,Assault Rifle,,,390,unknown,,,mixamorig,"[{""status"":""inferred"",""type"":""extract_frame""},{""status"":""filename_inferred"",""type"":""retarget""},{""status"":""paired_member_present"",""type"":""mirror""}]",,,,missing,derived_mirror,,
BVH-000791,rokoko_AssaultRifle_mixamo_00482,rokoko_AssaultRifle_mixamo_00482.bvh,rokoko:AssaultRifle,unknown,rokoko,,,,Assault Rifle,,,482,unknown,,,mixamorig,"[{""status"":""inferred"",""type"":""extract_frame""},{""status"":""filename_inferred"",""type"":""retarget""}]",,,,missing,unverified,,
BVH-000792,rokoko_AssaultRifle_mixamo_00482_mirror,rokoko_AssaultRifle_mixamo_00482_mirror.bvh,rokoko:AssaultRifle,unknown,rokoko,,,,Assault Rifle,,,482,unknown,,,mixamorig,"[{""status"":""inferred"",""type"":""extract_frame""},{""status"":""filename_inferred"",""type"":""retarget""},{""status"":""paired_member_present"",""type"":""mirror""}]",,,,missing,derived_mirror,,
BVH-000793,rokoko_AssaultRifle_mixamo_00629,rokoko_AssaultRifle_mixamo_00629.bvh,rokoko:AssaultRifle,unknown,rokoko,,,,Assault Rifle,,,629,unknown,,,mixamorig,"[{""status"":""inferred"",""type"":""extract_frame""},{""status"":""filename_inferred"",""type"":""retarget""}]",,,,missing,unverified,,
BVH-000794,rokoko_AssaultRifle_mixamo_00629_mirror,rokoko_AssaultRifle_mixamo_00629_mirror.bvh,rokoko:AssaultRifle,unknown,rokoko,,,,Assault Rifle,,,629,unknown,,,mixamorig,"[{""status"":""inferred"",""type"":""extract_frame""},{""status"":""filename_inferred"",""type"":""retarget""},{""status"":""paired_member_present"",""type"":""mirror""}]",,,,missing,derived_mirror,,
BVH-000795,rokoko_AssaultRifle_mixamo_00664,rokoko_AssaultRifle_mixamo_00664.bvh,rokoko:AssaultRifle,unknown,rokoko,,,,Assault Rifle,,,664,unknown,,,mixamorig,"[{""status"":""inferred"",""type"":""extract_frame""},{""status"":""filename_inferred"",""type"":""retarget""}]",,,,missing,unverified,,
BVH-000796,rokoko_AssaultRifle_mixamo_00664_mirror,rokoko_AssaultRifle_mixamo_00664_mirror.bvh,rokoko:AssaultRifle,unknown,rokoko,,,,Assault Rifle,,,664,unknown,,,mixamorig,"[{""status"":""inferred"",""type"":""extract_frame""},{""status"":""filename_inferred"",""type"":""retarget""},{""status"":""paired_member_present"",""type"":""mirror""}]",,,,missing,derived_mirror,,
BVH-000797,rokoko_AssaultRifle_mixamo_00690,rokoko_AssaultRifle_mixamo_00690.bvh,rokoko:AssaultRifle,unknown,rokoko,,,,Assault Rifle,,,690,unknown,,,mixamorig,"[{""status"":""inferred"",""type"":""extract_frame""},{""status"":""filename_inferred"",""type"":""retarget""}]",,,,missing,unverified,,
BVH-000798,rokoko_AssaultRifle_mixamo_00690_mirror,rokoko_AssaultRifle_mixamo_00690_mirror.bvh,rokoko:AssaultRifle,unknown,rokoko,,,,Assault Rifle,,,690,unknown,,,mixamorig,"[{""status"":""inferred"",""type"":""extract_frame""},{""status"":""filename_inferred"",""type"":""retarget""},{""status"":""paired_member_present"",""type"":""mirror""}]",,,,missing,derived_mirror,,
BVH-000799,rokoko_BurstThroughDoor_mixamo_00081,rokoko_BurstThroughDoor_mixamo_00081.bvh,rokoko:BurstThroughDoor,unknown,rokoko,,,,Burst Through Door,,,81,unknown,,,mixamorig,"[{""status"":""inferred"",""type"":""extract_frame""},{""status"":""filename_inferred"",""type"":""retarget""}]",,,,missing,unverified,,
BVH-000800,rokoko_BurstThroughDoor_mixamo_00081_mirror,rokoko_BurstThroughDoor_mixamo_00081_mirror.bvh,rokoko:BurstThroughDoor,unknown,rokoko,,,,Burst Through Door,,,81,unknown,,,mixamorig,"[{""status"":""inferred"",""type"":""extract_frame""},{""status"":""filename_inferred"",""type"":""retarget""},{""status"":""paired_member_present"",""type"":""mirror""}]",,,,missing,derived_mirror,,
BVH-000801,rokoko_BurstThroughDoor_mixamo_00349,rokoko_BurstThroughDoor_mixamo_00349.bvh,rokoko:BurstThroughDoor,unknown,rokoko,,,,Burst Through Door,,,349,unknown,,,mixamorig,"[{""status"":""inferred"",""type"":""extract_frame""},{""status"":""filename_inferred"",""type"":""retarget""}]",,,,missing,unverified,,
BVH-000802,rokoko_BurstThroughDoor_mixamo_00349_mirror,rokoko_BurstThroughDoor_mixamo_00349_mirror.bvh,rokoko:BurstThroughDoor,unknown,rokoko,,,,Burst Through Door,,,349,unknown,,,mixamorig,"[{""status"":""inferred"",""type"":""extract_frame""},{""status"":""filename_inferred"",""type"":""retarget""},{""status"":""paired_member_present"",""type"":""mirror""}]",,,,missing,derived_mirror,,
BVH-000803,rokoko_BurstThroughDoor_mixamo_00572,rokoko_BurstThroughDoor_mixamo_00572.bvh,rokoko:BurstThroughDoor,unknown,rokoko,,,,Burst Through Door,,,572,unknown,,,mixamorig,"[{""status"":""inferred"",""type"":""extract_frame""},{""status"":""filename_inferred"",""type"":""retarget""}]",,,,missing,unverified,,
BVH-000804,rokoko_BurstThroughDoor_mixamo_00572_mirror,rokoko_BurstThroughDoor_mixamo_00572_mirror.bvh,rokoko:BurstThroughDoor,unknown,rokoko,,,,Burst Through Door,,,572,unknown,,,mixamorig,"[{""status"":""inferred"",""type"":""extract_frame""},{""status"":""filename_inferred"",""type"":""retarget""},{""status"":""paired_member_present"",""type"":""mirror""}]",,,,missing,derived_mirror,,
BVH-000805,rokoko_BurstThroughDoor_mixamo_00578,rokoko_BurstThroughDoor_mixamo_00578.bvh,rokoko:BurstThroughDoor,unknown,rokoko,,,,Burst Through Door,,,578,unknown,,,mixamorig,"[{""status"":""inferred"",""type"":""extract_frame""},{""status"":""filename_inferred"",""type"":""retarget""}]",,,,missing,unverified,,
BVH-000806,rokoko_BurstThroughDoor_mixamo_00578_mirror,rokoko_BurstThroughDoor_mixamo_00578_mirror.bvh,rokoko:BurstThroughDoor,unknown,rokoko,,,,Burst Through Door,,,578,unknown,,,mixamorig,"[{""status"":""inferred"",""type"":""extract_frame""},{""status"":""filename_inferred"",""type"":""retarget""},{""status"":""paired_member_present"",""type"":""mirror""}]",,,,missing,derived_mirror,,
BVH-000807,rokoko_BurstThroughDoor_mixamo_00589,rokoko_BurstThroughDoor_mixamo_00589.bvh,rokoko:BurstThroughDoor,unknown,rokoko,,,,Burst Through Door,,,589,unknown,,,mixamorig,"[{""status"":""inferred"",""type"":""extract_frame""},{""status"":""filename_inferred"",""type"":""retarget""}]",,,,missing,unverified,,
BVH-000808,rokoko_BurstThroughDoor_mixamo_00589_mirror,rokoko_BurstThroughDoor_mixamo_00589_mirror.bvh,rokoko:BurstThroughDoor,unknown,rokoko,,,,Burst Through Door,,,589,unknown,,,mixamorig,"[{""status"":""inferred"",""type"":""extract_frame""},{""status"":""filename_inferred"",""type"":""retarget""},{""status"":""paired_member_present"",""type"":""mirror""}]",,,,missing,derived_mirror,,
BVH-000809,rokoko_BurstThroughDoor_mixamo_00611,rokoko_BurstThroughDoor_mixamo_00611.bvh,rokoko:BurstThroughDoor,unknown,rokoko,,,,Burst Through Door,,,611,unknown,,,mixamorig,"[{""status"":""inferred"",""type"":""extract_frame""},{""status"":""filename_inferred"",""type"":""retarget""}]",,,,missing,unverified,,
BVH-000810,rokoko_BurstThroughDoor_mixamo_00611_mirror,rokoko_BurstThroughDoor_mixamo_00611_mirror.bvh,rokoko:BurstThroughDoor,unknown,rokoko,,,,Burst Through Door,,,611,unknown,,,mixamorig,"[{""status"":""inferred"",""type"":""extract_frame""},{""status"":""filename_inferred"",""type"":""retarget""},{""status"":""paired_member_present"",""type"":""mirror""}]",,,,missing,derived_mirror,,
BVH-000811,rokoko_ChefCooking_mixamo_00175,rokoko_ChefCooking_mixamo_00175.bvh,rokoko:ChefCooking,unknown,rokoko,,,,Chef Cooking,,,175,unknown,,,mixamorig,"[{""status"":""inferred"",""type"":""extract_frame""},{""status"":""filename_inferred"",""type"":""retarget""}]",,,,missing,unverified,,
BVH-000812,rokoko_ChefCooking_mixamo_00175_mirror,rokoko_ChefCooking_mixamo_00175_mirror.bvh,rokoko:ChefCooking,unknown,rokoko,,,,Chef Cooking,,,175,unknown,,,mixamorig,"[{""status"":""inferred"",""type"":""extract_frame""},{""status"":""filename_inferred"",""type"":""retarget""},{""status"":""paired_member_present"",""type"":""mirror""}]",,,,missing,derived_mirror,,
BVH-000813,rokoko_ChefCooking_mixamo_00454,rokoko_ChefCooking_mixamo_00454.bvh,rokoko:ChefCooking,unknown,rokoko,,,,Chef Cooking,,,454,unknown,,,mixamorig,"[{""status"":""inferred"",""type"":""extract_frame""},{""status"":""filename_inferred"",""type"":""retarget""}]",,,,missing,unverified,,
BVH-000814,rokoko_ChefCooking_mixamo_00454_mirror,rokoko_ChefCooking_mixamo_00454_mirror.bvh,rokoko:ChefCooking,unknown,rokoko,,,,Chef Cooking,,,454,unknown,,,mixamorig,"[{""status"":""inferred"",""type"":""extract_frame""},{""status"":""filename_inferred"",""type"":""retarget""},{""status"":""paired_member_present"",""type"":""mirror""}]",,,,missing,derived_mirror,,
BVH-000815,rokoko_ChefCooking_mixamo_00493,rokoko_ChefCooking_mixamo_00493.bvh,rokoko:ChefCooking,unknown,rokoko,,,,Chef Cooking,,,493,unknown,,,mixamorig,"[{""status"":""inferred"",""type"":""extract_frame""},{""status"":""filename_inferred"",""type"":""retarget""}]",,,,missing,unverified,,
BVH-000816,rokoko_ChefCooking_mixamo_00493_mirror,rokoko_ChefCooking_mixamo_00493_mirror.bvh,rokoko:ChefCooking,unknown,rokoko,,,,Chef Cooking,,,493,unknown,,,mixamorig,"[{""status"":""inferred"",""type"":""extract_frame""},{""status"":""filename_inferred"",""type"":""retarget""},{""status"":""paired_member_present"",""type"":""mirror""}]",,,,missing,derived_mirror,,
BVH-000817,rokoko_ChefCooking_mixamo_00661,rokoko_ChefCooking_mixamo_00661.bvh,rokoko:ChefCooking,unknown,rokoko,,,,Chef Cooking,,,661,unknown,,,mixamorig,"[{""status"":""inferred"",""type"":""extract_frame""},{""status"":""filename_inferred"",""type"":""retarget""}]",,,,missing,unverified,,
BVH-000818,rokoko_ChefCooking_mixamo_00661_mirror,rokoko_ChefCooking_mixamo_00661_mirror.bvh,rokoko:ChefCooking,unknown,rokoko,,,,Chef Cooking,,,661,unknown,,,mixamorig,"[{""status"":""inferred"",""type"":""extract_frame""},{""status"":""filename_inferred"",""type"":""retarget""},{""status"":""paired_member_present"",""type"":""mirror""}]",,,,missing,derived_mirror,,
BVH-000819,rokoko_ChefCooking_mixamo_00687,rokoko_ChefCooking_mixamo_00687.bvh,rokoko:ChefCooking,unknown,rokoko,,,,Chef Cooking,,,687,unknown,,,mixamorig,"[{""status"":""inferred"",""type"":""extract_frame""},{""status"":""filename_inferred"",""type"":""retarget""}]",,,,missing,unverified,,
BVH-000820,rokoko_ChefCooking_mixamo_00687_mirror,rokoko_ChefCooking_mixamo_00687_mirror.bvh,rokoko:ChefCooking,unknown,rokoko,,,,Chef Cooking,,,687,unknown,,,mixamorig,"[{""status"":""inferred"",""type"":""extract_frame""},{""status"":""filename_inferred"",""type"":""retarget""},{""status"":""paired_member_present"",""type"":""mirror""}]",,,,missing,derived_mirror,,
BVH-000821,rokoko_ChefCooking_mixamo_00707,rokoko_ChefCooking_mixamo_00707.bvh,rokoko:ChefCooking,unknown,rokoko,,,,Chef Cooking,,,707,unknown,,,mixamorig,"[{""status"":""inferred"",""type"":""extract_frame""},{""status"":""filename_inferred"",""type"":""retarget""}]",,,,missing,unverified,,
BVH-000822,rokoko_ChefCooking_mixamo_00707_mirror,rokoko_ChefCooking_mixamo_00707_mirror.bvh,rokoko:ChefCooking,unknown,rokoko,,,,Chef Cooking,,,707,unknown,,,mixamorig,"[{""status"":""inferred"",""type"":""extract_frame""},{""status"":""filename_inferred"",""type"":""retarget""},{""status"":""paired_member_present"",""type"":""mirror""}]",,,,missing,derived_mirror,,
BVH-000823,rokoko_Clap_SarcasticClap_mixamo_00005,rokoko_Clap_SarcasticClap_mixamo_00005.bvh,rokoko:Clap_SarcasticClap,unknown,rokoko,,,,Clap Sarcastic Clap,,,5,unknown,,,mixamorig,"[{""status"":""inferred"",""type"":""extract_frame""},{""status"":""filename_inferred"",""type"":""retarget""}]",,,,missing,unverified,,
BVH-000824,rokoko_Clap_SarcasticClap_mixamo_00005_mirror,rokoko_Clap_SarcasticClap_mixamo_00005_mirror.bvh,rokoko:Clap_SarcasticClap,unknown,rokoko,,,,Clap Sarcastic Clap,,,5,unknown,,,mixamorig,"[{""status"":""inferred"",""type"":""extract_frame""},{""status"":""filename_inferred"",""type"":""retarget""},{""status"":""paired_member_present"",""type"":""mirror""}]",,,,missing,derived_mirror,,
BVH-000825,rokoko_Clap_SlowClap_mixamo_00085,rokoko_Clap_SlowClap_mixamo_00085.bvh,rokoko:Clap_SlowClap,unknown,rokoko,,,,Clap Slow Clap,,,85,unknown,,,mixamorig,"[{""status"":""inferred"",""type"":""extract_frame""},{""status"":""filename_inferred"",""type"":""retarget""}]",,,,missing,unverified,,
BVH-000826,rokoko_Clap_SlowClap_mixamo_00085_mirror,rokoko_Clap_SlowClap_mixamo_00085_mirror.bvh,rokoko:Clap_SlowClap,unknown,rokoko,,,,Clap Slow Clap,,,85,unknown,,,mixamorig,"[{""status"":""inferred"",""type"":""extract_frame""},{""status"":""filename_inferred"",""type"":""retarget""},{""status"":""paired_member_present"",""type"":""mirror""}]",,,,missing,derived_mirror,,
BVH-000827,rokoko_Clap_SlowClap_mixamo_00556,rokoko_Clap_SlowClap_mixamo_00556.bvh,rokoko:Clap_SlowClap,unknown,rokoko,,,,Clap Slow Clap,,,556,unknown,,,mixamorig,"[{""status"":""inferred"",""type"":""extract_frame""},{""status"":""filename_inferred"",""type"":""retarget""}]",,,,missing,unverified,,
BVH-000828,rokoko_Clap_SlowClap_mixamo_00556_mirror,rokoko_Clap_SlowClap_mixamo_00556_mirror.bvh,rokoko:Clap_SlowClap,unknown,rokoko,,,,Clap Slow Clap,,,556,unknown,,,mixamorig,"[{""status"":""inferred"",""type"":""extract_frame""},{""status"":""filename_inferred"",""type"":""retarget""},{""status"":""paired_member_present"",""type"":""mirror""}]",,,,missing,derived_mirror,,
BVH-000829,rokoko_Clap_SlowClap_mixamo_00598,rokoko_Clap_SlowClap_mixamo_00598.bvh,rokoko:Clap_SlowClap,unknown,rokoko,,,,Clap Slow Clap,,,598,unknown,,,mixamorig,"[{""status"":""inferred"",""type"":""extract_frame""},{""status"":""filename_inferred"",""type"":""retarget""}]",,,,missing,unverified,,
BVH-000830,rokoko_Clap_SlowClap_mixamo_00598_mirror,rokoko_Clap_SlowClap_mixamo_00598_mirror.bvh,rokoko:Clap_SlowClap,unknown,rokoko,,,,Clap Slow Clap,,,598,unknown,,,mixamorig,"[{""status"":""inferred"",""type"":""extract_frame""},{""status"":""filename_inferred"",""type"":""retarget""},{""status"":""paired_member_present"",""type"":""mirror""}]",,,,missing,derived_mirror,,
BVH-000831,rokoko_Clap_SlowClap_mixamo_01026,rokoko_Clap_SlowClap_mixamo_01026.bvh,rokoko:Clap_SlowClap,unknown,rokoko,,,,Clap Slow Clap,,,1026,unknown,,,mixamorig,"[{""status"":""inferred"",""type"":""extract_frame""},{""status"":""filename_inferred"",""type"":""retarget""}]",,,,missing,unverified,,
BVH-000832,rokoko_Clap_SlowClap_mixamo_01026_mirror,rokoko_Clap_SlowClap_mixamo_01026_mirror.bvh,rokoko:Clap_SlowClap,unknown,rokoko,,,,Clap Slow Clap,,,1026,unknown,,,mixamorig,"[{""status"":""inferred"",""type"":""extract_frame""},{""status"":""filename_inferred"",""type"":""retarget""},{""status"":""paired_member_present"",""type"":""mirror""}]",,,,missing,derived_mirror,,
BVH-000833,rokoko_Clap_SlowClap_mixamo_01078,rokoko_Clap_SlowClap_mixamo_01078.bvh,rokoko:Clap_SlowClap,unknown,rokoko,,,,Clap Slow Clap,,,1078,unknown,,,mixamorig,"[{""status"":""inferred"",""type"":""extract_frame""},{""status"":""filename_inferred"",""type"":""retarget""}]",,,,missing,unverified,,
BVH-000834,rokoko_Clap_SlowClap_mixamo_01078_mirror,rokoko_Clap_SlowClap_mixamo_01078_mirror.bvh,rokoko:Clap_SlowClap,unknown,rokoko,,,,Clap Slow Clap,,,1078,unknown,,,mixamorig,"[{""status"":""inferred"",""type"":""extract_frame""},{""status"":""filename_inferred"",""type"":""retarget""},{""status"":""paired_member_present"",""type"":""mirror""}]",,,,missing,derived_mirror,,
BVH-000835,rokoko_Clap_SlowClap_mixamo_01249,rokoko_Clap_SlowClap_mixamo_01249.bvh,rokoko:Clap_SlowClap,unknown,rokoko,,,,Clap Slow Clap,,,1249,unknown,,,mixamorig,"[{""status"":""inferred"",""type"":""extract_frame""},{""status"":""filename_inferred"",""type"":""retarget""}]",,,,missing,unverified,,
BVH-000836,rokoko_Clap_SlowClap_mixamo_01249_mirror,rokoko_Clap_SlowClap_mixamo_01249_mirror.bvh,rokoko:Clap_SlowClap,unknown,rokoko,,,,Clap Slow Clap,,,1249,unknown,,,mixamorig,"[{""status"":""inferred"",""type"":""extract_frame""},{""status"":""filename_inferred"",""type"":""retarget""},{""status"":""paired_member_present"",""type"":""mirror""}]",,,,missing,derived_mirror,,
BVH-000837,rokoko_Clipboard_Lever_Computer_mixamo_00105,rokoko_Clipboard_Lever_Computer_mixamo_00105.bvh,rokoko:Clipboard_Lever_Computer,unknown,rokoko,,,,Clipboard Lever Computer,,,105,unknown,,,mixamorig,"[{""status"":""inferred"",""type"":""extract_frame""},{""status"":""filename_inferred"",""type"":""retarget""}]",,,,missing,unverified,,
BVH-000838,rokoko_Clipboard_Lever_Computer_mixamo_00105_mirror,rokoko_Clipboard_Lever_Computer_mixamo_00105_mirror.bvh,rokoko:Clipboard_Lever_Computer,unknown,rokoko,,,,Clipboard Lever Computer,,,105,unknown,,,mixamorig,"[{""status"":""inferred"",""type"":""extract_frame""},{""status"":""filename_inferred"",""type"":""retarget""},{""status"":""paired_member_present"",""type"":""mirror""}]",,,,missing,derived_mirror,,
BVH-000839,rokoko_Clipboard_Lever_Computer_mixamo_00338,rokoko_Clipboard_Lever_Computer_mixamo_00338.bvh,rokoko:Clipboard_Lever_Computer,unknown,rokoko,,,,Clipboard Lever Computer,,,338,unknown,,,mixamorig,"[{""status"":""inferred"",""type"":""extract_frame""},{""status"":""filename_inferred"",""type"":""retarget""}]",,,,missing,unverified,,
BVH-000840,rokoko_Clipboard_Lever_Computer_mixamo_00338_mirror,rokoko_Clipboard_Lever_Computer_mixamo_00338_mirror.bvh,rokoko:Clipboard_Lever_Computer,unknown,rokoko,,,,Clipboard Lever Computer,,,338,unknown,,,mixamorig,"[{""status"":""inferred"",""type"":""extract_frame""},{""status"":""filename_inferred"",""type"":""retarget""},{""status"":""paired_member_present"",""type"":""mirror""}]",,,,missing,derived_mirror,,
BVH-000841,rokoko_Clipboard_Lever_Computer_mixamo_00477,rokoko_Clipboard_Lever_Computer_mixamo_00477.bvh,rokoko:Clipboard_Lever_Computer,unknown,rokoko,,,,Clipboard Lever Computer,,,477,unknown,,,mixamorig,"[{""status"":""inferred"",""type"":""extract_frame""},{""status"":""filename_inferred"",""type"":""retarget""}]",,,,missing,unverified,,
BVH-000842,rokoko_Clipboard_Lever_Computer_mixamo_00477_mirror,rokoko_Clipboard_Lever_Computer_mixamo_00477_mirror.bvh,rokoko:Clipboard_Lever_Computer,unknown,rokoko,,,,Clipboard Lever Computer,,,477,unknown,,,mixamorig,"[{""status"":""inferred"",""type"":""extract_frame""},{""status"":""filename_inferred"",""type"":""retarget""},{""status"":""paired_member_present"",""type"":""mirror""}]",,,,missing,derived_mirror,,
BVH-000843,rokoko_Clipboard_Lever_Computer_mixamo_00705,rokoko_Clipboard_Lever_Computer_mixamo_00705.bvh,rokoko:Clipboard_Lever_Computer,unknown,rokoko,,,,Clipboard Lever Computer,,,705,unknown,,,mixamorig,"[{""status"":""inferred"",""type"":""extract_frame""},{""status"":""filename_inferred"",""type"":""retarget""}]",,,,missing,unverified,,
BVH-000844,rokoko_Clipboard_Lever_Computer_mixamo_00705_mirror,rokoko_Clipboard_Lever_Computer_mixamo_00705_mirror.bvh,rokoko:Clipboard_Lever_Computer,unknown,rokoko,,,,Clipboard Lever Computer,,,705,unknown,,,mixamorig,"[{""status"":""inferred"",""type"":""extract_frame""},{""status"":""filename_inferred"",""type"":""retarget""},{""status"":""paired_member_present"",""type"":""mirror""}]",,,,missing,derived_mirror,,
BVH-000845,rokoko_Clipboard_Lever_Computer_mixamo_00722,rokoko_Clipboard_Lever_Computer_mixamo_00722.bvh,rokoko:Clipboard_Lever_Computer,unknown,rokoko,,,,Clipboard Lever Computer,,,722,unknown,,,mixamorig,"[{""status"":""inferred"",""type"":""extract_frame""},{""status"":""filename_inferred"",""type"":""retarget""}]",,,,missing,unverified,,
BVH-000846,rokoko_Clipboard_Lever_Computer_mixamo_00722_mirror,rokoko_Clipboard_Lever_Computer_mixamo_00722_mirror.bvh,rokoko:Clipboard_Lever_Computer,unknown,rokoko,,,,Clipboard Lever Computer,,,722,unknown,,,mixamorig,"[{""status"":""inferred"",""type"":""extract_frame""},{""status"":""filename_inferred"",""type"":""retarget""},{""status"":""paired_member_present"",""type"":""mirror""}]",,,,missing,derived_mirror,,
BVH-000847,rokoko_Clipboard_Lever_Computer_mixamo_00772,rokoko_Clipboard_Lever_Computer_mixamo_00772.bvh,rokoko:Clipboard_Lever_Computer,unknown,rokoko,,,,Clipboard Lever Computer,,,772,unknown,,,mixamorig,"[{""status"":""inferred"",""type"":""extract_frame""},{""status"":""filename_inferred"",""type"":""retarget""}]",,,,missing,unverified,,
BVH-000848,rokoko_Clipboard_Lever_Computer_mixamo_00772_mirror,rokoko_Clipboard_Lever_Computer_mixamo_00772_mirror.bvh,rokoko:Clipboard_Lever_Computer,unknown,rokoko,,,,Clipboard Lever Computer,,,772,unknown,,,mixamorig,"[{""status"":""inferred"",""type"":""extract_frame""},{""status"":""filename_inferred"",""type"":""retarget""},{""status"":""paired_member_present"",""type"":""mirror""}]",,,,missing,derived_mirror,,
BVH-000849,rokoko_Contestant_mixamo_00653,rokoko_Contestant_mixamo_00653.bvh,rokoko:Contestant,unknown,rokoko,,,,Contestant,,,653,unknown,,,mixamorig,"[{""status"":""inferred"",""type"":""extract_frame""},{""status"":""filename_inferred"",""type"":""retarget""}]",,,,missing,unverified,,
BVH-000850,rokoko_Contestant_mixamo_00653_mirror,rokoko_Contestant_mixamo_00653_mirror.bvh,rokoko:Contestant,unknown,rokoko,,,,Contestant,,,653,unknown,,,mixamorig,"[{""status"":""inferred"",""type"":""extract_frame""},{""status"":""filename_inferred"",""type"":""retarget""},{""status"":""paired_member_present"",""type"":""mirror""}]",,,,missing,derived_mirror,,
BVH-000851,rokoko_Contestant_mixamo_01015,rokoko_Contestant_mixamo_01015.bvh,rokoko:Contestant,unknown,rokoko,,,,Contestant,,,1015,unknown,,,mixamorig,"[{""status"":""inferred"",""type"":""extract_frame""},{""status"":""filename_inferred"",""type"":""retarget""}]",,,,missing,unverified,,
BVH-000852,rokoko_Contestant_mixamo_01015_mirror,rokoko_Contestant_mixamo_01015_mirror.bvh,rokoko:Contestant,unknown,rokoko,,,,Contestant,,,1015,unknown,,,mixamorig,"[{""status"":""inferred"",""type"":""extract_frame""},{""status"":""filename_inferred"",""type"":""retarget""},{""status"":""paired_member_present"",""type"":""mirror""}]",,,,missing,derived_mirror,,
BVH-000853,rokoko_Contestant_mixamo_01022,rokoko_Contestant_mixamo_01022.bvh,rokoko:Contestant,unknown,rokoko,,,,Contestant,,,1022,unknown,,,mixamorig,"[{""status"":""inferred"",""type"":""extract_frame""},{""status"":""filename_inferred"",""type"":""retarget""}]",,,,missing,unverified,,
BVH-000854,rokoko_Contestant_mixamo_01022_mirror,rokoko_Contestant_mixamo_01022_mirror.bvh,rokoko:Contestant,unknown,rokoko,,,,Contestant,,,1022,unknown,,,mixamorig,"[{""status"":""inferred"",""type"":""extract_frame""},{""status"":""filename_inferred"",""type"":""retarget""},{""status"":""paired_member_present"",""type"":""mirror""}]",,,,missing,derived_mirror,,
BVH-000855,rokoko_DoubleTakes_mixamo_00092,rokoko_DoubleTakes_mixamo_00092.bvh,rokoko:DoubleTakes,unknown,rokoko,,,,Double Takes,,,92,unknown,,,mixamorig,"[{""status"":""inferred"",""type"":""extract_frame""},{""status"":""filename_inferred"",""type"":""retarget""}]",,,,missing,unverified,,
BVH-000856,rokoko_DoubleTakes_mixamo_00092_mirror,rokoko_DoubleTakes_mixamo_00092_mirror.bvh,rokoko:DoubleTakes,unknown,rokoko,,,,Double Takes,,,92,unknown,,,mixamorig,"[{""status"":""inferred"",""type"":""extract_frame""},{""status"":""filename_inferred"",""type"":""retarget""},{""status"":""paired_member_present"",""type"":""mirror""}]",,,,missing,derived_mirror,,
BVH-000857,rokoko_DoubleTakes_mixamo_00167,rokoko_DoubleTakes_mixamo_00167.bvh,rokoko:DoubleTakes,unknown,rokoko,,,,Double Takes,,,167,unknown,,,mixamorig,"[{""status"":""inferred"",""type"":""extract_frame""},{""status"":""filename_inferred"",""type"":""retarget""}]",,,,missing,unverified,,
BVH-000858,rokoko_DoubleTakes_mixamo_00167_mirror,rokoko_DoubleTakes_mixamo_00167_mirror.bvh,rokoko:DoubleTakes,unknown,rokoko,,,,Double Takes,,,167,unknown,,,mixamorig,"[{""status"":""inferred"",""type"":""extract_frame""},{""status"":""filename_inferred"",""type"":""retarget""},{""status"":""paired_member_present"",""type"":""mirror""}]",,,,missing,derived_mirror,,
BVH-000859,rokoko_DoubleTakes_mixamo_00619,rokoko_DoubleTakes_mixamo_00619.bvh,rokoko:DoubleTakes,unknown,rokoko,,,,Double Takes,,,619,unknown,,,mixamorig,"[{""status"":""inferred"",""type"":""extract_frame""},{""status"":""filename_inferred"",""type"":""retarget""}]",,,,missing,unverified,,
BVH-000860,rokoko_DoubleTakes_mixamo_00619_mirror,rokoko_DoubleTakes_mixamo_00619_mirror.bvh,rokoko:DoubleTakes,unknown,rokoko,,,,Double Takes,,,619,unknown,,,mixamorig,"[{""status"":""inferred"",""type"":""extract_frame""},{""status"":""filename_inferred"",""type"":""retarget""},{""status"":""paired_member_present"",""type"":""mirror""}]",,,,missing,derived_mirror,,
BVH-000861,rokoko_DoubleTakes_mixamo_00836,rokoko_DoubleTakes_mixamo_00836.bvh,rokoko:DoubleTakes,unknown,rokoko,,,,Double Takes,,,836,unknown,,,mixamorig,"[{""status"":""inferred"",""type"":""extract_frame""},{""status"":""filename_inferred"",""type"":""retarget""}]",,,,missing,unverified,,
BVH-000862,rokoko_DoubleTakes_mixamo_00836_mirror,rokoko_DoubleTakes_mixamo_00836_mirror.bvh,rokoko:DoubleTakes,unknown,rokoko,,,,Double Takes,,,836,unknown,,,mixamorig,"[{""status"":""inferred"",""type"":""extract_frame""},{""status"":""filename_inferred"",""type"":""retarget""},{""status"":""paired_member_present"",""type"":""mirror""}]",,,,missing,derived_mirror,,
BVH-000863,rokoko_DoubleTakes_mixamo_01054,rokoko_DoubleTakes_mixamo_01054.bvh,rokoko:DoubleTakes,unknown,rokoko,,,,Double Takes,,,1054,unknown,,,mixamorig,"[{""status"":""inferred"",""type"":""extract_frame""},{""status"":""filename_inferred"",""type"":""retarget""}]",,,,missing,unverified,,
BVH-000864,rokoko_DoubleTakes_mixamo_01054_mirror,rokoko_DoubleTakes_mixamo_01054_mirror.bvh,rokoko:DoubleTakes,unknown,rokoko,,,,Double Takes,,,1054,unknown,,,mixamorig,"[{""status"":""inferred"",""type"":""extract_frame""},{""status"":""filename_inferred"",""type"":""retarget""},{""status"":""paired_member_present"",""type"":""mirror""}]",,,,missing,derived_mirror,,
BVH-000865,rokoko_FacePalms_mixamo_00298,rokoko_FacePalms_mixamo_00298.bvh,rokoko:FacePalms,unknown,rokoko,,,,Face Palms,,,298,unknown,,,mixamorig,"[{""status"":""inferred"",""type"":""extract_frame""},{""status"":""filename_inferred"",""type"":""retarget""}]",,,,missing,unverified,,
BVH-000866,rokoko_FacePalms_mixamo_00298_mirror,rokoko_FacePalms_mixamo_00298_mirror.bvh,rokoko:FacePalms,unknown,rokoko,,,,Face Palms,,,298,unknown,,,mixamorig,"[{""status"":""inferred"",""type"":""extract_frame""},{""status"":""filename_inferred"",""type"":""retarget""},{""status"":""paired_member_present"",""type"":""mirror""}]",,,,missing,derived_mirror,,
BVH-000867,rokoko_FacePalms_mixamo_00312,rokoko_FacePalms_mixamo_00312.bvh,rokoko:FacePalms,unknown,rokoko,,,,Face Palms,,,312,unknown,,,mixamorig,"[{""status"":""inferred"",""type"":""extract_frame""},{""status"":""filename_inferred"",""type"":""retarget""}]",,,,missing,unverified,,
BVH-000868,rokoko_FacePalms_mixamo_00312_mirror,rokoko_FacePalms_mixamo_00312_mirror.bvh,rokoko:FacePalms,unknown,rokoko,,,,Face Palms,,,312,unknown,,,mixamorig,"[{""status"":""inferred"",""type"":""extract_frame""},{""status"":""filename_inferred"",""type"":""retarget""},{""status"":""paired_member_present"",""type"":""mirror""}]",,,,missing,derived_mirror,,
BVH-000869,rokoko_FacePalms_mixamo_00566,rokoko_FacePalms_mixamo_00566.bvh,rokoko:FacePalms,unknown,rokoko,,,,Face Palms,,,566,unknown,,,mixamorig,"[{""status"":""inferred"",""type"":""extract_frame""},{""status"":""filename_inferred"",""type"":""retarget""}]",,,,missing,unverified,,
BVH-000870,rokoko_FacePalms_mixamo_00566_mirror,rokoko_FacePalms_mixamo_00566_mirror.bvh,rokoko:FacePalms,unknown,rokoko,,,,Face Palms,,,566,unknown,,,mixamorig,"[{""status"":""inferred"",""type"":""extract_frame""},{""status"":""filename_inferred"",""type"":""retarget""},{""status"":""paired_member_present"",""type"":""mirror""}]",,,,missing,derived_mirror,,
BVH-000871,rokoko_FacePalms_mixamo_00596,rokoko_FacePalms_mixamo_00596.bvh,rokoko:FacePalms,unknown,rokoko,,,,Face Palms,,,596,unknown,,,mixamorig,"[{""status"":""inferred"",""type"":""extract_frame""},{""status"":""filename_inferred"",""type"":""retarget""}]",,,,missing,unverified,,
BVH-000872,rokoko_FacePalms_mixamo_00596_mirror,rokoko_FacePalms_mixamo_00596_mirror.bvh,rokoko:FacePalms,unknown,rokoko,,,,Face Palms,,,596,unknown,,,mixamorig,"[{""status"":""inferred"",""type"":""extract_frame""},{""status"":""filename_inferred"",""type"":""retarget""},{""status"":""paired_member_present"",""type"":""mirror""}]",,,,missing,derived_mirror,,
BVH-000873,rokoko_FistPumps_mixamo_00573,rokoko_FistPumps_mixamo_00573.bvh,rokoko:FistPumps,unknown,rokoko,,,,Fist Pumps,,,573,unknown,,,mixamorig,"[{""status"":""inferred"",""type"":""extract_frame""},{""status"":""filename_inferred"",""type"":""retarget""}]",,,,missing,unverified,,
BVH-000874,rokoko_FistPumps_mixamo_00573_mirror,rokoko_FistPumps_mixamo_00573_mirror.bvh,rokoko:FistPumps,unknown,rokoko,,,,Fist Pumps,,,573,unknown,,,mixamorig,"[{""status"":""inferred"",""type"":""extract_frame""},{""status"":""filename_inferred"",""type"":""retarget""},{""status"":""paired_member_present"",""type"":""mirror""}]",,,,missing,derived_mirror,,
BVH-000875,rokoko_FistPumps_mixamo_00838,rokoko_FistPumps_mixamo_00838.bvh,rokoko:FistPumps,unknown,rokoko,,,,Fist Pumps,,,838,unknown,,,mixamorig,"[{""status"":""inferred"",""type"":""extract_frame""},{""status"":""filename_inferred"",""type"":""retarget""}]",,,,missing,unverified,,
BVH-000876,rokoko_FistPumps_mixamo_00838_mirror,rokoko_FistPumps_mixamo_00838_mirror.bvh,rokoko:FistPumps,unknown,rokoko,,,,Fist Pumps,,,838,unknown,,,mixamorig,"[{""status"":""inferred"",""type"":""extract_frame""},{""status"":""filename_inferred"",""type"":""retarget""},{""status"":""paired_member_present"",""type"":""mirror""}]",,,,missing,derived_mirror,,
BVH-000877,rokoko_FistPumps_mixamo_00853,rokoko_FistPumps_mixamo_00853.bvh,rokoko:FistPumps,unknown,rokoko,,,,Fist Pumps,,,853,unknown,,,mixamorig,"[{""status"":""inferred"",""type"":""extract_frame""},{""status"":""filename_inferred"",""type"":""retarget""}]",,,,missing,unverified,,
BVH-000878,rokoko_FistPumps_mixamo_00853_mirror,rokoko_FistPumps_mixamo_00853_mirror.bvh,rokoko:FistPumps,unknown,rokoko,,,,Fist Pumps,,,853,unknown,,,mixamorig,"[{""status"":""inferred"",""type"":""extract_frame""},{""status"":""filename_inferred"",""type"":""retarget""},{""status"":""paired_member_present"",""type"":""mirror""}]",,,,missing,derived_mirror,,
BVH-000879,rokoko_FistPumps_mixamo_00951,rokoko_FistPumps_mixamo_00951.bvh,rokoko:FistPumps,unknown,rokoko,,,,Fist Pumps,,,951,unknown,,,mixamorig,"[{""status"":""inferred"",""type"":""extract_frame""},{""status"":""filename_inferred"",""type"":""retarget""}]",,,,missing,unverified,,
BVH-000880,rokoko_FistPumps_mixamo_00951_mirror,rokoko_FistPumps_mixamo_00951_mirror.bvh,rokoko:FistPumps,unknown,rokoko,,,,Fist Pumps,,,951,unknown,,,mixamorig,"[{""status"":""inferred"",""type"":""extract_frame""},{""status"":""filename_inferred"",""type"":""retarget""},{""status"":""paired_member_present"",""type"":""mirror""}]",,,,missing,derived_mirror,,
BVH-000881,rokoko_FistPumps_mixamo_00973,rokoko_FistPumps_mixamo_00973.bvh,rokoko:FistPumps,unknown,rokoko,,,,Fist Pumps,,,973,unknown,,,mixamorig,"[{""status"":""inferred"",""type"":""extract_frame""},{""status"":""filename_inferred"",""type"":""retarget""}]",,,,missing,unverified,,
BVH-000882,rokoko_FistPumps_mixamo_00973_mirror,rokoko_FistPumps_mixamo_00973_mirror.bvh,rokoko:FistPumps,unknown,rokoko,,,,Fist Pumps,,,973,unknown,,,mixamorig,"[{""status"":""inferred"",""type"":""extract_frame""},{""status"":""filename_inferred"",""type"":""retarget""},{""status"":""paired_member_present"",""type"":""mirror""}]",,,,missing,derived_mirror,,
BVH-000883,rokoko_FistPumps_mixamo_01125,rokoko_FistPumps_mixamo_01125.bvh,rokoko:FistPumps,unknown,rokoko,,,,Fist Pumps,,,1125,unknown,,,mixamorig,"[{""status"":""inferred"",""type"":""extract_frame""},{""status"":""filename_inferred"",""type"":""retarget""}]",,,,missing,unverified,,
BVH-000884,rokoko_FistPumps_mixamo_01125_mirror,rokoko_FistPumps_mixamo_01125_mirror.bvh,rokoko:FistPumps,unknown,rokoko,,,,Fist Pumps,,,1125,unknown,,,mixamorig,"[{""status"":""inferred"",""type"":""extract_frame""},{""status"":""filename_inferred"",""type"":""retarget""},{""status"":""paired_member_present"",""type"":""mirror""}]",,,,missing,derived_mirror,,
BVH-000885,rokoko_Flirty_mixamo_00080,rokoko_Flirty_mixamo_00080.bvh,rokoko:Flirty,unknown,rokoko,,,,Flirty,,,80,unknown,,,mixamorig,"[{""status"":""inferred"",""type"":""extract_frame""},{""status"":""filename_inferred"",""type"":""retarget""}]",,,,missing,unverified,,
BVH-000886,rokoko_Flirty_mixamo_00080_mirror,rokoko_Flirty_mixamo_00080_mirror.bvh,rokoko:Flirty,unknown,rokoko,,,,Flirty,,,80,unknown,,,mixamorig,"[{""status"":""inferred"",""type"":""extract_frame""},{""status"":""filename_inferred"",""type"":""retarget""},{""status"":""paired_member_present"",""type"":""mirror""}]",,,,missing,derived_mirror,,
BVH-000887,rokoko_Flirty_mixamo_00321,rokoko_Flirty_mixamo_00321.bvh,rokoko:Flirty,unknown,rokoko,,,,Flirty,,,321,unknown,,,mixamorig,"[{""status"":""inferred"",""type"":""extract_frame""},{""status"":""filename_inferred"",""type"":""retarget""}]",,,,missing,unverified,,
BVH-000888,rokoko_Flirty_mixamo_00321_mirror,rokoko_Flirty_mixamo_00321_mirror.bvh,rokoko:Flirty,unknown,rokoko,,,,Flirty,,,321,unknown,,,mixamorig,"[{""status"":""inferred"",""type"":""extract_frame""},{""status"":""filename_inferred"",""type"":""retarget""},{""status"":""paired_member_present"",""type"":""mirror""}]",,,,missing,derived_mirror,,
BVH-000889,rokoko_Flirty_mixamo_00964,rokoko_Flirty_mixamo_00964.bvh,rokoko:Flirty,unknown,rokoko,,,,Flirty,,,964,unknown,,,mixamorig,"[{""status"":""inferred"",""type"":""extract_frame""},{""status"":""filename_inferred"",""type"":""retarget""}]",,,,missing,unverified,,
BVH-000890,rokoko_Flirty_mixamo_00964_mirror,rokoko_Flirty_mixamo_00964_mirror.bvh,rokoko:Flirty,unknown,rokoko,,,,Flirty,,,964,unknown,,,mixamorig,"[{""status"":""inferred"",""type"":""extract_frame""},{""status"":""filename_inferred"",""type"":""retarget""},{""status"":""paired_member_present"",""type"":""mirror""}]",,,,missing,derived_mirror,,
BVH-000891,rokoko_Flirty_mixamo_01231,rokoko_Flirty_mixamo_01231.bvh,rokoko:Flirty,unknown,rokoko,,,,Flirty,,,1231,unknown,,,mixamorig,"[{""status"":""inferred"",""type"":""extract_frame""},{""status"":""filename_inferred"",""type"":""retarget""}]",,,,missing,unverified,,
BVH-000892,rokoko_Flirty_mixamo_01231_mirror,rokoko_Flirty_mixamo_01231_mirror.bvh,rokoko:Flirty,unknown,rokoko,,,,Flirty,,,1231,unknown,,,mixamorig,"[{""status"":""inferred"",""type"":""extract_frame""},{""status"":""filename_inferred"",""type"":""retarget""},{""status"":""paired_member_present"",""type"":""mirror""}]",,,,missing,derived_mirror,,
BVH-000893,rokoko_Flirty_mixamo_01258,rokoko_Flirty_mixamo_01258.bvh,rokoko:Flirty,unknown,rokoko,,,,Flirty,,,1258,unknown,,,mixamorig,"[{""status"":""inferred"",""type"":""extract_frame""},{""status"":""filename_inferred"",""type"":""retarget""}]",,,,missing,unverified,,
BVH-000894,rokoko_Flirty_mixamo_01258_mirror,rokoko_Flirty_mixamo_01258_mirror.bvh,rokoko:Flirty,unknown,rokoko,,,,Flirty,,,1258,unknown,,,mixamorig,"[{""status"":""inferred"",""type"":""extract_frame""},{""status"":""filename_inferred"",""type"":""retarget""},{""status"":""paired_member_present"",""type"":""mirror""}]",,,,missing,derived_mirror,,
BVH-000895,rokoko_Flirty_mixamo_01526,rokoko_Flirty_mixamo_01526.bvh,rokoko:Flirty,unknown,rokoko,,,,Flirty,,,1526,unknown,,,mixamorig,"[{""status"":""inferred"",""type"":""extract_frame""},{""status"":""filename_inferred"",""type"":""retarget""}]",,,,missing,unverified,,
BVH-000896,rokoko_Flirty_mixamo_01526_mirror,rokoko_Flirty_mixamo_01526_mirror.bvh,rokoko:Flirty,unknown,rokoko,,,,Flirty,,,1526,unknown,,,mixamorig,"[{""status"":""inferred"",""type"":""extract_frame""},{""status"":""filename_inferred"",""type"":""retarget""},{""status"":""paired_member_present"",""type"":""mirror""}]",,,,missing,derived_mirror,,
BVH-000897,rokoko_FootTapping_mixamo_00040,rokoko_FootTapping_mixamo_00040.bvh,rokoko:FootTapping,unknown,rokoko,,,,Foot Tapping,,,40,unknown,,,mixamorig,"[{""status"":""inferred"",""type"":""extract_frame""},{""status"":""filename_inferred"",""type"":""retarget""}]",,,,missing,unverified,,
BVH-000898,rokoko_FootTapping_mixamo_00040_mirror,rokoko_FootTapping_mixamo_00040_mirror.bvh,rokoko:FootTapping,unknown,rokoko,,,,Foot Tapping,,,40,unknown,,,mixamorig,"[{""status"":""inferred"",""type"":""extract_frame""},{""status"":""filename_inferred"",""type"":""retarget""},{""status"":""paired_member_present"",""type"":""mirror""}]",,,,missing,derived_mirror,,
BVH-000899,rokoko_FootTapping_mixamo_00114,rokoko_FootTapping_mixamo_00114.bvh,rokoko:FootTapping,unknown,rokoko,,,,Foot Tapping,,,114,unknown,,,mixamorig,"[{""status"":""inferred"",""type"":""extract_frame""},{""status"":""filename_inferred"",""type"":""retarget""}]",,,,missing,unverified,,
BVH-000900,rokoko_FootTapping_mixamo_00114_mirror,rokoko_FootTapping_mixamo_00114_mirror.bvh,rokoko:FootTapping,unknown,rokoko,,,,Foot Tapping,,,114,unknown,,,mixamorig,"[{""status"":""inferred"",""type"":""extract_frame""},{""status"":""filename_inferred"",""type"":""retarget""},{""status"":""paired_member_present"",""type"":""mirror""}]",,,,missing,derived_mirror,,
BVH-000901,rokoko_FootTapping_mixamo_00452,rokoko_FootTapping_mixamo_00452.bvh,rokoko:FootTapping,unknown,rokoko,,,,Foot Tapping,,,452,unknown,,,mixamorig,"[{""status"":""inferred"",""type"":""extract_frame""},{""status"":""filename_inferred"",""type"":""retarget""}]",,,,missing,unverified,,
BVH-000902,rokoko_FootTapping_mixamo_00452_mirror,rokoko_FootTapping_mixamo_00452_mirror.bvh,rokoko:FootTapping,unknown,rokoko,,,,Foot Tapping,,,452,unknown,,,mixamorig,"[{""status"":""inferred"",""type"":""extract_frame""},{""status"":""filename_inferred"",""type"":""retarget""},{""status"":""paired_member_present"",""type"":""mirror""}]",,,,missing,derived_mirror,,
BVH-000903,rokoko_FootTapping_mixamo_00646,rokoko_FootTapping_mixamo_00646.bvh,rokoko:FootTapping,unknown,rokoko,,,,Foot Tapping,,,646,unknown,,,mixamorig,"[{""status"":""inferred"",""type"":""extract_frame""},{""status"":""filename_inferred"",""type"":""retarget""}]",,,,missing,unverified,,
BVH-000904,rokoko_FootTapping_mixamo_00646_mirror,rokoko_FootTapping_mixamo_00646_mirror.bvh,rokoko:FootTapping,unknown,rokoko,,,,Foot Tapping,,,646,unknown,,,mixamorig,"[{""status"":""inferred"",""type"":""extract_frame""},{""status"":""filename_inferred"",""type"":""retarget""},{""status"":""paired_member_present"",""type"":""mirror""}]",,,,missing,derived_mirror,,
BVH-000905,rokoko_HappyDance_mixamo_00224,rokoko_HappyDance_mixamo_00224.bvh,rokoko:HappyDance,unknown,rokoko,,,,Happy Dance,,,224,unknown,,,mixamorig,"[{""status"":""inferred"",""type"":""extract_frame""},{""status"":""filename_inferred"",""type"":""retarget""}]",,,,missing,unverified,,
BVH-000906,rokoko_HappyDance_mixamo_00224_mirror,rokoko_HappyDance_mixamo_00224_mirror.bvh,rokoko:HappyDance,unknown,rokoko,,,,Happy Dance,,,224,unknown,,,mixamorig,"[{""status"":""inferred"",""type"":""extract_frame""},{""status"":""filename_inferred"",""type"":""retarget""},{""status"":""paired_member_present"",""type"":""mirror""}]",,,,missing,derived_mirror,,
BVH-000907,rokoko_HappyDance_mixamo_00229,rokoko_HappyDance_mixamo_00229.bvh,rokoko:HappyDance,unknown,rokoko,,,,Happy Dance,,,229,unknown,,,mixamorig,"[{""status"":""inferred"",""type"":""extract_frame""},{""status"":""filename_inferred"",""type"":""retarget""}]",,,,missing,unverified,,
BVH-000908,rokoko_HappyDance_mixamo_00229_mirror,rokoko_HappyDance_mixamo_00229_mirror.bvh,rokoko:HappyDance,unknown,rokoko,,,,Happy Dance,,,229,unknown,,,mixamorig,"[{""status"":""inferred"",""type"":""extract_frame""},{""status"":""filename_inferred"",""type"":""retarget""},{""status"":""paired_member_present"",""type"":""mirror""}]",,,,missing,derived_mirror,,
BVH-000909,rokoko_HappyDance_mixamo_00311,rokoko_HappyDance_mixamo_00311.bvh,rokoko:HappyDance,unknown,rokoko,,,,Happy Dance,,,311,unknown,,,mixamorig,"[{""status"":""inferred"",""type"":""extract_frame""},{""status"":""filename_inferred"",""type"":""retarget""}]",,,,missing,unverified,,
BVH-000910,rokoko_HappyDance_mixamo_00311_mirror,rokoko_HappyDance_mixamo_00311_mirror.bvh,rokoko:HappyDance,unknown,rokoko,,,,Happy Dance,,,311,unknown,,,mixamorig,"[{""status"":""inferred"",""type"":""extract_frame""},{""status"":""filename_inferred"",""type"":""retarget""},{""status"":""paired_member_present"",""type"":""mirror""}]",,,,missing,derived_mirror,,
BVH-000911,rokoko_HappyDance_mixamo_00331,rokoko_HappyDance_mixamo_00331.bvh,rokoko:HappyDance,unknown,rokoko,,,,Happy Dance,,,331,unknown,,,mixamorig,"[{""status"":""inferred"",""type"":""extract_frame""},{""status"":""filename_inferred"",""type"":""retarget""}]",,,,missing,unverified,,
BVH-000912,rokoko_HappyDance_mixamo_00331_mirror,rokoko_HappyDance_mixamo_00331_mirror.bvh,rokoko:HappyDance,unknown,rokoko,,,,Happy Dance,,,331,unknown,,,mixamorig,"[{""status"":""inferred"",""type"":""extract_frame""},{""status"":""filename_inferred"",""type"":""retarget""},{""status"":""paired_member_present"",""type"":""mirror""}]",,,,missing,derived_mirror,,
BVH-000913,rokoko_HappyDance_mixamo_00484,rokoko_HappyDance_mixamo_00484.bvh,rokoko:HappyDance,unknown,rokoko,,,,Happy Dance,,,484,unknown,,,mixamorig,"[{""status"":""inferred"",""type"":""extract_frame""},{""status"":""filename_inferred"",""type"":""retarget""}]",,,,missing,unverified,,
BVH-000914,rokoko_HappyDance_mixamo_00484_mirror,rokoko_HappyDance_mixamo_00484_mirror.bvh,rokoko:HappyDance,unknown,rokoko,,,,Happy Dance,,,484,unknown,,,mixamorig,"[{""status"":""inferred"",""type"":""extract_frame""},{""status"":""filename_inferred"",""type"":""retarget""},{""status"":""paired_member_present"",""type"":""mirror""}]",,,,missing,derived_mirror,,
BVH-000915,rokoko_HappyDance_mixamo_00734,rokoko_HappyDance_mixamo_00734.bvh,rokoko:HappyDance,unknown,rokoko,,,,Happy Dance,,,734,unknown,,,mixamorig,"[{""status"":""inferred"",""type"":""extract_frame""},{""status"":""filename_inferred"",""type"":""retarget""}]",,,,missing,unverified,,
BVH-000916,rokoko_HappyDance_mixamo_00734_mirror,rokoko_HappyDance_mixamo_00734_mirror.bvh,rokoko:HappyDance,unknown,rokoko,,,,Happy Dance,,,734,unknown,,,mixamorig,"[{""status"":""inferred"",""type"":""extract_frame""},{""status"":""filename_inferred"",""type"":""retarget""},{""status"":""paired_member_present"",""type"":""mirror""}]",,,,missing,derived_mirror,,
BVH-000917,rokoko_HeadTilts_mixamo_00861,rokoko_HeadTilts_mixamo_00861.bvh,rokoko:HeadTilts,unknown,rokoko,,,,Head Tilts,,,861,unknown,,,mixamorig,"[{""status"":""inferred"",""type"":""extract_frame""},{""status"":""filename_inferred"",""type"":""retarget""}]",,,,missing,unverified,,
BVH-000918,rokoko_HeadTilts_mixamo_00861_mirror,rokoko_HeadTilts_mixamo_00861_mirror.bvh,rokoko:HeadTilts,unknown,rokoko,,,,Head Tilts,,,861,unknown,,,mixamorig,"[{""status"":""inferred"",""type"":""extract_frame""},{""status"":""filename_inferred"",""type"":""retarget""},{""status"":""paired_member_present"",""type"":""mirror""}]",,,,missing,derived_mirror,,
BVH-000919,rokoko_HeadTilts_mixamo_01038,rokoko_HeadTilts_mixamo_01038.bvh,rokoko:HeadTilts,unknown,rokoko,,,,Head Tilts,,,1038,unknown,,,mixamorig,"[{""status"":""inferred"",""type"":""extract_frame""},{""status"":""filename_inferred"",""type"":""retarget""}]",,,,missing,unverified,,
BVH-000920,rokoko_HeadTilts_mixamo_01038_mirror,rokoko_HeadTilts_mixamo_01038_mirror.bvh,rokoko:HeadTilts,unknown,rokoko,,,,Head Tilts,,,1038,unknown,,,mixamorig,"[{""status"":""inferred"",""type"":""extract_frame""},{""status"":""filename_inferred"",""type"":""retarget""},{""status"":""paired_member_present"",""type"":""mirror""}]",,,,missing,derived_mirror,,
BVH-000921,rokoko_HomeShopping_TwoHosts_mixamo_00178,rokoko_HomeShopping_TwoHosts_mixamo_00178.bvh,rokoko:HomeShopping_TwoHosts,unknown,rokoko,,,,Home Shopping Two Hosts,,,178,unknown,,,mixamorig,"[{""status"":""inferred"",""type"":""extract_frame""},{""status"":""filename_inferred"",""type"":""retarget""}]",,,,missing,unverified,,
BVH-000922,rokoko_HomeShopping_TwoHosts_mixamo_00178_mirror,rokoko_HomeShopping_TwoHosts_mixamo_00178_mirror.bvh,rokoko:HomeShopping_TwoHosts,unknown,rokoko,,,,Home Shopping Two Hosts,,,178,unknown,,,mixamorig,"[{""status"":""inferred"",""type"":""extract_frame""},{""status"":""filename_inferred"",""type"":""retarget""},{""status"":""paired_member_present"",""type"":""mirror""}]",,,,missing,derived_mirror,,
BVH-000923,rokoko_HomeShopping_TwoHosts_mixamo_00542,rokoko_HomeShopping_TwoHosts_mixamo_00542.bvh,rokoko:HomeShopping_TwoHosts,unknown,rokoko,,,,Home Shopping Two Hosts,,,542,unknown,,,mixamorig,"[{""status"":""inferred"",""type"":""extract_frame""},{""status"":""filename_inferred"",""type"":""retarget""}]",,,,missing,unverified,,
BVH-000924,rokoko_HomeShopping_TwoHosts_mixamo_00542_mirror,rokoko_HomeShopping_TwoHosts_mixamo_00542_mirror.bvh,rokoko:HomeShopping_TwoHosts,unknown,rokoko,,,,Home Shopping Two Hosts,,,542,unknown,,,mixamorig,"[{""status"":""inferred"",""type"":""extract_frame""},{""status"":""filename_inferred"",""type"":""retarget""},{""status"":""paired_member_present"",""type"":""mirror""}]",,,,missing,derived_mirror,,
BVH-000925,rokoko_HomeShopping_TwoHosts_mixamo_00576,rokoko_HomeShopping_TwoHosts_mixamo_00576.bvh,rokoko:HomeShopping_TwoHosts,unknown,rokoko,,,,Home Shopping Two Hosts,,,576,unknown,,,mixamorig,"[{""status"":""inferred"",""type"":""extract_frame""},{""status"":""filename_inferred"",""type"":""retarget""}]",,,,missing,unverified,,
BVH-000926,rokoko_HomeShopping_TwoHosts_mixamo_00576_mirror,rokoko_HomeShopping_TwoHosts_mixamo_00576_mirror.bvh,rokoko:HomeShopping_TwoHosts,unknown,rokoko,,,,Home Shopping Two Hosts,,,576,unknown,,,mixamorig,"[{""status"":""inferred"",""type"":""extract_frame""},{""status"":""filename_inferred"",""type"":""retarget""},{""status"":""paired_member_present"",""type"":""mirror""}]",,,,missing,derived_mirror,,
BVH-000927,rokoko_HomeShopping_TwoHosts_mixamo_00950,rokoko_HomeShopping_TwoHosts_mixamo_00950.bvh,rokoko:HomeShopping_TwoHosts,unknown,rokoko,,,,Home Shopping Two Hosts,,,950,unknown,,,mixamorig,"[{""status"":""inferred"",""type"":""extract_frame""},{""status"":""filename_inferred"",""type"":""retarget""}]",,,,missing,unverified,,
BVH-000928,rokoko_HomeShopping_TwoHosts_mixamo_00950_mirror,rokoko_HomeShopping_TwoHosts_mixamo_00950_mirror.bvh,rokoko:HomeShopping_TwoHosts,unknown,rokoko,,,,Home Shopping Two Hosts,,,950,unknown,,,mixamorig,"[{""status"":""inferred"",""type"":""extract_frame""},{""status"":""filename_inferred"",""type"":""retarget""},{""status"":""paired_member_present"",""type"":""mirror""}]",,,,missing,derived_mirror,,
BVH-000929,rokoko_Host_mixamo_00134,rokoko_Host_mixamo_00134.bvh,rokoko:Host,unknown,rokoko,,,,Host,,,134,unknown,,,mixamorig,"[{""status"":""inferred"",""type"":""extract_frame""},{""status"":""filename_inferred"",""type"":""retarget""}]",,,,missing,unverified,,
BVH-000930,rokoko_Host_mixamo_00134_mirror,rokoko_Host_mixamo_00134_mirror.bvh,rokoko:Host,unknown,rokoko,,,,Host,,,134,unknown,,,mixamorig,"[{""status"":""inferred"",""type"":""extract_frame""},{""status"":""filename_inferred"",""type"":""retarget""},{""status"":""paired_member_present"",""type"":""mirror""}]",,,,missing,derived_mirror,,
BVH-000931,rokoko_Host_mixamo_00295,rokoko_Host_mixamo_00295.bvh,rokoko:Host,unknown,rokoko,,,,Host,,,295,unknown,,,mixamorig,"[{""status"":""inferred"",""type"":""extract_frame""},{""status"":""filename_inferred"",""type"":""retarget""}]",,,,missing,unverified,,
BVH-000932,rokoko_Host_mixamo_00295_mirror,rokoko_Host_mixamo_00295_mirror.bvh,rokoko:Host,unknown,rokoko,,,,Host,,,295,unknown,,,mixamorig,"[{""status"":""inferred"",""type"":""extract_frame""},{""status"":""filename_inferred"",""type"":""retarget""},{""status"":""paired_member_present"",""type"":""mirror""}]",,,,missing,derived_mirror,,
BVH-000933,rokoko_Host_mixamo_00564,rokoko_Host_mixamo_00564.bvh,rokoko:Host,unknown,rokoko,,,,Host,,,564,unknown,,,mixamorig,"[{""status"":""inferred"",""type"":""extract_frame""},{""status"":""filename_inferred"",""type"":""retarget""}]",,,,missing,unverified,,
BVH-000934,rokoko_Host_mixamo_00564_mirror,rokoko_Host_mixamo_00564_mirror.bvh,rokoko:Host,unknown,rokoko,,,,Host,,,564,unknown,,,mixamorig,"[{""status"":""inferred"",""type"":""extract_frame""},{""status"":""filename_inferred"",""type"":""retarget""},{""status"":""paired_member_present"",""type"":""mirror""}]",,,,missing,derived_mirror,,
BVH-000935,rokoko_Host_mixamo_00660,rokoko_Host_mixamo_00660.bvh,rokoko:Host,unknown,rokoko,,,,Host,,,660,unknown,,,mixamorig,"[{""status"":""inferred"",""type"":""extract_frame""},{""status"":""filename_inferred"",""type"":""retarget""}]",,,,missing,unverified,,
BVH-000936,rokoko_Host_mixamo_00660_mirror,rokoko_Host_mixamo_00660_mirror.bvh,rokoko:Host,unknown,rokoko,,,,Host,,,660,unknown,,,mixamorig,"[{""status"":""inferred"",""type"":""extract_frame""},{""status"":""filename_inferred"",""type"":""retarget""},{""status"":""paired_member_present"",""type"":""mirror""}]",,,,missing,derived_mirror,,
BVH-000937,rokoko_Host_mixamo_00795,rokoko_Host_mixamo_00795.bvh,rokoko:Host,unknown,rokoko,,,,Host,,,795,unknown,,,mixamorig,"[{""status"":""inferred"",""type"":""extract_frame""},{""status"":""filename_inferred"",""type"":""retarget""}]",,,,missing,unverified,,
BVH-000938,rokoko_Host_mixamo_00795_mirror,rokoko_Host_mixamo_00795_mirror.bvh,rokoko:Host,unknown,rokoko,,,,Host,,,795,unknown,,,mixamorig,"[{""status"":""inferred"",""type"":""extract_frame""},{""status"":""filename_inferred"",""type"":""retarget""},{""status"":""paired_member_present"",""type"":""mirror""}]",,,,missing,derived_mirror,,
BVH-000939,rokoko_Interogation_BadCop_mixamo_00159,rokoko_Interogation_BadCop_mixamo_00159.bvh,rokoko:Interogation_BadCop,unknown,rokoko,,,,Interogation Bad Cop,,,159,unknown,,,mixamorig,"[{""status"":""inferred"",""type"":""extract_frame""},{""status"":""filename_inferred"",""type"":""retarget""}]",,,,missing,unverified,,
BVH-000940,rokoko_Interogation_BadCop_mixamo_00159_mirror,rokoko_Interogation_BadCop_mixamo_00159_mirror.bvh,rokoko:Interogation_BadCop,unknown,rokoko,,,,Interogation Bad Cop,,,159,unknown,,,mixamorig,"[{""status"":""inferred"",""type"":""extract_frame""},{""status"":""filename_inferred"",""type"":""retarget""},{""status"":""paired_member_present"",""type"":""mirror""}]",,,,missing,derived_mirror,,
BVH-000941,rokoko_Interogation_BadCop_mixamo_00338,rokoko_Interogation_BadCop_mixamo_00338.bvh,rokoko:Interogation_BadCop,unknown,rokoko,,,,Interogation Bad Cop,,,338,unknown,,,mixamorig,"[{""status"":""inferred"",""type"":""extract_frame""},{""status"":""filename_inferred"",""type"":""retarget""}]",,,,missing,unverified,,
BVH-000942,rokoko_Interogation_BadCop_mixamo_00338_mirror,rokoko_Interogation_BadCop_mixamo_00338_mirror.bvh,rokoko:Interogation_BadCop,unknown,rokoko,,,,Interogation Bad Cop,,,338,unknown,,,mixamorig,"[{""status"":""inferred"",""type"":""extract_frame""},{""status"":""filename_inferred"",""type"":""retarget""},{""status"":""paired_member_present"",""type"":""mirror""}]",,,,missing,derived_mirror,,
BVH-000943,rokoko_Interogation_BadCop_mixamo_00463,rokoko_Interogation_BadCop_mixamo_00463.bvh,rokoko:Interogation_BadCop,unknown,rokoko,,,,Interogation Bad Cop,,,463,unknown,,,mixamorig,"[{""status"":""inferred"",""type"":""extract_frame""},{""status"":""filename_inferred"",""type"":""retarget""}]",,,,missing,unverified,,
BVH-000944,rokoko_Interogation_BadCop_mixamo_00463_mirror,rokoko_Interogation_BadCop_mixamo_00463_mirror.bvh,rokoko:Interogation_BadCop,unknown,rokoko,,,,Interogation Bad Cop,,,463,unknown,,,mixamorig,"[{""status"":""inferred"",""type"":""extract_frame""},{""status"":""filename_inferred"",""type"":""retarget""},{""status"":""paired_member_present"",""type"":""mirror""}]",,,,missing,derived_mirror,,
BVH-000945,rokoko_Interogation_BadCop_mixamo_00555,rokoko_Interogation_BadCop_mixamo_00555.bvh,rokoko:Interogation_BadCop,unknown,rokoko,,,,Interogation Bad Cop,,,555,unknown,,,mixamorig,"[{""status"":""inferred"",""type"":""extract_frame""},{""status"":""filename_inferred"",""type"":""retarget""}]",,,,missing,unverified,,
BVH-000946,rokoko_Interogation_BadCop_mixamo_00555_mirror,rokoko_Interogation_BadCop_mixamo_00555_mirror.bvh,rokoko:Interogation_BadCop,unknown,rokoko,,,,Interogation Bad Cop,,,555,unknown,,,mixamorig,"[{""status"":""inferred"",""type"":""extract_frame""},{""status"":""filename_inferred"",""type"":""retarget""},{""status"":""paired_member_present"",""type"":""mirror""}]",,,,missing,derived_mirror,,
BVH-000947,rokoko_Interogation_BadCop_mixamo_00570,rokoko_Interogation_BadCop_mixamo_00570.bvh,rokoko:Interogation_BadCop,unknown,rokoko,,,,Interogation Bad Cop,,,570,unknown,,,mixamorig,"[{""status"":""inferred"",""type"":""extract_frame""},{""status"":""filename_inferred"",""type"":""retarget""}]",,,,missing,unverified,,
BVH-000948,rokoko_Interogation_BadCop_mixamo_00570_mirror,rokoko_Interogation_BadCop_mixamo_00570_mirror.bvh,rokoko:Interogation_BadCop,unknown,rokoko,,,,Interogation Bad Cop,,,570,unknown,,,mixamorig,"[{""status"":""inferred"",""type"":""extract_frame""},{""status"":""filename_inferred"",""type"":""retarget""},{""status"":""paired_member_present"",""type"":""mirror""}]",,,,missing,derived_mirror,,
BVH-000949,rokoko_Interogation_BadCop_mixamo_00715,rokoko_Interogation_BadCop_mixamo_00715.bvh,rokoko:Interogation_BadCop,unknown,rokoko,,,,Interogation Bad Cop,,,715,unknown,,,mixamorig,"[{""status"":""inferred"",""type"":""extract_frame""},{""status"":""filename_inferred"",""type"":""retarget""}]",,,,missing,unverified,,
BVH-000950,rokoko_Interogation_BadCop_mixamo_00715_mirror,rokoko_Interogation_BadCop_mixamo_00715_mirror.bvh,rokoko:Interogation_BadCop,unknown,rokoko,,,,Interogation Bad Cop,,,715,unknown,,,mixamorig,"[{""status"":""inferred"",""type"":""extract_frame""},{""status"":""filename_inferred"",""type"":""retarget""},{""status"":""paired_member_present"",""type"":""mirror""}]",,,,missing,derived_mirror,,
BVH-000951,rokoko_Interogation_GoodCop_mixamo_00088,rokoko_Interogation_GoodCop_mixamo_00088.bvh,rokoko:Interogation_GoodCop,unknown,rokoko,,,,Interogation Good Cop,,,88,unknown,,,mixamorig,"[{""status"":""inferred"",""type"":""extract_frame""},{""status"":""filename_inferred"",""type"":""retarget""}]",,,,missing,unverified,,
BVH-000952,rokoko_Interogation_GoodCop_mixamo_00088_mirror,rokoko_Interogation_GoodCop_mixamo_00088_mirror.bvh,rokoko:Interogation_GoodCop,unknown,rokoko,,,,Interogation Good Cop,,,88,unknown,,,mixamorig,"[{""status"":""inferred"",""type"":""extract_frame""},{""status"":""filename_inferred"",""type"":""retarget""},{""status"":""paired_member_present"",""type"":""mirror""}]",,,,missing,derived_mirror,,
BVH-000953,rokoko_Interogation_GoodCop_mixamo_00248,rokoko_Interogation_GoodCop_mixamo_00248.bvh,rokoko:Interogation_GoodCop,unknown,rokoko,,,,Interogation Good Cop,,,248,unknown,,,mixamorig,"[{""status"":""inferred"",""type"":""extract_frame""},{""status"":""filename_inferred"",""type"":""retarget""}]",,,,missing,unverified,,
BVH-000954,rokoko_Interogation_GoodCop_mixamo_00248_mirror,rokoko_Interogation_GoodCop_mixamo_00248_mirror.bvh,rokoko:Interogation_GoodCop,unknown,rokoko,,,,Interogation Good Cop,,,248,unknown,,,mixamorig,"[{""status"":""inferred"",""type"":""extract_frame""},{""status"":""filename_inferred"",""type"":""retarget""},{""status"":""paired_member_present"",""type"":""mirror""}]",,,,missing,derived_mirror,,
BVH-000955,rokoko_Interogation_GoodCop_mixamo_00709,rokoko_Interogation_GoodCop_mixamo_00709.bvh,rokoko:Interogation_GoodCop,unknown,rokoko,,,,Interogation Good Cop,,,709,unknown,,,mixamorig,"[{""status"":""inferred"",""type"":""extract_frame""},{""status"":""filename_inferred"",""type"":""retarget""}]",,,,missing,unverified,,
BVH-000956,rokoko_Interogation_GoodCop_mixamo_00709_mirror,rokoko_Interogation_GoodCop_mixamo_00709_mirror.bvh,rokoko:Interogation_GoodCop,unknown,rokoko,,,,Interogation Good Cop,,,709,unknown,,,mixamorig,"[{""status"":""inferred"",""type"":""extract_frame""},{""status"":""filename_inferred"",""type"":""retarget""},{""status"":""paired_member_present"",""type"":""mirror""}]",,,,missing,derived_mirror,,
BVH-000957,rokoko_Interogation_GoodCop_mixamo_00768,rokoko_Interogation_GoodCop_mixamo_00768.bvh,rokoko:Interogation_GoodCop,unknown,rokoko,,,,Interogation Good Cop,,,768,unknown,,,mixamorig,"[{""status"":""inferred"",""type"":""extract_frame""},{""status"":""filename_inferred"",""type"":""retarget""}]",,,,missing,unverified,,
BVH-000958,rokoko_Interogation_GoodCop_mixamo_00768_mirror,rokoko_Interogation_GoodCop_mixamo_00768_mirror.bvh,rokoko:Interogation_GoodCop,unknown,rokoko,,,,Interogation Good Cop,,,768,unknown,,,mixamorig,"[{""status"":""inferred"",""type"":""extract_frame""},{""status"":""filename_inferred"",""type"":""retarget""},{""status"":""paired_member_present"",""type"":""mirror""}]",,,,missing,derived_mirror,,
BVH-000959,rokoko_Interogation_GoodCop_mixamo_00833,rokoko_Interogation_GoodCop_mixamo_00833.bvh,rokoko:Interogation_GoodCop,unknown,rokoko,,,,Interogation Good Cop,,,833,unknown,,,mixamorig,"[{""status"":""inferred"",""type"":""extract_frame""},{""status"":""filename_inferred"",""type"":""retarget""}]",,,,missing,unverified,,
BVH-000960,rokoko_Interogation_GoodCop_mixamo_00833_mirror,rokoko_Interogation_GoodCop_mixamo_00833_mirror.bvh,rokoko:Interogation_GoodCop,unknown,rokoko,,,,Interogation Good Cop,,,833,unknown,,,mixamorig,"[{""status"":""inferred"",""type"":""extract_frame""},{""status"":""filename_inferred"",""type"":""retarget""},{""status"":""paired_member_present"",""type"":""mirror""}]",,,,missing,derived_mirror,,
BVH-000961,rokoko_Interogation_Suspect_mixamo_00199,rokoko_Interogation_Suspect_mixamo_00199.bvh,rokoko:Interogation_Suspect,unknown,rokoko,,,,Interogation Suspect,,,199,unknown,,,mixamorig,"[{""status"":""inferred"",""type"":""extract_frame""},{""status"":""filename_inferred"",""type"":""retarget""}]",,,,missing,unverified,,
BVH-000962,rokoko_Interogation_Suspect_mixamo_00199_mirror,rokoko_Interogation_Suspect_mixamo_00199_mirror.bvh,rokoko:Interogation_Suspect,unknown,rokoko,,,,Interogation Suspect,,,199,unknown,,,mixamorig,"[{""status"":""inferred"",""type"":""extract_frame""},{""status"":""filename_inferred"",""type"":""retarget""},{""status"":""paired_member_present"",""type"":""mirror""}]",,,,missing,derived_mirror,,
BVH-000963,rokoko_Interogation_Suspect_mixamo_00223,rokoko_Interogation_Suspect_mixamo_00223.bvh,rokoko:Interogation_Suspect,unknown,rokoko,,,,Interogation Suspect,,,223,unknown,,,mixamorig,"[{""status"":""inferred"",""type"":""extract_frame""},{""status"":""filename_inferred"",""type"":""retarget""}]",,,,missing,unverified,,
BVH-000964,rokoko_Interogation_Suspect_mixamo_00223_mirror,rokoko_Interogation_Suspect_mixamo_00223_mirror.bvh,rokoko:Interogation_Suspect,unknown,rokoko,,,,Interogation Suspect,,,223,unknown,,,mixamorig,"[{""status"":""inferred"",""type"":""extract_frame""},{""status"":""filename_inferred"",""type"":""retarget""},{""status"":""paired_member_present"",""type"":""mirror""}]",,,,missing,derived_mirror,,
BVH-000965,rokoko_Interogation_Suspect_mixamo_00267,rokoko_Interogation_Suspect_mixamo_00267.bvh,rokoko:Interogation_Suspect,unknown,rokoko,,,,Interogation Suspect,,,267,unknown,,,mixamorig,"[{""status"":""inferred"",""type"":""extract_frame""},{""status"":""filename_inferred"",""type"":""retarget""}]",,,,missing,unverified,,
BVH-000966,rokoko_Interogation_Suspect_mixamo_00267_mirror,rokoko_Interogation_Suspect_mixamo_00267_mirror.bvh,rokoko:Interogation_Suspect,unknown,rokoko,,,,Interogation Suspect,,,267,unknown,,,mixamorig,"[{""status"":""inferred"",""type"":""extract_frame""},{""status"":""filename_inferred"",""type"":""retarget""},{""status"":""paired_member_present"",""type"":""mirror""}]",,,,missing,derived_mirror,,
BVH-000967,rokoko_Interogation_Suspect_mixamo_00883,rokoko_Interogation_Suspect_mixamo_00883.bvh,rokoko:Interogation_Suspect,unknown,rokoko,,,,Interogation Suspect,,,883,unknown,,,mixamorig,"[{""status"":""inferred"",""type"":""extract_frame""},{""status"":""filename_inferred"",""type"":""retarget""}]",,,,missing,unverified,,
BVH-000968,rokoko_Interogation_Suspect_mixamo_00883_mirror,rokoko_Interogation_Suspect_mixamo_00883_mirror.bvh,rokoko:Interogation_Suspect,unknown,rokoko,,,,Interogation Suspect,,,883,unknown,,,mixamorig,"[{""status"":""inferred"",""type"":""extract_frame""},{""status"":""filename_inferred"",""type"":""retarget""},{""status"":""paired_member_present"",""type"":""mirror""}]",,,,missing,derived_mirror,,
BVH-000969,rokoko_Interogation_Suspect_mixamo_00889,rokoko_Interogation_Suspect_mixamo_00889.bvh,rokoko:Interogation_Suspect,unknown,rokoko,,,,Interogation Suspect,,,889,unknown,,,mixamorig,"[{""status"":""inferred"",""type"":""extract_frame""},{""status"":""filename_inferred"",""type"":""retarget""}]",,,,missing,unverified,,
BVH-000970,rokoko_Interogation_Suspect_mixamo_00889_mirror,rokoko_Interogation_Suspect_mixamo_00889_mirror.bvh,rokoko:Interogation_Suspect,unknown,rokoko,,,,Interogation Suspect,,,889,unknown,,,mixamorig,"[{""status"":""inferred"",""type"":""extract_frame""},{""status"":""filename_inferred"",""type"":""retarget""},{""status"":""paired_member_present"",""type"":""mirror""}]",,,,missing,derived_mirror,,
BVH-000971,rokoko_Interogation_Suspect_mixamo_00927,rokoko_Interogation_Suspect_mixamo_00927.bvh,rokoko:Interogation_Suspect,unknown,rokoko,,,,Interogation Suspect,,,927,unknown,,,mixamorig,"[{""status"":""inferred"",""type"":""extract_frame""},{""status"":""filename_inferred"",""type"":""retarget""}]",,,,missing,unverified,,
BVH-000972,rokoko_Interogation_Suspect_mixamo_00927_mirror,rokoko_Interogation_Suspect_mixamo_00927_mirror.bvh,rokoko:Interogation_Suspect,unknown,rokoko,,,,Interogation Suspect,,,927,unknown,,,mixamorig,"[{""status"":""inferred"",""type"":""extract_frame""},{""status"":""filename_inferred"",""type"":""retarget""},{""status"":""paired_member_present"",""type"":""mirror""}]",,,,missing,derived_mirror,,
BVH-000973,rokoko_Judge_mixamo_00006,rokoko_Judge_mixamo_00006.bvh,rokoko:Judge,unknown,rokoko,,,,Judge,,,6,unknown,,,mixamorig,"[{""status"":""inferred"",""type"":""extract_frame""},{""status"":""filename_inferred"",""type"":""retarget""}]",,,,missing,unverified,,
BVH-000974,rokoko_Judge_mixamo_00006_mirror,rokoko_Judge_mixamo_00006_mirror.bvh,rokoko:Judge,unknown,rokoko,,,,Judge,,,6,unknown,,,mixamorig,"[{""status"":""inferred"",""type"":""extract_frame""},{""status"":""filename_inferred"",""type"":""retarget""},{""status"":""paired_member_present"",""type"":""mirror""}]",,,,missing,derived_mirror,,
BVH-000975,rokoko_Judge_mixamo_00669,rokoko_Judge_mixamo_00669.bvh,rokoko:Judge,unknown,rokoko,,,,Judge,,,669,unknown,,,mixamorig,"[{""status"":""inferred"",""type"":""extract_frame""},{""status"":""filename_inferred"",""type"":""retarget""}]",,,,missing,unverified,,
BVH-000976,rokoko_Judge_mixamo_00669_mirror,rokoko_Judge_mixamo_00669_mirror.bvh,rokoko:Judge,unknown,rokoko,,,,Judge,,,669,unknown,,,mixamorig,"[{""status"":""inferred"",""type"":""extract_frame""},{""status"":""filename_inferred"",""type"":""retarget""},{""status"":""paired_member_present"",""type"":""mirror""}]",,,,missing,derived_mirror,,
BVH-000977,rokoko_Judge_mixamo_00695,rokoko_Judge_mixamo_00695.bvh,rokoko:Judge,unknown,rokoko,,,,Judge,,,695,unknown,,,mixamorig,"[{""status"":""inferred"",""type"":""extract_frame""},{""status"":""filename_inferred"",""type"":""retarget""}]",,,,missing,unverified,,
BVH-000978,rokoko_Judge_mixamo_00695_mirror,rokoko_Judge_mixamo_00695_mirror.bvh,rokoko:Judge,unknown,rokoko,,,,Judge,,,695,unknown,,,mixamorig,"[{""status"":""inferred"",""type"":""extract_frame""},{""status"":""filename_inferred"",""type"":""retarget""},{""status"":""paired_member_present"",""type"":""mirror""}]",,,,missing,derived_mirror,,
BVH-000979,rokoko_Judge_mixamo_00922,rokoko_Judge_mixamo_00922.bvh,rokoko:Judge,unknown,rokoko,,,,Judge,,,922,unknown,,,mixamorig,"[{""status"":""inferred"",""type"":""extract_frame""},{""status"":""filename_inferred"",""type"":""retarget""}]",,,,missing,unverified,,
BVH-000980,rokoko_Judge_mixamo_00922_mirror,rokoko_Judge_mixamo_00922_mirror.bvh,rokoko:Judge,unknown,rokoko,,,,Judge,,,922,unknown,,,mixamorig,"[{""status"":""inferred"",""type"":""extract_frame""},{""status"":""filename_inferred"",""type"":""retarget""},{""status"":""paired_member_present"",""type"":""mirror""}]",,,,missing,derived_mirror,,
BVH-000981,rokoko_Judge_mixamo_00929,rokoko_Judge_mixamo_00929.bvh,rokoko:Judge,unknown,rokoko,,,,Judge,,,929,unknown,,,mixamorig,"[{""status"":""inferred"",""type"":""extract_frame""},{""status"":""filename_inferred"",""type"":""retarget""}]",,,,missing,unverified,,
BVH-000982,rokoko_Judge_mixamo_00929_mirror,rokoko_Judge_mixamo_00929_mirror.bvh,rokoko:Judge,unknown,rokoko,,,,Judge,,,929,unknown,,,mixamorig,"[{""status"":""inferred"",""type"":""extract_frame""},{""status"":""filename_inferred"",""type"":""retarget""},{""status"":""paired_member_present"",""type"":""mirror""}]",,,,missing,derived_mirror,,
BVH-000983,rokoko_Judge_mixamo_00942,rokoko_Judge_mixamo_00942.bvh,rokoko:Judge,unknown,rokoko,,,,Judge,,,942,unknown,,,mixamorig,"[{""status"":""inferred"",""type"":""extract_frame""},{""status"":""filename_inferred"",""type"":""retarget""}]",,,,missing,unverified,,
BVH-000984,rokoko_Judge_mixamo_00942_mirror,rokoko_Judge_mixamo_00942_mirror.bvh,rokoko:Judge,unknown,rokoko,,,,Judge,,,942,unknown,,,mixamorig,"[{""status"":""inferred"",""type"":""extract_frame""},{""status"":""filename_inferred"",""type"":""retarget""},{""status"":""paired_member_present"",""type"":""mirror""}]",,,,missing,derived_mirror,,
BVH-000985,rokoko_Judges_mixamo_00061,rokoko_Judges_mixamo_00061.bvh,rokoko:Judges,unknown,rokoko,,,,Judges,,,61,unknown,,,mixamorig,"[{""status"":""inferred"",""type"":""extract_frame""},{""status"":""filename_inferred"",""type"":""retarget""}]",,,,missing,unverified,,
BVH-000986,rokoko_Judges_mixamo_00061_mirror,rokoko_Judges_mixamo_00061_mirror.bvh,rokoko:Judges,unknown,rokoko,,,,Judges,,,61,unknown,,,mixamorig,"[{""status"":""inferred"",""type"":""extract_frame""},{""status"":""filename_inferred"",""type"":""retarget""},{""status"":""paired_member_present"",""type"":""mirror""}]",,,,missing,derived_mirror,,
BVH-000987,rokoko_Judges_mixamo_00711,rokoko_Judges_mixamo_00711.bvh,rokoko:Judges,unknown,rokoko,,,,Judges,,,711,unknown,,,mixamorig,"[{""status"":""inferred"",""type"":""extract_frame""},{""status"":""filename_inferred"",""type"":""retarget""}]",,,,missing,unverified,,
BVH-000988,rokoko_Judges_mixamo_00711_mirror,rokoko_Judges_mixamo_00711_mirror.bvh,rokoko:Judges,unknown,rokoko,,,,Judges,,,711,unknown,,,mixamorig,"[{""status"":""inferred"",""type"":""extract_frame""},{""status"":""filename_inferred"",""type"":""retarget""},{""status"":""paired_member_present"",""type"":""mirror""}]",,,,missing,derived_mirror,,
BVH-000989,rokoko_Judges_mixamo_01371,rokoko_Judges_mixamo_01371.bvh,rokoko:Judges,unknown,rokoko,,,,Judges,,,1371,unknown,,,mixamorig,"[{""status"":""inferred"",""type"":""extract_frame""},{""status"":""filename_inferred"",""type"":""retarget""}]",,,,missing,unverified,,
BVH-000990,rokoko_Judges_mixamo_01371_mirror,rokoko_Judges_mixamo_01371_mirror.bvh,rokoko:Judges,unknown,rokoko,,,,Judges,,,1371,unknown,,,mixamorig,"[{""status"":""inferred"",""type"":""extract_frame""},{""status"":""filename_inferred"",""type"":""retarget""},{""status"":""paired_member_present"",""type"":""mirror""}]",,,,missing,derived_mirror,,
BVH-000991,rokoko_Judges_mixamo_01413,rokoko_Judges_mixamo_01413.bvh,rokoko:Judges,unknown,rokoko,,,,Judges,,,1413,unknown,,,mixamorig,"[{""status"":""inferred"",""type"":""extract_frame""},{""status"":""filename_inferred"",""type"":""retarget""}]",,,,missing,unverified,,
BVH-000992,rokoko_Judges_mixamo_01413_mirror,rokoko_Judges_mixamo_01413_mirror.bvh,rokoko:Judges,unknown,rokoko,,,,Judges,,,1413,unknown,,,mixamorig,"[{""status"":""inferred"",""type"":""extract_frame""},{""status"":""filename_inferred"",""type"":""retarget""},{""status"":""paired_member_present"",""type"":""mirror""}]",,,,missing,derived_mirror,,
BVH-000993,rokoko_Judges_mixamo_01444,rokoko_Judges_mixamo_01444.bvh,rokoko:Judges,unknown,rokoko,,,,Judges,,,1444,unknown,,,mixamorig,"[{""status"":""inferred"",""type"":""extract_frame""},{""status"":""filename_inferred"",""type"":""retarget""}]",,,,missing,unverified,,
BVH-000994,rokoko_Judges_mixamo_01444_mirror,rokoko_Judges_mixamo_01444_mirror.bvh,rokoko:Judges,unknown,rokoko,,,,Judges,,,1444,unknown,,,mixamorig,"[{""status"":""inferred"",""type"":""extract_frame""},{""status"":""filename_inferred"",""type"":""retarget""},{""status"":""paired_member_present"",""type"":""mirror""}]",,,,missing,derived_mirror,,
BVH-000995,rokoko_Juggling_mixamo_00173,rokoko_Juggling_mixamo_00173.bvh,rokoko:Juggling,unknown,rokoko,,,,Juggling,,,173,unknown,,,mixamorig,"[{""status"":""inferred"",""type"":""extract_frame""},{""status"":""filename_inferred"",""type"":""retarget""}]",,,,missing,unverified,,
BVH-000996,rokoko_Juggling_mixamo_00173_mirror,rokoko_Juggling_mixamo_00173_mirror.bvh,rokoko:Juggling,unknown,rokoko,,,,Juggling,,,173,unknown,,,mixamorig,"[{""status"":""inferred"",""type"":""extract_frame""},{""status"":""filename_inferred"",""type"":""retarget""},{""status"":""paired_member_present"",""type"":""mirror""}]",,,,missing,derived_mirror,,
BVH-000997,rokoko_Juggling_mixamo_00261,rokoko_Juggling_mixamo_00261.bvh,rokoko:Juggling,unknown,rokoko,,,,Juggling,,,261,unknown,,,mixamorig,"[{""status"":""inferred"",""type"":""extract_frame""},{""status"":""filename_inferred"",""type"":""retarget""}]",,,,missing,unverified,,
BVH-000998,rokoko_Juggling_mixamo_00261_mirror,rokoko_Juggling_mixamo_00261_mirror.bvh,rokoko:Juggling,unknown,rokoko,,,,Juggling,,,261,unknown,,,mixamorig,"[{""status"":""inferred"",""type"":""extract_frame""},{""status"":""filename_inferred"",""type"":""retarget""},{""status"":""paired_member_present"",""type"":""mirror""}]",,,,missing,derived_mirror,,
BVH-000999,rokoko_Juggling_mixamo_00299,rokoko_Juggling_mixamo_00299.bvh,rokoko:Juggling,unknown,rokoko,,,,Juggling,,,299,unknown,,,mixamorig,"[{""status"":""inferred"",""type"":""extract_frame""},{""status"":""filename_inferred"",""type"":""retarget""}]",,,,missing,unverified,,
BVH-001000,rokoko_Juggling_mixamo_00299_mirror,rokoko_Juggling_mixamo_00299_mirror.bvh,rokoko:Juggling,unknown,rokoko,,,,Juggling,,,299,unknown,,,mixamorig,"[{""status"":""inferred"",""type"":""extract_frame""},{""status"":""filename_inferred"",""type"":""retarget""},{""status"":""paired_member_present"",""type"":""mirror""}]",,,,missing,derived_mirror,,
BVH-001001,rokoko_Juggling_mixamo_00412,rokoko_Juggling_mixamo_00412.bvh,rokoko:Juggling,unknown,rokoko,,,,Juggling,,,412,unknown,,,mixamorig,"[{""status"":""inferred"",""type"":""extract_frame""},{""status"":""filename_inferred"",""type"":""retarget""}]",,,,missing,unverified,,
BVH-001002,rokoko_Juggling_mixamo_00412_mirror,rokoko_Juggling_mixamo_00412_mirror.bvh,rokoko:Juggling,unknown,rokoko,,,,Juggling,,,412,unknown,,,mixamorig,"[{""status"":""inferred"",""type"":""extract_frame""},{""status"":""filename_inferred"",""type"":""retarget""},{""status"":""paired_member_present"",""type"":""mirror""}]",,,,missing,derived_mirror,,
BVH-001003,rokoko_Laughs_mixamo_00250,rokoko_Laughs_mixamo_00250.bvh,rokoko:Laughs,unknown,rokoko,,,,Laughs,,,250,unknown,,,mixamorig,"[{""status"":""inferred"",""type"":""extract_frame""},{""status"":""filename_inferred"",""type"":""retarget""}]",,,,missing,unverified,,
BVH-001004,rokoko_Laughs_mixamo_00250_mirror,rokoko_Laughs_mixamo_00250_mirror.bvh,rokoko:Laughs,unknown,rokoko,,,,Laughs,,,250,unknown,,,mixamorig,"[{""status"":""inferred"",""type"":""extract_frame""},{""status"":""filename_inferred"",""type"":""retarget""},{""status"":""paired_member_present"",""type"":""mirror""}]",,,,missing,derived_mirror,,
BVH-001005,rokoko_Laughs_mixamo_00371,rokoko_Laughs_mixamo_00371.bvh,rokoko:Laughs,unknown,rokoko,,,,Laughs,,,371,unknown,,,mixamorig,"[{""status"":""inferred"",""type"":""extract_frame""},{""status"":""filename_inferred"",""type"":""retarget""}]",,,,missing,unverified,,
BVH-001006,rokoko_Laughs_mixamo_00371_mirror,rokoko_Laughs_mixamo_00371_mirror.bvh,rokoko:Laughs,unknown,rokoko,,,,Laughs,,,371,unknown,,,mixamorig,"[{""status"":""inferred"",""type"":""extract_frame""},{""status"":""filename_inferred"",""type"":""retarget""},{""status"":""paired_member_present"",""type"":""mirror""}]",,,,missing,derived_mirror,,
BVH-001007,rokoko_Laughs_mixamo_00702,rokoko_Laughs_mixamo_00702.bvh,rokoko:Laughs,unknown,rokoko,,,,Laughs,,,702,unknown,,,mixamorig,"[{""status"":""inferred"",""type"":""extract_frame""},{""status"":""filename_inferred"",""type"":""retarget""}]",,,,missing,unverified,,
BVH-001008,rokoko_Laughs_mixamo_00702_mirror,rokoko_Laughs_mixamo_00702_mirror.bvh,rokoko:Laughs,unknown,rokoko,,,,Laughs,,,702,unknown,,,mixamorig,"[{""status"":""inferred"",""type"":""extract_frame""},{""status"":""filename_inferred"",""type"":""retarget""},{""status"":""paired_member_present"",""type"":""mirror""}]",,,,missing,derived_mirror,,
BVH-001009,rokoko_Laughs_mixamo_00772,rokoko_Laughs_mixamo_00772.bvh,rokoko:Laughs,unknown,rokoko,,,,Laughs,,,772,unknown,,,mixamorig,"[{""status"":""inferred"",""type"":""extract_frame""},{""status"":""filename_inferred"",""type"":""retarget""}]",,,,missing,unverified,,
BVH-001010,rokoko_Laughs_mixamo_00772_mirror,rokoko_Laughs_mixamo_00772_mirror.bvh,rokoko:Laughs,unknown,rokoko,,,,Laughs,,,772,unknown,,,mixamorig,"[{""status"":""inferred"",""type"":""extract_frame""},{""status"":""filename_inferred"",""type"":""retarget""},{""status"":""paired_member_present"",""type"":""mirror""}]",,,,missing,derived_mirror,,
BVH-001011,rokoko_Laughs_mixamo_01143,rokoko_Laughs_mixamo_01143.bvh,rokoko:Laughs,unknown,rokoko,,,,Laughs,,,1143,unknown,,,mixamorig,"[{""status"":""inferred"",""type"":""extract_frame""},{""status"":""filename_inferred"",""type"":""retarget""}]",,,,missing,unverified,,
BVH-001012,rokoko_Laughs_mixamo_01143_mirror,rokoko_Laughs_mixamo_01143_mirror.bvh,rokoko:Laughs,unknown,rokoko,,,,Laughs,,,1143,unknown,,,mixamorig,"[{""status"":""inferred"",""type"":""extract_frame""},{""status"":""filename_inferred"",""type"":""retarget""},{""status"":""paired_member_present"",""type"":""mirror""}]",,,,missing,derived_mirror,,
BVH-001013,rokoko_Lawyer_01_mixamo_00513,rokoko_Lawyer_01_mixamo_00513.bvh,rokoko:Lawyer_01,unknown,rokoko,,,,Lawyer 01,,,513,unknown,,,mixamorig,"[{""status"":""inferred"",""type"":""extract_frame""},{""status"":""filename_inferred"",""type"":""retarget""}]",,,,missing,unverified,,
BVH-001014,rokoko_Lawyer_01_mixamo_00513_mirror,rokoko_Lawyer_01_mixamo_00513_mirror.bvh,rokoko:Lawyer_01,unknown,rokoko,,,,Lawyer 01,,,513,unknown,,,mixamorig,"[{""status"":""inferred"",""type"":""extract_frame""},{""status"":""filename_inferred"",""type"":""retarget""},{""status"":""paired_member_present"",""type"":""mirror""}]",,,,missing,derived_mirror,,
BVH-001015,rokoko_Lawyer_01_mixamo_00669,rokoko_Lawyer_01_mixamo_00669.bvh,rokoko:Lawyer_01,unknown,rokoko,,,,Lawyer 01,,,669,unknown,,,mixamorig,"[{""status"":""inferred"",""type"":""extract_frame""},{""status"":""filename_inferred"",""type"":""retarget""}]",,,,missing,unverified,,
BVH-001016,rokoko_Lawyer_01_mixamo_00669_mirror,rokoko_Lawyer_01_mixamo_00669_mirror.bvh,rokoko:Lawyer_01,unknown,rokoko,,,,Lawyer 01,,,669,unknown,,,mixamorig,"[{""status"":""inferred"",""type"":""extract_frame""},{""status"":""filename_inferred"",""type"":""retarget""},{""status"":""paired_member_present"",""type"":""mirror""}]",,,,missing,derived_mirror,,
BVH-001017,rokoko_Lawyer_01_mixamo_00817,rokoko_Lawyer_01_mixamo_00817.bvh,rokoko:Lawyer_01,unknown,rokoko,,,,Lawyer 01,,,817,unknown,,,mixamorig,"[{""status"":""inferred"",""type"":""extract_frame""},{""status"":""filename_inferred"",""type"":""retarget""}]",,,,missing,unverified,,
BVH-001018,rokoko_Lawyer_01_mixamo_00817_mirror,rokoko_Lawyer_01_mixamo_00817_mirror.bvh,rokoko:Lawyer_01,unknown,rokoko,,,,Lawyer 01,,,817,unknown,,,mixamorig,"[{""status"":""inferred"",""type"":""extract_frame""},{""status"":""filename_inferred"",""type"":""retarget""},{""status"":""paired_member_present"",""type"":""mirror""}]",,,,missing,derived_mirror,,
BVH-001019,rokoko_Lawyer_01_mixamo_00831,rokoko_Lawyer_01_mixamo_00831.bvh,rokoko:Lawyer_01,unknown,rokoko,,,,Lawyer 01,,,831,unknown,,,mixamorig,"[{""status"":""inferred"",""type"":""extract_frame""},{""status"":""filename_inferred"",""type"":""retarget""}]",,,,missing,unverified,,
BVH-001020,rokoko_Lawyer_01_mixamo_00831_mirror,rokoko_Lawyer_01_mixamo_00831_mirror.bvh,rokoko:Lawyer_01,unknown,rokoko,,,,Lawyer 01,,,831,unknown,,,mixamorig,"[{""status"":""inferred"",""type"":""extract_frame""},{""status"":""filename_inferred"",""type"":""retarget""},{""status"":""paired_member_present"",""type"":""mirror""}]",,,,missing,derived_mirror,,
BVH-001021,rokoko_Lawyer_01_mixamo_00878,rokoko_Lawyer_01_mixamo_00878.bvh,rokoko:Lawyer_01,unknown,rokoko,,,,Lawyer 01,,,878,unknown,,,mixamorig,"[{""status"":""inferred"",""type"":""extract_frame""},{""status"":""filename_inferred"",""type"":""retarget""}]",,,,missing,unverified,,
BVH-001022,rokoko_Lawyer_01_mixamo_00878_mirror,rokoko_Lawyer_01_mixamo_00878_mirror.bvh,rokoko:Lawyer_01,unknown,rokoko,,,,Lawyer 01,,,878,unknown,,,mixamorig,"[{""status"":""inferred"",""type"":""extract_frame""},{""status"":""filename_inferred"",""type"":""retarget""},{""status"":""paired_member_present"",""type"":""mirror""}]",,,,missing,derived_mirror,,
BVH-001023,rokoko_Lawyer_01_mixamo_00946,rokoko_Lawyer_01_mixamo_00946.bvh,rokoko:Lawyer_01,unknown,rokoko,,,,Lawyer 01,,,946,unknown,,,mixamorig,"[{""status"":""inferred"",""type"":""extract_frame""},{""status"":""filename_inferred"",""type"":""retarget""}]",,,,missing,unverified,,
BVH-001024,rokoko_Lawyer_01_mixamo_00946_mirror,rokoko_Lawyer_01_mixamo_00946_mirror.bvh,rokoko:Lawyer_01,unknown,rokoko,,,,Lawyer 01,,,946,unknown,,,mixamorig,"[{""status"":""inferred"",""type"":""extract_frame""},{""status"":""filename_inferred"",""type"":""retarget""},{""status"":""paired_member_present"",""type"":""mirror""}]",,,,missing,derived_mirror,,
BVH-001025,rokoko_Lawyer_02_mixamo_00008,rokoko_Lawyer_02_mixamo_00008.bvh,rokoko:Lawyer_02,unknown,rokoko,,,,Lawyer 02,,,8,unknown,,,mixamorig,"[{""status"":""inferred"",""type"":""extract_frame""},{""status"":""filename_inferred"",""type"":""retarget""}]",,,,missing,unverified,,
BVH-001026,rokoko_Lawyer_02_mixamo_00008_mirror,rokoko_Lawyer_02_mixamo_00008_mirror.bvh,rokoko:Lawyer_02,unknown,rokoko,,,,Lawyer 02,,,8,unknown,,,mixamorig,"[{""status"":""inferred"",""type"":""extract_frame""},{""status"":""filename_inferred"",""type"":""retarget""},{""status"":""paired_member_present"",""type"":""mirror""}]",,,,missing,derived_mirror,,
BVH-001027,rokoko_Lawyer_02_mixamo_00176,rokoko_Lawyer_02_mixamo_00176.bvh,rokoko:Lawyer_02,unknown,rokoko,,,,Lawyer 02,,,176,unknown,,,mixamorig,"[{""status"":""inferred"",""type"":""extract_frame""},{""status"":""filename_inferred"",""type"":""retarget""}]",,,,missing,unverified,,
BVH-001028,rokoko_Lawyer_02_mixamo_00176_mirror,rokoko_Lawyer_02_mixamo_00176_mirror.bvh,rokoko:Lawyer_02,unknown,rokoko,,,,Lawyer 02,,,176,unknown,,,mixamorig,"[{""status"":""inferred"",""type"":""extract_frame""},{""status"":""filename_inferred"",""type"":""retarget""},{""status"":""paired_member_present"",""type"":""mirror""}]",,,,missing,derived_mirror,,
BVH-001029,rokoko_Lawyer_02_mixamo_00662,rokoko_Lawyer_02_mixamo_00662.bvh,rokoko:Lawyer_02,unknown,rokoko,,,,Lawyer 02,,,662,unknown,,,mixamorig,"[{""status"":""inferred"",""type"":""extract_frame""},{""status"":""filename_inferred"",""type"":""retarget""}]",,,,missing,unverified,,
BVH-001030,rokoko_Lawyer_02_mixamo_00662_mirror,rokoko_Lawyer_02_mixamo_00662_mirror.bvh,rokoko:Lawyer_02,unknown,rokoko,,,,Lawyer 02,,,662,unknown,,,mixamorig,"[{""status"":""inferred"",""type"":""extract_frame""},{""status"":""filename_inferred"",""type"":""retarget""},{""status"":""paired_member_present"",""type"":""mirror""}]",,,,missing,derived_mirror,,
BVH-001031,rokoko_Lawyer_02_mixamo_01024,rokoko_Lawyer_02_mixamo_01024.bvh,rokoko:Lawyer_02,unknown,rokoko,,,,Lawyer 02,,,1024,unknown,,,mixamorig,"[{""status"":""inferred"",""type"":""extract_frame""},{""status"":""filename_inferred"",""type"":""retarget""}]",,,,missing,unverified,,
BVH-001032,rokoko_Lawyer_02_mixamo_01024_mirror,rokoko_Lawyer_02_mixamo_01024_mirror.bvh,rokoko:Lawyer_02,unknown,rokoko,,,,Lawyer 02,,,1024,unknown,,,mixamorig,"[{""status"":""inferred"",""type"":""extract_frame""},{""status"":""filename_inferred"",""type"":""retarget""},{""status"":""paired_member_present"",""type"":""mirror""}]",,,,missing,derived_mirror,,
BVH-001033,rokoko_Lawyer_02_mixamo_01095,rokoko_Lawyer_02_mixamo_01095.bvh,rokoko:Lawyer_02,unknown,rokoko,,,,Lawyer 02,,,1095,unknown,,,mixamorig,"[{""status"":""inferred"",""type"":""extract_frame""},{""status"":""filename_inferred"",""type"":""retarget""}]",,,,missing,unverified,,
BVH-001034,rokoko_Lawyer_02_mixamo_01095_mirror,rokoko_Lawyer_02_mixamo_01095_mirror.bvh,rokoko:Lawyer_02,unknown,rokoko,,,,Lawyer 02,,,1095,unknown,,,mixamorig,"[{""status"":""inferred"",""type"":""extract_frame""},{""status"":""filename_inferred"",""type"":""retarget""},{""status"":""paired_member_present"",""type"":""mirror""}]",,,,missing,derived_mirror,,
BVH-001035,rokoko_Lawyer_02_mixamo_01289,rokoko_Lawyer_02_mixamo_01289.bvh,rokoko:Lawyer_02,unknown,rokoko,,,,Lawyer 02,,,1289,unknown,,,mixamorig,"[{""status"":""inferred"",""type"":""extract_frame""},{""status"":""filename_inferred"",""type"":""retarget""}]",,,,missing,unverified,,
BVH-001036,rokoko_Lawyer_02_mixamo_01289_mirror,rokoko_Lawyer_02_mixamo_01289_mirror.bvh,rokoko:Lawyer_02,unknown,rokoko,,,,Lawyer 02,,,1289,unknown,,,mixamorig,"[{""status"":""inferred"",""type"":""extract_frame""},{""status"":""filename_inferred"",""type"":""retarget""},{""status"":""paired_member_present"",""type"":""mirror""}]",,,,missing,derived_mirror,,
BVH-001037,rokoko_MiddleFingers_mixamo_00519,rokoko_MiddleFingers_mixamo_00519.bvh,rokoko:MiddleFingers,unknown,rokoko,,,,Middle Fingers,,,519,unknown,,,mixamorig,"[{""status"":""inferred"",""type"":""extract_frame""},{""status"":""filename_inferred"",""type"":""retarget""}]",,,,missing,unverified,,
BVH-001038,rokoko_MiddleFingers_mixamo_00519_mirror,rokoko_MiddleFingers_mixamo_00519_mirror.bvh,rokoko:MiddleFingers,unknown,rokoko,,,,Middle Fingers,,,519,unknown,,,mixamorig,"[{""status"":""inferred"",""type"":""extract_frame""},{""status"":""filename_inferred"",""type"":""retarget""},{""status"":""paired_member_present"",""type"":""mirror""}]",,,,missing,derived_mirror,,
BVH-001039,rokoko_MiddleFingers_mixamo_00604,rokoko_MiddleFingers_mixamo_00604.bvh,rokoko:MiddleFingers,unknown,rokoko,,,,Middle Fingers,,,604,unknown,,,mixamorig,"[{""status"":""inferred"",""type"":""extract_frame""},{""status"":""filename_inferred"",""type"":""retarget""}]",,,,missing,unverified,,
BVH-001040,rokoko_MiddleFingers_mixamo_00604_mirror,rokoko_MiddleFingers_mixamo_00604_mirror.bvh,rokoko:MiddleFingers,unknown,rokoko,,,,Middle Fingers,,,604,unknown,,,mixamorig,"[{""status"":""inferred"",""type"":""extract_frame""},{""status"":""filename_inferred"",""type"":""retarget""},{""status"":""paired_member_present"",""type"":""mirror""}]",,,,missing,derived_mirror,,
BVH-001041,rokoko_MiddleFingers_mixamo_00633,rokoko_MiddleFingers_mixamo_00633.bvh,rokoko:MiddleFingers,unknown,rokoko,,,,Middle Fingers,,,633,unknown,,,mixamorig,"[{""status"":""inferred"",""type"":""extract_frame""},{""status"":""filename_inferred"",""type"":""retarget""}]",,,,missing,unverified,,
BVH-001042,rokoko_MiddleFingers_mixamo_00633_mirror,rokoko_MiddleFingers_mixamo_00633_mirror.bvh,rokoko:MiddleFingers,unknown,rokoko,,,,Middle Fingers,,,633,unknown,,,mixamorig,"[{""status"":""inferred"",""type"":""extract_frame""},{""status"":""filename_inferred"",""type"":""retarget""},{""status"":""paired_member_present"",""type"":""mirror""}]",,,,missing,derived_mirror,,
BVH-001043,rokoko_MiddleFingers_mixamo_00888,rokoko_MiddleFingers_mixamo_00888.bvh,rokoko:MiddleFingers,unknown,rokoko,,,,Middle Fingers,,,888,unknown,,,mixamorig,"[{""status"":""inferred"",""type"":""extract_frame""},{""status"":""filename_inferred"",""type"":""retarget""}]",,,,missing,unverified,,
BVH-001044,rokoko_MiddleFingers_mixamo_00888_mirror,rokoko_MiddleFingers_mixamo_00888_mirror.bvh,rokoko:MiddleFingers,unknown,rokoko,,,,Middle Fingers,,,888,unknown,,,mixamorig,"[{""status"":""inferred"",""type"":""extract_frame""},{""status"":""filename_inferred"",""type"":""retarget""},{""status"":""paired_member_present"",""type"":""mirror""}]",,,,missing,derived_mirror,,
BVH-001045,rokoko_MiddleFingers_mixamo_01058,rokoko_MiddleFingers_mixamo_01058.bvh,rokoko:MiddleFingers,unknown,rokoko,,,,Middle Fingers,,,1058,unknown,,,mixamorig,"[{""status"":""inferred"",""type"":""extract_frame""},{""status"":""filename_inferred"",""type"":""retarget""}]",,,,missing,unverified,,
BVH-001046,rokoko_MiddleFingers_mixamo_01058_mirror,rokoko_MiddleFingers_mixamo_01058_mirror.bvh,rokoko:MiddleFingers,unknown,rokoko,,,,Middle Fingers,,,1058,unknown,,,mixamorig,"[{""status"":""inferred"",""type"":""extract_frame""},{""status"":""filename_inferred"",""type"":""retarget""},{""status"":""paired_member_present"",""type"":""mirror""}]",,,,missing,derived_mirror,,
BVH-001047,rokoko_MiddleFingers_mixamo_01200,rokoko_MiddleFingers_mixamo_01200.bvh,rokoko:MiddleFingers,unknown,rokoko,,,,Middle Fingers,,,1200,unknown,,,mixamorig,"[{""status"":""inferred"",""type"":""extract_frame""},{""status"":""filename_inferred"",""type"":""retarget""}]",,,,missing,unverified,,
BVH-001048,rokoko_MiddleFingers_mixamo_01200_mirror,rokoko_MiddleFingers_mixamo_01200_mirror.bvh,rokoko:MiddleFingers,unknown,rokoko,,,,Middle Fingers,,,1200,unknown,,,mixamorig,"[{""status"":""inferred"",""type"":""extract_frame""},{""status"":""filename_inferred"",""type"":""retarget""},{""status"":""paired_member_present"",""type"":""mirror""}]",,,,missing,derived_mirror,,
BVH-001049,rokoko_Pistol_01_mixamo_00158,rokoko_Pistol_01_mixamo_00158.bvh,rokoko:Pistol_01,unknown,rokoko,,,,Pistol 01,,,158,unknown,,,mixamorig,"[{""status"":""inferred"",""type"":""extract_frame""},{""status"":""filename_inferred"",""type"":""retarget""}]",,,,missing,unverified,,
BVH-001050,rokoko_Pistol_01_mixamo_00158_mirror,rokoko_Pistol_01_mixamo_00158_mirror.bvh,rokoko:Pistol_01,unknown,rokoko,,,,Pistol 01,,,158,unknown,,,mixamorig,"[{""status"":""inferred"",""type"":""extract_frame""},{""status"":""filename_inferred"",""type"":""retarget""},{""status"":""paired_member_present"",""type"":""mirror""}]",,,,missing,derived_mirror,,
BVH-001051,rokoko_Pistol_01_mixamo_00201,rokoko_Pistol_01_mixamo_00201.bvh,rokoko:Pistol_01,unknown,rokoko,,,,Pistol 01,,,201,unknown,,,mixamorig,"[{""status"":""inferred"",""type"":""extract_frame""},{""status"":""filename_inferred"",""type"":""retarget""}]",,,,missing,unverified,,
BVH-001052,rokoko_Pistol_01_mixamo_00201_mirror,rokoko_Pistol_01_mixamo_00201_mirror.bvh,rokoko:Pistol_01,unknown,rokoko,,,,Pistol 01,,,201,unknown,,,mixamorig,"[{""status"":""inferred"",""type"":""extract_frame""},{""status"":""filename_inferred"",""type"":""retarget""},{""status"":""paired_member_present"",""type"":""mirror""}]",,,,missing,derived_mirror,,
BVH-001053,rokoko_Pistol_01_mixamo_00236,rokoko_Pistol_01_mixamo_00236.bvh,rokoko:Pistol_01,unknown,rokoko,,,,Pistol 01,,,236,unknown,,,mixamorig,"[{""status"":""inferred"",""type"":""extract_frame""},{""status"":""filename_inferred"",""type"":""retarget""}]",,,,missing,unverified,,
BVH-001054,rokoko_Pistol_01_mixamo_00236_mirror,rokoko_Pistol_01_mixamo_00236_mirror.bvh,rokoko:Pistol_01,unknown,rokoko,,,,Pistol 01,,,236,unknown,,,mixamorig,"[{""status"":""inferred"",""type"":""extract_frame""},{""status"":""filename_inferred"",""type"":""retarget""},{""status"":""paired_member_present"",""type"":""mirror""}]",,,,missing,derived_mirror,,
BVH-001055,rokoko_Pistol_01_mixamo_00289,rokoko_Pistol_01_mixamo_00289.bvh,rokoko:Pistol_01,unknown,rokoko,,,,Pistol 01,,,289,unknown,,,mixamorig,"[{""status"":""inferred"",""type"":""extract_frame""},{""status"":""filename_inferred"",""type"":""retarget""}]",,,,missing,unverified,,
BVH-001056,rokoko_Pistol_01_mixamo_00289_mirror,rokoko_Pistol_01_mixamo_00289_mirror.bvh,rokoko:Pistol_01,unknown,rokoko,,,,Pistol 01,,,289,unknown,,,mixamorig,"[{""status"":""inferred"",""type"":""extract_frame""},{""status"":""filename_inferred"",""type"":""retarget""},{""status"":""paired_member_present"",""type"":""mirror""}]",,,,missing,derived_mirror,,
BVH-001057,rokoko_Pistol_01_mixamo_00370,rokoko_Pistol_01_mixamo_00370.bvh,rokoko:Pistol_01,unknown,rokoko,,,,Pistol 01,,,370,unknown,,,mixamorig,"[{""status"":""inferred"",""type"":""extract_frame""},{""status"":""filename_inferred"",""type"":""retarget""}]",,,,missing,unverified,,
BVH-001058,rokoko_Pistol_01_mixamo_00370_mirror,rokoko_Pistol_01_mixamo_00370_mirror.bvh,rokoko:Pistol_01,unknown,rokoko,,,,Pistol 01,,,370,unknown,,,mixamorig,"[{""status"":""inferred"",""type"":""extract_frame""},{""status"":""filename_inferred"",""type"":""retarget""},{""status"":""paired_member_present"",""type"":""mirror""}]",,,,missing,derived_mirror,,
BVH-001059,rokoko_Pistol_01_mixamo_00455,rokoko_Pistol_01_mixamo_00455.bvh,rokoko:Pistol_01,unknown,rokoko,,,,Pistol 01,,,455,unknown,,,mixamorig,"[{""status"":""inferred"",""type"":""extract_frame""},{""status"":""filename_inferred"",""type"":""retarget""}]",,,,missing,unverified,,
BVH-001060,rokoko_Pistol_01_mixamo_00455_mirror,rokoko_Pistol_01_mixamo_00455_mirror.bvh,rokoko:Pistol_01,unknown,rokoko,,,,Pistol 01,,,455,unknown,,,mixamorig,"[{""status"":""inferred"",""type"":""extract_frame""},{""status"":""filename_inferred"",""type"":""retarget""},{""status"":""paired_member_present"",""type"":""mirror""}]",,,,missing,derived_mirror,,
BVH-001061,rokoko_Pistol_02_mixamo_00041,rokoko_Pistol_02_mixamo_00041.bvh,rokoko:Pistol_02,unknown,rokoko,,,,Pistol 02,,,41,unknown,,,mixamorig,"[{""status"":""inferred"",""type"":""extract_frame""},{""status"":""filename_inferred"",""type"":""retarget""}]",,,,missing,unverified,,
BVH-001062,rokoko_Pistol_02_mixamo_00041_mirror,rokoko_Pistol_02_mixamo_00041_mirror.bvh,rokoko:Pistol_02,unknown,rokoko,,,,Pistol 02,,,41,unknown,,,mixamorig,"[{""status"":""inferred"",""type"":""extract_frame""},{""status"":""filename_inferred"",""type"":""retarget""},{""status"":""paired_member_present"",""type"":""mirror""}]",,,,missing,derived_mirror,,
BVH-001063,rokoko_Pistol_02_mixamo_00083,rokoko_Pistol_02_mixamo_00083.bvh,rokoko:Pistol_02,unknown,rokoko,,,,Pistol 02,,,83,unknown,,,mixamorig,"[{""status"":""inferred"",""type"":""extract_frame""},{""status"":""filename_inferred"",""type"":""retarget""}]",,,,missing,unverified,,
BVH-001064,rokoko_Pistol_02_mixamo_00083_mirror,rokoko_Pistol_02_mixamo_00083_mirror.bvh,rokoko:Pistol_02,unknown,rokoko,,,,Pistol 02,,,83,unknown,,,mixamorig,"[{""status"":""inferred"",""type"":""extract_frame""},{""status"":""filename_inferred"",""type"":""retarget""},{""status"":""paired_member_present"",""type"":""mirror""}]",,,,missing,derived_mirror,,
BVH-001065,rokoko_Pistol_02_mixamo_00182,rokoko_Pistol_02_mixamo_00182.bvh,rokoko:Pistol_02,unknown,rokoko,,,,Pistol 02,,,182,unknown,,,mixamorig,"[{""status"":""inferred"",""type"":""extract_frame""},{""status"":""filename_inferred"",""type"":""retarget""}]",,,,missing,unverified,,
BVH-001066,rokoko_Pistol_02_mixamo_00182_mirror,rokoko_Pistol_02_mixamo_00182_mirror.bvh,rokoko:Pistol_02,unknown,rokoko,,,,Pistol 02,,,182,unknown,,,mixamorig,"[{""status"":""inferred"",""type"":""extract_frame""},{""status"":""filename_inferred"",""type"":""retarget""},{""status"":""paired_member_present"",""type"":""mirror""}]",,,,missing,derived_mirror,,
BVH-001067,rokoko_Pistol_02_mixamo_00216,rokoko_Pistol_02_mixamo_00216.bvh,rokoko:Pistol_02,unknown,rokoko,,,,Pistol 02,,,216,unknown,,,mixamorig,"[{""status"":""inferred"",""type"":""extract_frame""},{""status"":""filename_inferred"",""type"":""retarget""}]",,,,missing,unverified,,
BVH-001068,rokoko_Pistol_02_mixamo_00216_mirror,rokoko_Pistol_02_mixamo_00216_mirror.bvh,rokoko:Pistol_02,unknown,rokoko,,,,Pistol 02,,,216,unknown,,,mixamorig,"[{""status"":""inferred"",""type"":""extract_frame""},{""status"":""filename_inferred"",""type"":""retarget""},{""status"":""paired_member_present"",""type"":""mirror""}]",,,,missing,derived_mirror,,
BVH-001069,rokoko_Pistol_02_mixamo_00284,rokoko_Pistol_02_mixamo_00284.bvh,rokoko:Pistol_02,unknown,rokoko,,,,Pistol 02,,,284,unknown,,,mixamorig,"[{""status"":""inferred"",""type"":""extract_frame""},{""status"":""filename_inferred"",""type"":""retarget""}]",,,,missing,unverified,,
BVH-001070,rokoko_Pistol_02_mixamo_00284_mirror,rokoko_Pistol_02_mixamo_00284_mirror.bvh,rokoko:Pistol_02,unknown,rokoko,,,,Pistol 02,,,284,unknown,,,mixamorig,"[{""status"":""inferred"",""type"":""extract_frame""},{""status"":""filename_inferred"",""type"":""retarget""},{""status"":""paired_member_present"",""type"":""mirror""}]",,,,missing,derived_mirror,,
BVH-001071,rokoko_Pistol_02_mixamo_00436,rokoko_Pistol_02_mixamo_00436.bvh,rokoko:Pistol_02,unknown,rokoko,,,,Pistol 02,,,436,unknown,,,mixamorig,"[{""status"":""inferred"",""type"":""extract_frame""},{""status"":""filename_inferred"",""type"":""retarget""}]",,,,missing,unverified,,
BVH-001072,rokoko_Pistol_02_mixamo_00436_mirror,rokoko_Pistol_02_mixamo_00436_mirror.bvh,rokoko:Pistol_02,unknown,rokoko,,,,Pistol 02,,,436,unknown,,,mixamorig,"[{""status"":""inferred"",""type"":""extract_frame""},{""status"":""filename_inferred"",""type"":""retarget""},{""status"":""paired_member_present"",""type"":""mirror""}]",,,,missing,derived_mirror,,
BVH-001073,rokoko_Pistol_BehindCover_mixamo_00030,rokoko_Pistol_BehindCover_mixamo_00030.bvh,rokoko:Pistol_BehindCover,unknown,rokoko,,,,Pistol Behind Cover,,,30,unknown,,,mixamorig,"[{""status"":""inferred"",""type"":""extract_frame""},{""status"":""filename_inferred"",""type"":""retarget""}]",,,,missing,unverified,,
BVH-001074,rokoko_Pistol_BehindCover_mixamo_00030_mirror,rokoko_Pistol_BehindCover_mixamo_00030_mirror.bvh,rokoko:Pistol_BehindCover,unknown,rokoko,,,,Pistol Behind Cover,,,30,unknown,,,mixamorig,"[{""status"":""inferred"",""type"":""extract_frame""},{""status"":""filename_inferred"",""type"":""retarget""},{""status"":""paired_member_present"",""type"":""mirror""}]",,,,missing,derived_mirror,,
BVH-001075,rokoko_Pistol_BehindCover_mixamo_00053,rokoko_Pistol_BehindCover_mixamo_00053.bvh,rokoko:Pistol_BehindCover,unknown,rokoko,,,,Pistol Behind Cover,,,53,unknown,,,mixamorig,"[{""status"":""inferred"",""type"":""extract_frame""},{""status"":""filename_inferred"",""type"":""retarget""}]",,,,missing,unverified,,
BVH-001076,rokoko_Pistol_BehindCover_mixamo_00053_mirror,rokoko_Pistol_BehindCover_mixamo_00053_mirror.bvh,rokoko:Pistol_BehindCover,unknown,rokoko,,,,Pistol Behind Cover,,,53,unknown,,,mixamorig,"[{""status"":""inferred"",""type"":""extract_frame""},{""status"":""filename_inferred"",""type"":""retarget""},{""status"":""paired_member_present"",""type"":""mirror""}]",,,,missing,derived_mirror,,
BVH-001077,rokoko_Pistol_BehindCover_mixamo_00097,rokoko_Pistol_BehindCover_mixamo_00097.bvh,rokoko:Pistol_BehindCover,unknown,rokoko,,,,Pistol Behind Cover,,,97,unknown,,,mixamorig,"[{""status"":""inferred"",""type"":""extract_frame""},{""status"":""filename_inferred"",""type"":""retarget""}]",,,,missing,unverified,,
BVH-001078,rokoko_Pistol_BehindCover_mixamo_00097_mirror,rokoko_Pistol_BehindCover_mixamo_00097_mirror.bvh,rokoko:Pistol_BehindCover,unknown,rokoko,,,,Pistol Behind Cover,,,97,unknown,,,mixamorig,"[{""status"":""inferred"",""type"":""extract_frame""},{""status"":""filename_inferred"",""type"":""retarget""},{""status"":""paired_member_present"",""type"":""mirror""}]",,,,missing,derived_mirror,,
BVH-001079,rokoko_Pistol_BehindCover_mixamo_00312,rokoko_Pistol_BehindCover_mixamo_00312.bvh,rokoko:Pistol_BehindCover,unknown,rokoko,,,,Pistol Behind Cover,,,312,unknown,,,mixamorig,"[{""status"":""inferred"",""type"":""extract_frame""},{""status"":""filename_inferred"",""type"":""retarget""}]",,,,missing,unverified,,
BVH-001080,rokoko_Pistol_BehindCover_mixamo_00312_mirror,rokoko_Pistol_BehindCover_mixamo_00312_mirror.bvh,rokoko:Pistol_BehindCover,unknown,rokoko,,,,Pistol Behind Cover,,,312,unknown,,,mixamorig,"[{""status"":""inferred"",""type"":""extract_frame""},{""status"":""filename_inferred"",""type"":""retarget""},{""status"":""paired_member_present"",""type"":""mirror""}]",,,,missing,derived_mirror,,
BVH-001081,rokoko_Pistol_BehindCover_mixamo_00410,rokoko_Pistol_BehindCover_mixamo_00410.bvh,rokoko:Pistol_BehindCover,unknown,rokoko,,,,Pistol Behind Cover,,,410,unknown,,,mixamorig,"[{""status"":""inferred"",""type"":""extract_frame""},{""status"":""filename_inferred"",""type"":""retarget""}]",,,,missing,unverified,,
BVH-001082,rokoko_Pistol_BehindCover_mixamo_00410_mirror,rokoko_Pistol_BehindCover_mixamo_00410_mirror.bvh,rokoko:Pistol_BehindCover,unknown,rokoko,,,,Pistol Behind Cover,,,410,unknown,,,mixamorig,"[{""status"":""inferred"",""type"":""extract_frame""},{""status"":""filename_inferred"",""type"":""retarget""},{""status"":""paired_member_present"",""type"":""mirror""}]",,,,missing,derived_mirror,,
BVH-001083,rokoko_Pistol_BehindCover_mixamo_00474,rokoko_Pistol_BehindCover_mixamo_00474.bvh,rokoko:Pistol_BehindCover,unknown,rokoko,,,,Pistol Behind Cover,,,474,unknown,,,mixamorig,"[{""status"":""inferred"",""type"":""extract_frame""},{""status"":""filename_inferred"",""type"":""retarget""}]",,,,missing,unverified,,
BVH-001084,rokoko_Pistol_BehindCover_mixamo_00474_mirror,rokoko_Pistol_BehindCover_mixamo_00474_mirror.bvh,rokoko:Pistol_BehindCover,unknown,rokoko,,,,Pistol Behind Cover,,,474,unknown,,,mixamorig,"[{""status"":""inferred"",""type"":""extract_frame""},{""status"":""filename_inferred"",""type"":""retarget""},{""status"":""paired_member_present"",""type"":""mirror""}]",,,,missing,derived_mirror,,
BVH-001085,rokoko_PlayingDrums_mixamo_00470,rokoko_PlayingDrums_mixamo_00470.bvh,rokoko:PlayingDrums,unknown,rokoko,,,,Playing Drums,,,470,unknown,,,mixamorig,"[{""status"":""inferred"",""type"":""extract_frame""},{""status"":""filename_inferred"",""type"":""retarget""}]",,,,missing,unverified,,
BVH-001086,rokoko_PlayingDrums_mixamo_00470_mirror,rokoko_PlayingDrums_mixamo_00470_mirror.bvh,rokoko:PlayingDrums,unknown,rokoko,,,,Playing Drums,,,470,unknown,,,mixamorig,"[{""status"":""inferred"",""type"":""extract_frame""},{""status"":""filename_inferred"",""type"":""retarget""},{""status"":""paired_member_present"",""type"":""mirror""}]",,,,missing,derived_mirror,,
BVH-001087,rokoko_PlayingDrums_mixamo_00574,rokoko_PlayingDrums_mixamo_00574.bvh,rokoko:PlayingDrums,unknown,rokoko,,,,Playing Drums,,,574,unknown,,,mixamorig,"[{""status"":""inferred"",""type"":""extract_frame""},{""status"":""filename_inferred"",""type"":""retarget""}]",,,,missing,unverified,,
BVH-001088,rokoko_PlayingDrums_mixamo_00574_mirror,rokoko_PlayingDrums_mixamo_00574_mirror.bvh,rokoko:PlayingDrums,unknown,rokoko,,,,Playing Drums,,,574,unknown,,,mixamorig,"[{""status"":""inferred"",""type"":""extract_frame""},{""status"":""filename_inferred"",""type"":""retarget""},{""status"":""paired_member_present"",""type"":""mirror""}]",,,,missing,derived_mirror,,
BVH-001089,rokoko_PlayingDrums_mixamo_00622,rokoko_PlayingDrums_mixamo_00622.bvh,rokoko:PlayingDrums,unknown,rokoko,,,,Playing Drums,,,622,unknown,,,mixamorig,"[{""status"":""inferred"",""type"":""extract_frame""},{""status"":""filename_inferred"",""type"":""retarget""}]",,,,missing,unverified,,
BVH-001090,rokoko_PlayingDrums_mixamo_00622_mirror,rokoko_PlayingDrums_mixamo_00622_mirror.bvh,rokoko:PlayingDrums,unknown,rokoko,,,,Playing Drums,,,622,unknown,,,mixamorig,"[{""status"":""inferred"",""type"":""extract_frame""},{""status"":""filename_inferred"",""type"":""retarget""},{""status"":""paired_member_present"",""type"":""mirror""}]",,,,missing,derived_mirror,,
BVH-001091,rokoko_PlayingDrums_mixamo_00674,rokoko_PlayingDrums_mixamo_00674.bvh,rokoko:PlayingDrums,unknown,rokoko,,,,Playing Drums,,,674,unknown,,,mixamorig,"[{""status"":""inferred"",""type"":""extract_frame""},{""status"":""filename_inferred"",""type"":""retarget""}]",,,,missing,unverified,,
BVH-001092,rokoko_PlayingDrums_mixamo_00674_mirror,rokoko_PlayingDrums_mixamo_00674_mirror.bvh,rokoko:PlayingDrums,unknown,rokoko,,,,Playing Drums,,,674,unknown,,,mixamorig,"[{""status"":""inferred"",""type"":""extract_frame""},{""status"":""filename_inferred"",""type"":""retarget""},{""status"":""paired_member_present"",""type"":""mirror""}]",,,,missing,derived_mirror,,
BVH-001093,rokoko_PlayingDrums_mixamo_00684,rokoko_PlayingDrums_mixamo_00684.bvh,rokoko:PlayingDrums,unknown,rokoko,,,,Playing Drums,,,684,unknown,,,mixamorig,"[{""status"":""inferred"",""type"":""extract_frame""},{""status"":""filename_inferred"",""type"":""retarget""}]",,,,missing,unverified,,
BVH-001094,rokoko_PlayingDrums_mixamo_00684_mirror,rokoko_PlayingDrums_mixamo_00684_mirror.bvh,rokoko:PlayingDrums,unknown,rokoko,,,,Playing Drums,,,684,unknown,,,mixamorig,"[{""status"":""inferred"",""type"":""extract_frame""},{""status"":""filename_inferred"",""type"":""retarget""},{""status"":""paired_member_present"",""type"":""mirror""}]",,,,missing,derived_mirror,,
BVH-001095,rokoko_PlayingDrums_mixamo_00703,rokoko_PlayingDrums_mixamo_00703.bvh,rokoko:PlayingDrums,unknown,rokoko,,,,Playing Drums,,,703,unknown,,,mixamorig,"[{""status"":""inferred"",""type"":""extract_frame""},{""status"":""filename_inferred"",""type"":""retarget""}]",,,,missing,unverified,,
BVH-001096,rokoko_PlayingDrums_mixamo_00703_mirror,rokoko_PlayingDrums_mixamo_00703_mirror.bvh,rokoko:PlayingDrums,unknown,rokoko,,,,Playing Drums,,,703,unknown,,,mixamorig,"[{""status"":""inferred"",""type"":""extract_frame""},{""status"":""filename_inferred"",""type"":""retarget""},{""status"":""paired_member_present"",""type"":""mirror""}]",,,,missing,derived_mirror,,
BVH-001097,rokoko_PlayingGuitar_mixamo_00561,rokoko_PlayingGuitar_mixamo_00561.bvh,rokoko:PlayingGuitar,unknown,rokoko,,,,Playing Guitar,,,561,unknown,,,mixamorig,"[{""status"":""inferred"",""type"":""extract_frame""},{""status"":""filename_inferred"",""type"":""retarget""}]",,,,missing,unverified,,
BVH-001098,rokoko_PlayingGuitar_mixamo_00561_mirror,rokoko_PlayingGuitar_mixamo_00561_mirror.bvh,rokoko:PlayingGuitar,unknown,rokoko,,,,Playing Guitar,,,561,unknown,,,mixamorig,"[{""status"":""inferred"",""type"":""extract_frame""},{""status"":""filename_inferred"",""type"":""retarget""},{""status"":""paired_member_present"",""type"":""mirror""}]",,,,missing,derived_mirror,,
BVH-001099,rokoko_PlayingGuitar_mixamo_00584,rokoko_PlayingGuitar_mixamo_00584.bvh,rokoko:PlayingGuitar,unknown,rokoko,,,,Playing Guitar,,,584,unknown,,,mixamorig,"[{""status"":""inferred"",""type"":""extract_frame""},{""status"":""filename_inferred"",""type"":""retarget""}]",,,,missing,unverified,,
BVH-001100,rokoko_PlayingGuitar_mixamo_00584_mirror,rokoko_PlayingGuitar_mixamo_00584_mirror.bvh,rokoko:PlayingGuitar,unknown,rokoko,,,,Playing Guitar,,,584,unknown,,,mixamorig,"[{""status"":""inferred"",""type"":""extract_frame""},{""status"":""filename_inferred"",""type"":""retarget""},{""status"":""paired_member_present"",""type"":""mirror""}]",,,,missing,derived_mirror,,
BVH-001101,rokoko_PlayingGuitar_mixamo_00679,rokoko_PlayingGuitar_mixamo_00679.bvh,rokoko:PlayingGuitar,unknown,rokoko,,,,Playing Guitar,,,679,unknown,,,mixamorig,"[{""status"":""inferred"",""type"":""extract_frame""},{""status"":""filename_inferred"",""type"":""retarget""}]",,,,missing,unverified,,
BVH-001102,rokoko_PlayingGuitar_mixamo_00679_mirror,rokoko_PlayingGuitar_mixamo_00679_mirror.bvh,rokoko:PlayingGuitar,unknown,rokoko,,,,Playing Guitar,,,679,unknown,,,mixamorig,"[{""status"":""inferred"",""type"":""extract_frame""},{""status"":""filename_inferred"",""type"":""retarget""},{""status"":""paired_member_present"",""type"":""mirror""}]",,,,missing,derived_mirror,,
BVH-001103,rokoko_PlayingGuitar_mixamo_00773,rokoko_PlayingGuitar_mixamo_00773.bvh,rokoko:PlayingGuitar,unknown,rokoko,,,,Playing Guitar,,,773,unknown,,,mixamorig,"[{""status"":""inferred"",""type"":""extract_frame""},{""status"":""filename_inferred"",""type"":""retarget""}]",,,,missing,unverified,,
BVH-001104,rokoko_PlayingGuitar_mixamo_00773_mirror,rokoko_PlayingGuitar_mixamo_00773_mirror.bvh,rokoko:PlayingGuitar,unknown,rokoko,,,,Playing Guitar,,,773,unknown,,,mixamorig,"[{""status"":""inferred"",""type"":""extract_frame""},{""status"":""filename_inferred"",""type"":""retarget""},{""status"":""paired_member_present"",""type"":""mirror""}]",,,,missing,derived_mirror,,
BVH-001105,rokoko_PlayingGuitar_mixamo_00809,rokoko_PlayingGuitar_mixamo_00809.bvh,rokoko:PlayingGuitar,unknown,rokoko,,,,Playing Guitar,,,809,unknown,,,mixamorig,"[{""status"":""inferred"",""type"":""extract_frame""},{""status"":""filename_inferred"",""type"":""retarget""}]",,,,missing,unverified,,
BVH-001106,rokoko_PlayingGuitar_mixamo_00809_mirror,rokoko_PlayingGuitar_mixamo_00809_mirror.bvh,rokoko:PlayingGuitar,unknown,rokoko,,,,Playing Guitar,,,809,unknown,,,mixamorig,"[{""status"":""inferred"",""type"":""extract_frame""},{""status"":""filename_inferred"",""type"":""retarget""},{""status"":""paired_member_present"",""type"":""mirror""}]",,,,missing,derived_mirror,,
BVH-001107,rokoko_PlayingGuitar_mixamo_00880,rokoko_PlayingGuitar_mixamo_00880.bvh,rokoko:PlayingGuitar,unknown,rokoko,,,,Playing Guitar,,,880,unknown,,,mixamorig,"[{""status"":""inferred"",""type"":""extract_frame""},{""status"":""filename_inferred"",""type"":""retarget""}]",,,,missing,unverified,,
BVH-001108,rokoko_PlayingGuitar_mixamo_00880_mirror,rokoko_PlayingGuitar_mixamo_00880_mirror.bvh,rokoko:PlayingGuitar,unknown,rokoko,,,,Playing Guitar,,,880,unknown,,,mixamorig,"[{""status"":""inferred"",""type"":""extract_frame""},{""status"":""filename_inferred"",""type"":""retarget""},{""status"":""paired_member_present"",""type"":""mirror""}]",,,,missing,derived_mirror,,
BVH-001109,rokoko_PlayingPiano_mixamo_00473,rokoko_PlayingPiano_mixamo_00473.bvh,rokoko:PlayingPiano,unknown,rokoko,,,,Playing Piano,,,473,unknown,,,mixamorig,"[{""status"":""inferred"",""type"":""extract_frame""},{""status"":""filename_inferred"",""type"":""retarget""}]",,,,missing,unverified,,
BVH-001110,rokoko_PlayingPiano_mixamo_00473_mirror,rokoko_PlayingPiano_mixamo_00473_mirror.bvh,rokoko:PlayingPiano,unknown,rokoko,,,,Playing Piano,,,473,unknown,,,mixamorig,"[{""status"":""inferred"",""type"":""extract_frame""},{""status"":""filename_inferred"",""type"":""retarget""},{""status"":""paired_member_present"",""type"":""mirror""}]",,,,missing,derived_mirror,,
BVH-001111,rokoko_PlayingPiano_mixamo_00632,rokoko_PlayingPiano_mixamo_00632.bvh,rokoko:PlayingPiano,unknown,rokoko,,,,Playing Piano,,,632,unknown,,,mixamorig,"[{""status"":""inferred"",""type"":""extract_frame""},{""status"":""filename_inferred"",""type"":""retarget""}]",,,,missing,unverified,,
BVH-001112,rokoko_PlayingPiano_mixamo_00632_mirror,rokoko_PlayingPiano_mixamo_00632_mirror.bvh,rokoko:PlayingPiano,unknown,rokoko,,,,Playing Piano,,,632,unknown,,,mixamorig,"[{""status"":""inferred"",""type"":""extract_frame""},{""status"":""filename_inferred"",""type"":""retarget""},{""status"":""paired_member_present"",""type"":""mirror""}]",,,,missing,derived_mirror,,
BVH-001113,rokoko_PlayingPiano_mixamo_00804,rokoko_PlayingPiano_mixamo_00804.bvh,rokoko:PlayingPiano,unknown,rokoko,,,,Playing Piano,,,804,unknown,,,mixamorig,"[{""status"":""inferred"",""type"":""extract_frame""},{""status"":""filename_inferred"",""type"":""retarget""}]",,,,missing,unverified,,
BVH-001114,rokoko_PlayingPiano_mixamo_00804_mirror,rokoko_PlayingPiano_mixamo_00804_mirror.bvh,rokoko:PlayingPiano,unknown,rokoko,,,,Playing Piano,,,804,unknown,,,mixamorig,"[{""status"":""inferred"",""type"":""extract_frame""},{""status"":""filename_inferred"",""type"":""retarget""},{""status"":""paired_member_present"",""type"":""mirror""}]",,,,missing,derived_mirror,,
BVH-001115,rokoko_PlayingPiano_mixamo_00857,rokoko_PlayingPiano_mixamo_00857.bvh,rokoko:PlayingPiano,unknown,rokoko,,,,Playing Piano,,,857,unknown,,,mixamorig,"[{""status"":""inferred"",""type"":""extract_frame""},{""status"":""filename_inferred"",""type"":""retarget""}]",,,,missing,unverified,,
BVH-001116,rokoko_PlayingPiano_mixamo_00857_mirror,rokoko_PlayingPiano_mixamo_00857_mirror.bvh,rokoko:PlayingPiano,unknown,rokoko,,,,Playing Piano,,,857,unknown,,,mixamorig,"[{""status"":""inferred"",""type"":""extract_frame""},{""status"":""filename_inferred"",""type"":""retarget""},{""status"":""paired_member_present"",""type"":""mirror""}]",,,,missing,derived_mirror,,
BVH-001117,rokoko_PlayingSaxophone_mixamo_00087,rokoko_PlayingSaxophone_mixamo_00087.bvh,rokoko:PlayingSaxophone,unknown,rokoko,,,,Playing Saxophone,,,87,unknown,,,mixamorig,"[{""status"":""inferred"",""type"":""extract_frame""},{""status"":""filename_inferred"",""type"":""retarget""}]",,,,missing,unverified,,
BVH-001118,rokoko_PlayingSaxophone_mixamo_00087_mirror,rokoko_PlayingSaxophone_mixamo_00087_mirror.bvh,rokoko:PlayingSaxophone,unknown,rokoko,,,,Playing Saxophone,,,87,unknown,,,mixamorig,"[{""status"":""inferred"",""type"":""extract_frame""},{""status"":""filename_inferred"",""type"":""retarget""},{""status"":""paired_member_present"",""type"":""mirror""}]",,,,missing,derived_mirror,,
BVH-001119,rokoko_PlayingSaxophone_mixamo_00130,rokoko_PlayingSaxophone_mixamo_00130.bvh,rokoko:PlayingSaxophone,unknown,rokoko,,,,Playing Saxophone,,,130,unknown,,,mixamorig,"[{""status"":""inferred"",""type"":""extract_frame""},{""status"":""filename_inferred"",""type"":""retarget""}]",,,,missing,unverified,,
BVH-001120,rokoko_PlayingSaxophone_mixamo_00130_mirror,rokoko_PlayingSaxophone_mixamo_00130_mirror.bvh,rokoko:PlayingSaxophone,unknown,rokoko,,,,Playing Saxophone,,,130,unknown,,,mixamorig,"[{""status"":""inferred"",""type"":""extract_frame""},{""status"":""filename_inferred"",""type"":""retarget""},{""status"":""paired_member_present"",""type"":""mirror""}]",,,,missing,derived_mirror,,
BVH-001121,rokoko_PlayingSaxophone_mixamo_00428,rokoko_PlayingSaxophone_mixamo_00428.bvh,rokoko:PlayingSaxophone,unknown,rokoko,,,,Playing Saxophone,,,428,unknown,,,mixamorig,"[{""status"":""inferred"",""type"":""extract_frame""},{""status"":""filename_inferred"",""type"":""retarget""}]",,,,missing,unverified,,
BVH-001122,rokoko_PlayingSaxophone_mixamo_00428_mirror,rokoko_PlayingSaxophone_mixamo_00428_mirror.bvh,rokoko:PlayingSaxophone,unknown,rokoko,,,,Playing Saxophone,,,428,unknown,,,mixamorig,"[{""status"":""inferred"",""type"":""extract_frame""},{""status"":""filename_inferred"",""type"":""retarget""},{""status"":""paired_member_present"",""type"":""mirror""}]",,,,missing,derived_mirror,,
BVH-001123,rokoko_PlayingSaxophone_mixamo_00524,rokoko_PlayingSaxophone_mixamo_00524.bvh,rokoko:PlayingSaxophone,unknown,rokoko,,,,Playing Saxophone,,,524,unknown,,,mixamorig,"[{""status"":""inferred"",""type"":""extract_frame""},{""status"":""filename_inferred"",""type"":""retarget""}]",,,,missing,unverified,,
BVH-001124,rokoko_PlayingSaxophone_mixamo_00524_mirror,rokoko_PlayingSaxophone_mixamo_00524_mirror.bvh,rokoko:PlayingSaxophone,unknown,rokoko,,,,Playing Saxophone,,,524,unknown,,,mixamorig,"[{""status"":""inferred"",""type"":""extract_frame""},{""status"":""filename_inferred"",""type"":""retarget""},{""status"":""paired_member_present"",""type"":""mirror""}]",,,,missing,derived_mirror,,
BVH-001125,rokoko_PlayingSaxophone_mixamo_00539,rokoko_PlayingSaxophone_mixamo_00539.bvh,rokoko:PlayingSaxophone,unknown,rokoko,,,,Playing Saxophone,,,539,unknown,,,mixamorig,"[{""status"":""inferred"",""type"":""extract_frame""},{""status"":""filename_inferred"",""type"":""retarget""}]",,,,missing,unverified,,
BVH-001126,rokoko_PlayingSaxophone_mixamo_00539_mirror,rokoko_PlayingSaxophone_mixamo_00539_mirror.bvh,rokoko:PlayingSaxophone,unknown,rokoko,,,,Playing Saxophone,,,539,unknown,,,mixamorig,"[{""status"":""inferred"",""type"":""extract_frame""},{""status"":""filename_inferred"",""type"":""retarget""},{""status"":""paired_member_present"",""type"":""mirror""}]",,,,missing,derived_mirror,,
BVH-001127,rokoko_PlayingSaxophone_mixamo_00570,rokoko_PlayingSaxophone_mixamo_00570.bvh,rokoko:PlayingSaxophone,unknown,rokoko,,,,Playing Saxophone,,,570,unknown,,,mixamorig,"[{""status"":""inferred"",""type"":""extract_frame""},{""status"":""filename_inferred"",""type"":""retarget""}]",,,,missing,unverified,,
BVH-001128,rokoko_PlayingSaxophone_mixamo_00570_mirror,rokoko_PlayingSaxophone_mixamo_00570_mirror.bvh,rokoko:PlayingSaxophone,unknown,rokoko,,,,Playing Saxophone,,,570,unknown,,,mixamorig,"[{""status"":""inferred"",""type"":""extract_frame""},{""status"":""filename_inferred"",""type"":""retarget""},{""status"":""paired_member_present"",""type"":""mirror""}]",,,,missing,derived_mirror,,
BVH-001129,rokoko_PlayingTrumpet_mixamo_00218,rokoko_PlayingTrumpet_mixamo_00218.bvh,rokoko:PlayingTrumpet,unknown,rokoko,,,,Playing Trumpet,,,218,unknown,,,mixamorig,"[{""status"":""inferred"",""type"":""extract_frame""},{""status"":""filename_inferred"",""type"":""retarget""}]",,,,missing,unverified,,
BVH-001130,rokoko_PlayingTrumpet_mixamo_00218_mirror,rokoko_PlayingTrumpet_mixamo_00218_mirror.bvh,rokoko:PlayingTrumpet,unknown,rokoko,,,,Playing Trumpet,,,218,unknown,,,mixamorig,"[{""status"":""inferred"",""type"":""extract_frame""},{""status"":""filename_inferred"",""type"":""retarget""},{""status"":""paired_member_present"",""type"":""mirror""}]",,,,missing,derived_mirror,,
BVH-001131,rokoko_PlayingTrumpet_mixamo_00244,rokoko_PlayingTrumpet_mixamo_00244.bvh,rokoko:PlayingTrumpet,unknown,rokoko,,,,Playing Trumpet,,,244,unknown,,,mixamorig,"[{""status"":""inferred"",""type"":""extract_frame""},{""status"":""filename_inferred"",""type"":""retarget""}]",,,,missing,unverified,,
BVH-001132,rokoko_PlayingTrumpet_mixamo_00244_mirror,rokoko_PlayingTrumpet_mixamo_00244_mirror.bvh,rokoko:PlayingTrumpet,unknown,rokoko,,,,Playing Trumpet,,,244,unknown,,,mixamorig,"[{""status"":""inferred"",""type"":""extract_frame""},{""status"":""filename_inferred"",""type"":""retarget""},{""status"":""paired_member_present"",""type"":""mirror""}]",,,,missing,derived_mirror,,
BVH-001133,rokoko_PlayingTrumpet_mixamo_00561,rokoko_PlayingTrumpet_mixamo_00561.bvh,rokoko:PlayingTrumpet,unknown,rokoko,,,,Playing Trumpet,,,561,unknown,,,mixamorig,"[{""status"":""inferred"",""type"":""extract_frame""},{""status"":""filename_inferred"",""type"":""retarget""}]",,,,missing,unverified,,
BVH-001134,rokoko_PlayingTrumpet_mixamo_00561_mirror,rokoko_PlayingTrumpet_mixamo_00561_mirror.bvh,rokoko:PlayingTrumpet,unknown,rokoko,,,,Playing Trumpet,,,561,unknown,,,mixamorig,"[{""status"":""inferred"",""type"":""extract_frame""},{""status"":""filename_inferred"",""type"":""retarget""},{""status"":""paired_member_present"",""type"":""mirror""}]",,,,missing,derived_mirror,,
BVH-001135,rokoko_PlayingTrumpet_mixamo_00574,rokoko_PlayingTrumpet_mixamo_00574.bvh,rokoko:PlayingTrumpet,unknown,rokoko,,,,Playing Trumpet,,,574,unknown,,,mixamorig,"[{""status"":""inferred"",""type"":""extract_frame""},{""status"":""filename_inferred"",""type"":""retarget""}]",,,,missing,unverified,,
BVH-001136,rokoko_PlayingTrumpet_mixamo_00574_mirror,rokoko_PlayingTrumpet_mixamo_00574_mirror.bvh,rokoko:PlayingTrumpet,unknown,rokoko,,,,Playing Trumpet,,,574,unknown,,,mixamorig,"[{""status"":""inferred"",""type"":""extract_frame""},{""status"":""filename_inferred"",""type"":""retarget""},{""status"":""paired_member_present"",""type"":""mirror""}]",,,,missing,derived_mirror,,
BVH-001137,rokoko_PlayingTrumpet_mixamo_00608,rokoko_PlayingTrumpet_mixamo_00608.bvh,rokoko:PlayingTrumpet,unknown,rokoko,,,,Playing Trumpet,,,608,unknown,,,mixamorig,"[{""status"":""inferred"",""type"":""extract_frame""},{""status"":""filename_inferred"",""type"":""retarget""}]",,,,missing,unverified,,
BVH-001138,rokoko_PlayingTrumpet_mixamo_00608_mirror,rokoko_PlayingTrumpet_mixamo_00608_mirror.bvh,rokoko:PlayingTrumpet,unknown,rokoko,,,,Playing Trumpet,,,608,unknown,,,mixamorig,"[{""status"":""inferred"",""type"":""extract_frame""},{""status"":""filename_inferred"",""type"":""retarget""},{""status"":""paired_member_present"",""type"":""mirror""}]",,,,missing,derived_mirror,,
BVH-001139,rokoko_RescuingDeadFriend_mixamo_00342,rokoko_RescuingDeadFriend_mixamo_00342.bvh,rokoko:RescuingDeadFriend,unknown,rokoko,,,,Rescuing Dead Friend,,,342,unknown,,,mixamorig,"[{""status"":""inferred"",""type"":""extract_frame""},{""status"":""filename_inferred"",""type"":""retarget""}]",,,,missing,unverified,,
BVH-001140,rokoko_RescuingDeadFriend_mixamo_00342_mirror,rokoko_RescuingDeadFriend_mixamo_00342_mirror.bvh,rokoko:RescuingDeadFriend,unknown,rokoko,,,,Rescuing Dead Friend,,,342,unknown,,,mixamorig,"[{""status"":""inferred"",""type"":""extract_frame""},{""status"":""filename_inferred"",""type"":""retarget""},{""status"":""paired_member_present"",""type"":""mirror""}]",,,,missing,derived_mirror,,
BVH-001141,rokoko_RescuingDeadFriend_mixamo_00373,rokoko_RescuingDeadFriend_mixamo_00373.bvh,rokoko:RescuingDeadFriend,unknown,rokoko,,,,Rescuing Dead Friend,,,373,unknown,,,mixamorig,"[{""status"":""inferred"",""type"":""extract_frame""},{""status"":""filename_inferred"",""type"":""retarget""}]",,,,missing,unverified,,
BVH-001142,rokoko_RescuingDeadFriend_mixamo_00373_mirror,rokoko_RescuingDeadFriend_mixamo_00373_mirror.bvh,rokoko:RescuingDeadFriend,unknown,rokoko,,,,Rescuing Dead Friend,,,373,unknown,,,mixamorig,"[{""status"":""inferred"",""type"":""extract_frame""},{""status"":""filename_inferred"",""type"":""retarget""},{""status"":""paired_member_present"",""type"":""mirror""}]",,,,missing,derived_mirror,,
BVH-001143,rokoko_RescuingDeadFriend_mixamo_00404,rokoko_RescuingDeadFriend_mixamo_00404.bvh,rokoko:RescuingDeadFriend,unknown,rokoko,,,,Rescuing Dead Friend,,,404,unknown,,,mixamorig,"[{""status"":""inferred"",""type"":""extract_frame""},{""status"":""filename_inferred"",""type"":""retarget""}]",,,,missing,unverified,,
BVH-001144,rokoko_RescuingDeadFriend_mixamo_00404_mirror,rokoko_RescuingDeadFriend_mixamo_00404_mirror.bvh,rokoko:RescuingDeadFriend,unknown,rokoko,,,,Rescuing Dead Friend,,,404,unknown,,,mixamorig,"[{""status"":""inferred"",""type"":""extract_frame""},{""status"":""filename_inferred"",""type"":""retarget""},{""status"":""paired_member_present"",""type"":""mirror""}]",,,,missing,derived_mirror,,
BVH-001145,rokoko_RescuingDeadFriend_mixamo_00684,rokoko_RescuingDeadFriend_mixamo_00684.bvh,rokoko:RescuingDeadFriend,unknown,rokoko,,,,Rescuing Dead Friend,,,684,unknown,,,mixamorig,"[{""status"":""inferred"",""type"":""extract_frame""},{""status"":""filename_inferred"",""type"":""retarget""}]",,,,missing,unverified,,
BVH-001146,rokoko_RescuingDeadFriend_mixamo_00684_mirror,rokoko_RescuingDeadFriend_mixamo_00684_mirror.bvh,rokoko:RescuingDeadFriend,unknown,rokoko,,,,Rescuing Dead Friend,,,684,unknown,,,mixamorig,"[{""status"":""inferred"",""type"":""extract_frame""},{""status"":""filename_inferred"",""type"":""retarget""},{""status"":""paired_member_present"",""type"":""mirror""}]",,,,missing,derived_mirror,,
BVH-001147,rokoko_RescuingDeadFriend_mixamo_00721,rokoko_RescuingDeadFriend_mixamo_00721.bvh,rokoko:RescuingDeadFriend,unknown,rokoko,,,,Rescuing Dead Friend,,,721,unknown,,,mixamorig,"[{""status"":""inferred"",""type"":""extract_frame""},{""status"":""filename_inferred"",""type"":""retarget""}]",,,,missing,unverified,,
BVH-001148,rokoko_RescuingDeadFriend_mixamo_00721_mirror,rokoko_RescuingDeadFriend_mixamo_00721_mirror.bvh,rokoko:RescuingDeadFriend,unknown,rokoko,,,,Rescuing Dead Friend,,,721,unknown,,,mixamorig,"[{""status"":""inferred"",""type"":""extract_frame""},{""status"":""filename_inferred"",""type"":""retarget""},{""status"":""paired_member_present"",""type"":""mirror""}]",,,,missing,derived_mirror,,
BVH-001149,rokoko_RescuingDeadFriend_mixamo_00746,rokoko_RescuingDeadFriend_mixamo_00746.bvh,rokoko:RescuingDeadFriend,unknown,rokoko,,,,Rescuing Dead Friend,,,746,unknown,,,mixamorig,"[{""status"":""inferred"",""type"":""extract_frame""},{""status"":""filename_inferred"",""type"":""retarget""}]",,,,missing,unverified,,
BVH-001150,rokoko_RescuingDeadFriend_mixamo_00746_mirror,rokoko_RescuingDeadFriend_mixamo_00746_mirror.bvh,rokoko:RescuingDeadFriend,unknown,rokoko,,,,Rescuing Dead Friend,,,746,unknown,,,mixamorig,"[{""status"":""inferred"",""type"":""extract_frame""},{""status"":""filename_inferred"",""type"":""retarget""},{""status"":""paired_member_present"",""type"":""mirror""}]",,,,missing,derived_mirror,,
BVH-001151,rokoko_Shamwow_Guy_mixamo_00498,rokoko_Shamwow_Guy_mixamo_00498.bvh,rokoko:Shamwow_Guy,unknown,rokoko,,,,Shamwow Guy,,,498,unknown,,,mixamorig,"[{""status"":""inferred"",""type"":""extract_frame""},{""status"":""filename_inferred"",""type"":""retarget""}]",,,,missing,unverified,,
BVH-001152,rokoko_Shamwow_Guy_mixamo_00498_mirror,rokoko_Shamwow_Guy_mixamo_00498_mirror.bvh,rokoko:Shamwow_Guy,unknown,rokoko,,,,Shamwow Guy,,,498,unknown,,,mixamorig,"[{""status"":""inferred"",""type"":""extract_frame""},{""status"":""filename_inferred"",""type"":""retarget""},{""status"":""paired_member_present"",""type"":""mirror""}]",,,,missing,derived_mirror,,
BVH-001153,rokoko_Shamwow_Guy_mixamo_00714,rokoko_Shamwow_Guy_mixamo_00714.bvh,rokoko:Shamwow_Guy,unknown,rokoko,,,,Shamwow Guy,,,714,unknown,,,mixamorig,"[{""status"":""inferred"",""type"":""extract_frame""},{""status"":""filename_inferred"",""type"":""retarget""}]",,,,missing,unverified,,
BVH-001154,rokoko_Shamwow_Guy_mixamo_00714_mirror,rokoko_Shamwow_Guy_mixamo_00714_mirror.bvh,rokoko:Shamwow_Guy,unknown,rokoko,,,,Shamwow Guy,,,714,unknown,,,mixamorig,"[{""status"":""inferred"",""type"":""extract_frame""},{""status"":""filename_inferred"",""type"":""retarget""},{""status"":""paired_member_present"",""type"":""mirror""}]",,,,missing,derived_mirror,,
BVH-001155,rokoko_Shamwow_Guy_mixamo_00977,rokoko_Shamwow_Guy_mixamo_00977.bvh,rokoko:Shamwow_Guy,unknown,rokoko,,,,Shamwow Guy,,,977,unknown,,,mixamorig,"[{""status"":""inferred"",""type"":""extract_frame""},{""status"":""filename_inferred"",""type"":""retarget""}]",,,,missing,unverified,,
BVH-001156,rokoko_Shamwow_Guy_mixamo_00977_mirror,rokoko_Shamwow_Guy_mixamo_00977_mirror.bvh,rokoko:Shamwow_Guy,unknown,rokoko,,,,Shamwow Guy,,,977,unknown,,,mixamorig,"[{""status"":""inferred"",""type"":""extract_frame""},{""status"":""filename_inferred"",""type"":""retarget""},{""status"":""paired_member_present"",""type"":""mirror""}]",,,,missing,derived_mirror,,
BVH-001157,rokoko_Shamwow_Guy_mixamo_01335,rokoko_Shamwow_Guy_mixamo_01335.bvh,rokoko:Shamwow_Guy,unknown,rokoko,,,,Shamwow Guy,,,1335,unknown,,,mixamorig,"[{""status"":""inferred"",""type"":""extract_frame""},{""status"":""filename_inferred"",""type"":""retarget""}]",,,,missing,unverified,,
BVH-001158,rokoko_Shamwow_Guy_mixamo_01335_mirror,rokoko_Shamwow_Guy_mixamo_01335_mirror.bvh,rokoko:Shamwow_Guy,unknown,rokoko,,,,Shamwow Guy,,,1335,unknown,,,mixamorig,"[{""status"":""inferred"",""type"":""extract_frame""},{""status"":""filename_inferred"",""type"":""retarget""},{""status"":""paired_member_present"",""type"":""mirror""}]",,,,missing,derived_mirror,,
BVH-001159,rokoko_Shamwow_Guy_mixamo_01353,rokoko_Shamwow_Guy_mixamo_01353.bvh,rokoko:Shamwow_Guy,unknown,rokoko,,,,Shamwow Guy,,,1353,unknown,,,mixamorig,"[{""status"":""inferred"",""type"":""extract_frame""},{""status"":""filename_inferred"",""type"":""retarget""}]",,,,missing,unverified,,
BVH-001160,rokoko_Shamwow_Guy_mixamo_01353_mirror,rokoko_Shamwow_Guy_mixamo_01353_mirror.bvh,rokoko:Shamwow_Guy,unknown,rokoko,,,,Shamwow Guy,,,1353,unknown,,,mixamorig,"[{""status"":""inferred"",""type"":""extract_frame""},{""status"":""filename_inferred"",""type"":""retarget""},{""status"":""paired_member_present"",""type"":""mirror""}]",,,,missing,derived_mirror,,
BVH-001161,rokoko_Shamwow_Guy_mixamo_01372,rokoko_Shamwow_Guy_mixamo_01372.bvh,rokoko:Shamwow_Guy,unknown,rokoko,,,,Shamwow Guy,,,1372,unknown,,,mixamorig,"[{""status"":""inferred"",""type"":""extract_frame""},{""status"":""filename_inferred"",""type"":""retarget""}]",,,,missing,unverified,,
BVH-001162,rokoko_Shamwow_Guy_mixamo_01372_mirror,rokoko_Shamwow_Guy_mixamo_01372_mirror.bvh,rokoko:Shamwow_Guy,unknown,rokoko,,,,Shamwow Guy,,,1372,unknown,,,mixamorig,"[{""status"":""inferred"",""type"":""extract_frame""},{""status"":""filename_inferred"",""type"":""retarget""},{""status"":""paired_member_present"",""type"":""mirror""}]",,,,missing,derived_mirror,,
BVH-001163,rokoko_ShoulderShimmy_mixamo_00162,rokoko_ShoulderShimmy_mixamo_00162.bvh,rokoko:ShoulderShimmy,unknown,rokoko,,,,Shoulder Shimmy,,,162,unknown,,,mixamorig,"[{""status"":""inferred"",""type"":""extract_frame""},{""status"":""filename_inferred"",""type"":""retarget""}]",,,,missing,unverified,,
BVH-001164,rokoko_ShoulderShimmy_mixamo_00162_mirror,rokoko_ShoulderShimmy_mixamo_00162_mirror.bvh,rokoko:ShoulderShimmy,unknown,rokoko,,,,Shoulder Shimmy,,,162,unknown,,,mixamorig,"[{""status"":""inferred"",""type"":""extract_frame""},{""status"":""filename_inferred"",""type"":""retarget""},{""status"":""paired_member_present"",""type"":""mirror""}]",,,,missing,derived_mirror,,
BVH-001165,rokoko_ShoulderShimmy_mixamo_00477,rokoko_ShoulderShimmy_mixamo_00477.bvh,rokoko:ShoulderShimmy,unknown,rokoko,,,,Shoulder Shimmy,,,477,unknown,,,mixamorig,"[{""status"":""inferred"",""type"":""extract_frame""},{""status"":""filename_inferred"",""type"":""retarget""}]",,,,missing,unverified,,
BVH-001166,rokoko_ShoulderShimmy_mixamo_00477_mirror,rokoko_ShoulderShimmy_mixamo_00477_mirror.bvh,rokoko:ShoulderShimmy,unknown,rokoko,,,,Shoulder Shimmy,,,477,unknown,,,mixamorig,"[{""status"":""inferred"",""type"":""extract_frame""},{""status"":""filename_inferred"",""type"":""retarget""},{""status"":""paired_member_present"",""type"":""mirror""}]",,,,missing,derived_mirror,,
BVH-001167,rokoko_ShoulderShimmy_mixamo_00592,rokoko_ShoulderShimmy_mixamo_00592.bvh,rokoko:ShoulderShimmy,unknown,rokoko,,,,Shoulder Shimmy,,,592,unknown,,,mixamorig,"[{""status"":""inferred"",""type"":""extract_frame""},{""status"":""filename_inferred"",""type"":""retarget""}]",,,,missing,unverified,,
BVH-001168,rokoko_ShoulderShimmy_mixamo_00592_mirror,rokoko_ShoulderShimmy_mixamo_00592_mirror.bvh,rokoko:ShoulderShimmy,unknown,rokoko,,,,Shoulder Shimmy,,,592,unknown,,,mixamorig,"[{""status"":""inferred"",""type"":""extract_frame""},{""status"":""filename_inferred"",""type"":""retarget""},{""status"":""paired_member_present"",""type"":""mirror""}]",,,,missing,derived_mirror,,
BVH-001169,rokoko_ShoulderShimmy_mixamo_00659,rokoko_ShoulderShimmy_mixamo_00659.bvh,rokoko:ShoulderShimmy,unknown,rokoko,,,,Shoulder Shimmy,,,659,unknown,,,mixamorig,"[{""status"":""inferred"",""type"":""extract_frame""},{""status"":""filename_inferred"",""type"":""retarget""}]",,,,missing,unverified,,
BVH-001170,rokoko_ShoulderShimmy_mixamo_00659_mirror,rokoko_ShoulderShimmy_mixamo_00659_mirror.bvh,rokoko:ShoulderShimmy,unknown,rokoko,,,,Shoulder Shimmy,,,659,unknown,,,mixamorig,"[{""status"":""inferred"",""type"":""extract_frame""},{""status"":""filename_inferred"",""type"":""retarget""},{""status"":""paired_member_present"",""type"":""mirror""}]",,,,missing,derived_mirror,,
BVH-001171,rokoko_Shrugging_mixamo_00674,rokoko_Shrugging_mixamo_00674.bvh,rokoko:Shrugging,unknown,rokoko,,,,Shrugging,,,674,unknown,,,mixamorig,"[{""status"":""inferred"",""type"":""extract_frame""},{""status"":""filename_inferred"",""type"":""retarget""}]",,,,missing,unverified,,
BVH-001172,rokoko_Shrugging_mixamo_00674_mirror,rokoko_Shrugging_mixamo_00674_mirror.bvh,rokoko:Shrugging,unknown,rokoko,,,,Shrugging,,,674,unknown,,,mixamorig,"[{""status"":""inferred"",""type"":""extract_frame""},{""status"":""filename_inferred"",""type"":""retarget""},{""status"":""paired_member_present"",""type"":""mirror""}]",,,,missing,derived_mirror,,
BVH-001173,rokoko_Singer_mixamo_00867,rokoko_Singer_mixamo_00867.bvh,rokoko:Singer,unknown,rokoko,,,,Singer,,,867,unknown,,,mixamorig,"[{""status"":""inferred"",""type"":""extract_frame""},{""status"":""filename_inferred"",""type"":""retarget""}]",,,,missing,unverified,,
BVH-001174,rokoko_Singer_mixamo_00867_mirror,rokoko_Singer_mixamo_00867_mirror.bvh,rokoko:Singer,unknown,rokoko,,,,Singer,,,867,unknown,,,mixamorig,"[{""status"":""inferred"",""type"":""extract_frame""},{""status"":""filename_inferred"",""type"":""retarget""},{""status"":""paired_member_present"",""type"":""mirror""}]",,,,missing,derived_mirror,,
BVH-001175,rokoko_Singer_mixamo_01139,rokoko_Singer_mixamo_01139.bvh,rokoko:Singer,unknown,rokoko,,,,Singer,,,1139,unknown,,,mixamorig,"[{""status"":""inferred"",""type"":""extract_frame""},{""status"":""filename_inferred"",""type"":""retarget""}]",,,,missing,unverified,,
BVH-001176,rokoko_Singer_mixamo_01139_mirror,rokoko_Singer_mixamo_01139_mirror.bvh,rokoko:Singer,unknown,rokoko,,,,Singer,,,1139,unknown,,,mixamorig,"[{""status"":""inferred"",""type"":""extract_frame""},{""status"":""filename_inferred"",""type"":""retarget""},{""status"":""paired_member_present"",""type"":""mirror""}]",,,,missing,derived_mirror,,
BVH-001177,rokoko_Singer_mixamo_01301,rokoko_Singer_mixamo_01301.bvh,rokoko:Singer,unknown,rokoko,,,,Singer,,,1301,unknown,,,mixamorig,"[{""status"":""inferred"",""type"":""extract_frame""},{""status"":""filename_inferred"",""type"":""retarget""}]",,,,missing,unverified,,
BVH-001178,rokoko_Singer_mixamo_01301_mirror,rokoko_Singer_mixamo_01301_mirror.bvh,rokoko:Singer,unknown,rokoko,,,,Singer,,,1301,unknown,,,mixamorig,"[{""status"":""inferred"",""type"":""extract_frame""},{""status"":""filename_inferred"",""type"":""retarget""},{""status"":""paired_member_present"",""type"":""mirror""}]",,,,missing,derived_mirror,,
BVH-001179,rokoko_Singer_mixamo_01331,rokoko_Singer_mixamo_01331.bvh,rokoko:Singer,unknown,rokoko,,,,Singer,,,1331,unknown,,,mixamorig,"[{""status"":""inferred"",""type"":""extract_frame""},{""status"":""filename_inferred"",""type"":""retarget""}]",,,,missing,unverified,,
BVH-001180,rokoko_Singer_mixamo_01331_mirror,rokoko_Singer_mixamo_01331_mirror.bvh,rokoko:Singer,unknown,rokoko,,,,Singer,,,1331,unknown,,,mixamorig,"[{""status"":""inferred"",""type"":""extract_frame""},{""status"":""filename_inferred"",""type"":""retarget""},{""status"":""paired_member_present"",""type"":""mirror""}]",,,,missing,derived_mirror,,
BVH-001181,rokoko_Singer_mixamo_01381,rokoko_Singer_mixamo_01381.bvh,rokoko:Singer,unknown,rokoko,,,,Singer,,,1381,unknown,,,mixamorig,"[{""status"":""inferred"",""type"":""extract_frame""},{""status"":""filename_inferred"",""type"":""retarget""}]",,,,missing,unverified,,
BVH-001182,rokoko_Singer_mixamo_01381_mirror,rokoko_Singer_mixamo_01381_mirror.bvh,rokoko:Singer,unknown,rokoko,,,,Singer,,,1381,unknown,,,mixamorig,"[{""status"":""inferred"",""type"":""extract_frame""},{""status"":""filename_inferred"",""type"":""retarget""},{""status"":""paired_member_present"",""type"":""mirror""}]",,,,missing,derived_mirror,,
BVH-001183,rokoko_Singer_mixamo_01432,rokoko_Singer_mixamo_01432.bvh,rokoko:Singer,unknown,rokoko,,,,Singer,,,1432,unknown,,,mixamorig,"[{""status"":""inferred"",""type"":""extract_frame""},{""status"":""filename_inferred"",""type"":""retarget""}]",,,,missing,unverified,,
BVH-001184,rokoko_Singer_mixamo_01432_mirror,rokoko_Singer_mixamo_01432_mirror.bvh,rokoko:Singer,unknown,rokoko,,,,Singer,,,1432,unknown,,,mixamorig,"[{""status"":""inferred"",""type"":""extract_frame""},{""status"":""filename_inferred"",""type"":""retarget""},{""status"":""paired_member_present"",""type"":""mirror""}]",,,,missing,derived_mirror,,
BVH-001185,rokoko_SitDown_UseLaptop_mixamo_00108,rokoko_SitDown_UseLaptop_mixamo_00108.bvh,rokoko:SitDown_UseLaptop,unknown,rokoko,,,,Sit Down Use Laptop,,,108,unknown,,,mixamorig,"[{""status"":""inferred"",""type"":""extract_frame""},{""status"":""filename_inferred"",""type"":""retarget""}]",,,,missing,unverified,,
BVH-001186,rokoko_SitDown_UseLaptop_mixamo_00108_mirror,rokoko_SitDown_UseLaptop_mixamo_00108_mirror.bvh,rokoko:SitDown_UseLaptop,unknown,rokoko,,,,Sit Down Use Laptop,,,108,unknown,,,mixamorig,"[{""status"":""inferred"",""type"":""extract_frame""},{""status"":""filename_inferred"",""type"":""retarget""},{""status"":""paired_member_present"",""type"":""mirror""}]",,,,missing,derived_mirror,,
BVH-001187,rokoko_SitDown_UseLaptop_mixamo_00149,rokoko_SitDown_UseLaptop_mixamo_00149.bvh,rokoko:SitDown_UseLaptop,unknown,rokoko,,,,Sit Down Use Laptop,,,149,unknown,,,mixamorig,"[{""status"":""inferred"",""type"":""extract_frame""},{""status"":""filename_inferred"",""type"":""retarget""}]",,,,missing,unverified,,
BVH-001188,rokoko_SitDown_UseLaptop_mixamo_00149_mirror,rokoko_SitDown_UseLaptop_mixamo_00149_mirror.bvh,rokoko:SitDown_UseLaptop,unknown,rokoko,,,,Sit Down Use Laptop,,,149,unknown,,,mixamorig,"[{""status"":""inferred"",""type"":""extract_frame""},{""status"":""filename_inferred"",""type"":""retarget""},{""status"":""paired_member_present"",""type"":""mirror""}]",,,,missing,derived_mirror,,
BVH-001189,rokoko_SitDown_UseLaptop_mixamo_00857,rokoko_SitDown_UseLaptop_mixamo_00857.bvh,rokoko:SitDown_UseLaptop,unknown,rokoko,,,,Sit Down Use Laptop,,,857,unknown,,,mixamorig,"[{""status"":""inferred"",""type"":""extract_frame""},{""status"":""filename_inferred"",""type"":""retarget""}]",,,,missing,unverified,,
BVH-001190,rokoko_SitDown_UseLaptop_mixamo_00857_mirror,rokoko_SitDown_UseLaptop_mixamo_00857_mirror.bvh,rokoko:SitDown_UseLaptop,unknown,rokoko,,,,Sit Down Use Laptop,,,857,unknown,,,mixamorig,"[{""status"":""inferred"",""type"":""extract_frame""},{""status"":""filename_inferred"",""type"":""retarget""},{""status"":""paired_member_present"",""type"":""mirror""}]",,,,missing,derived_mirror,,
BVH-001191,rokoko_SitDown_UseLaptop_mixamo_00905,rokoko_SitDown_UseLaptop_mixamo_00905.bvh,rokoko:SitDown_UseLaptop,unknown,rokoko,,,,Sit Down Use Laptop,,,905,unknown,,,mixamorig,"[{""status"":""inferred"",""type"":""extract_frame""},{""status"":""filename_inferred"",""type"":""retarget""}]",,,,missing,unverified,,
BVH-001192,rokoko_SitDown_UseLaptop_mixamo_00905_mirror,rokoko_SitDown_UseLaptop_mixamo_00905_mirror.bvh,rokoko:SitDown_UseLaptop,unknown,rokoko,,,,Sit Down Use Laptop,,,905,unknown,,,mixamorig,"[{""status"":""inferred"",""type"":""extract_frame""},{""status"":""filename_inferred"",""type"":""retarget""},{""status"":""paired_member_present"",""type"":""mirror""}]",,,,missing,derived_mirror,,
BVH-001193,rokoko_SitDown_UseLaptop_mixamo_00918,rokoko_SitDown_UseLaptop_mixamo_00918.bvh,rokoko:SitDown_UseLaptop,unknown,rokoko,,,,Sit Down Use Laptop,,,918,unknown,,,mixamorig,"[{""status"":""inferred"",""type"":""extract_frame""},{""status"":""filename_inferred"",""type"":""retarget""}]",,,,missing,unverified,,
BVH-001194,rokoko_SitDown_UseLaptop_mixamo_00918_mirror,rokoko_SitDown_UseLaptop_mixamo_00918_mirror.bvh,rokoko:SitDown_UseLaptop,unknown,rokoko,,,,Sit Down Use Laptop,,,918,unknown,,,mixamorig,"[{""status"":""inferred"",""type"":""extract_frame""},{""status"":""filename_inferred"",""type"":""retarget""},{""status"":""paired_member_present"",""type"":""mirror""}]",,,,missing,derived_mirror,,
BVH-001195,rokoko_SitcomCameraLooks_mixamo_00090,rokoko_SitcomCameraLooks_mixamo_00090.bvh,rokoko:SitcomCameraLooks,unknown,rokoko,,,,Sitcom Camera Looks,,,90,unknown,,,mixamorig,"[{""status"":""inferred"",""type"":""extract_frame""},{""status"":""filename_inferred"",""type"":""retarget""}]",,,,missing,unverified,,
BVH-001196,rokoko_SitcomCameraLooks_mixamo_00090_mirror,rokoko_SitcomCameraLooks_mixamo_00090_mirror.bvh,rokoko:SitcomCameraLooks,unknown,rokoko,,,,Sitcom Camera Looks,,,90,unknown,,,mixamorig,"[{""status"":""inferred"",""type"":""extract_frame""},{""status"":""filename_inferred"",""type"":""retarget""},{""status"":""paired_member_present"",""type"":""mirror""}]",,,,missing,derived_mirror,,
BVH-001197,rokoko_SitcomCameraLooks_mixamo_00342,rokoko_SitcomCameraLooks_mixamo_00342.bvh,rokoko:SitcomCameraLooks,unknown,rokoko,,,,Sitcom Camera Looks,,,342,unknown,,,mixamorig,"[{""status"":""inferred"",""type"":""extract_frame""},{""status"":""filename_inferred"",""type"":""retarget""}]",,,,missing,unverified,,
BVH-001198,rokoko_SitcomCameraLooks_mixamo_00342_mirror,rokoko_SitcomCameraLooks_mixamo_00342_mirror.bvh,rokoko:SitcomCameraLooks,unknown,rokoko,,,,Sitcom Camera Looks,,,342,unknown,,,mixamorig,"[{""status"":""inferred"",""type"":""extract_frame""},{""status"":""filename_inferred"",""type"":""retarget""},{""status"":""paired_member_present"",""type"":""mirror""}]",,,,missing,derived_mirror,,
BVH-001199,rokoko_SitcomCameraLooks_mixamo_00484,rokoko_SitcomCameraLooks_mixamo_00484.bvh,rokoko:SitcomCameraLooks,unknown,rokoko,,,,Sitcom Camera Looks,,,484,unknown,,,mixamorig,"[{""status"":""inferred"",""type"":""extract_frame""},{""status"":""filename_inferred"",""type"":""retarget""}]",,,,missing,unverified,,
BVH-001200,rokoko_SitcomCameraLooks_mixamo_00484_mirror,rokoko_SitcomCameraLooks_mixamo_00484_mirror.bvh,rokoko:SitcomCameraLooks,unknown,rokoko,,,,Sitcom Camera Looks,,,484,unknown,,,mixamorig,"[{""status"":""inferred"",""type"":""extract_frame""},{""status"":""filename_inferred"",""type"":""retarget""},{""status"":""paired_member_present"",""type"":""mirror""}]",,,,missing,derived_mirror,,
BVH-001201,rokoko_SitcomCameraLooks_mixamo_00706,rokoko_SitcomCameraLooks_mixamo_00706.bvh,rokoko:SitcomCameraLooks,unknown,rokoko,,,,Sitcom Camera Looks,,,706,unknown,,,mixamorig,"[{""status"":""inferred"",""type"":""extract_frame""},{""status"":""filename_inferred"",""type"":""retarget""}]",,,,missing,unverified,,
BVH-001202,rokoko_SitcomCameraLooks_mixamo_00706_mirror,rokoko_SitcomCameraLooks_mixamo_00706_mirror.bvh,rokoko:SitcomCameraLooks,unknown,rokoko,,,,Sitcom Camera Looks,,,706,unknown,,,mixamorig,"[{""status"":""inferred"",""type"":""extract_frame""},{""status"":""filename_inferred"",""type"":""retarget""},{""status"":""paired_member_present"",""type"":""mirror""}]",,,,missing,derived_mirror,,
BVH-001203,rokoko_SitcomCameraLooks_mixamo_01270,rokoko_SitcomCameraLooks_mixamo_01270.bvh,rokoko:SitcomCameraLooks,unknown,rokoko,,,,Sitcom Camera Looks,,,1270,unknown,,,mixamorig,"[{""status"":""inferred"",""type"":""extract_frame""},{""status"":""filename_inferred"",""type"":""retarget""}]",,,,missing,unverified,,
BVH-001204,rokoko_SitcomCameraLooks_mixamo_01270_mirror,rokoko_SitcomCameraLooks_mixamo_01270_mirror.bvh,rokoko:SitcomCameraLooks,unknown,rokoko,,,,Sitcom Camera Looks,,,1270,unknown,,,mixamorig,"[{""status"":""inferred"",""type"":""extract_frame""},{""status"":""filename_inferred"",""type"":""retarget""},{""status"":""paired_member_present"",""type"":""mirror""}]",,,,missing,derived_mirror,,
BVH-001205,rokoko_SitcomIntroShots_mixamo_00114,rokoko_SitcomIntroShots_mixamo_00114.bvh,rokoko:SitcomIntroShots,unknown,rokoko,,,,Sitcom Intro Shots,,,114,unknown,,,mixamorig,"[{""status"":""inferred"",""type"":""extract_frame""},{""status"":""filename_inferred"",""type"":""retarget""}]",,,,missing,unverified,,
BVH-001206,rokoko_SitcomIntroShots_mixamo_00114_mirror,rokoko_SitcomIntroShots_mixamo_00114_mirror.bvh,rokoko:SitcomIntroShots,unknown,rokoko,,,,Sitcom Intro Shots,,,114,unknown,,,mixamorig,"[{""status"":""inferred"",""type"":""extract_frame""},{""status"":""filename_inferred"",""type"":""retarget""},{""status"":""paired_member_present"",""type"":""mirror""}]",,,,missing,derived_mirror,,
BVH-001207,rokoko_SitcomIntroShots_mixamo_00522,rokoko_SitcomIntroShots_mixamo_00522.bvh,rokoko:SitcomIntroShots,unknown,rokoko,,,,Sitcom Intro Shots,,,522,unknown,,,mixamorig,"[{""status"":""inferred"",""type"":""extract_frame""},{""status"":""filename_inferred"",""type"":""retarget""}]",,,,missing,unverified,,
BVH-001208,rokoko_SitcomIntroShots_mixamo_00522_mirror,rokoko_SitcomIntroShots_mixamo_00522_mirror.bvh,rokoko:SitcomIntroShots,unknown,rokoko,,,,Sitcom Intro Shots,,,522,unknown,,,mixamorig,"[{""status"":""inferred"",""type"":""extract_frame""},{""status"":""filename_inferred"",""type"":""retarget""},{""status"":""paired_member_present"",""type"":""mirror""}]",,,,missing,derived_mirror,,
BVH-001209,rokoko_SitcomIntroShots_mixamo_00710,rokoko_SitcomIntroShots_mixamo_00710.bvh,rokoko:SitcomIntroShots,unknown,rokoko,,,,Sitcom Intro Shots,,,710,unknown,,,mixamorig,"[{""status"":""inferred"",""type"":""extract_frame""},{""status"":""filename_inferred"",""type"":""retarget""}]",,,,missing,unverified,,
BVH-001210,rokoko_SitcomIntroShots_mixamo_00710_mirror,rokoko_SitcomIntroShots_mixamo_00710_mirror.bvh,rokoko:SitcomIntroShots,unknown,rokoko,,,,Sitcom Intro Shots,,,710,unknown,,,mixamorig,"[{""status"":""inferred"",""type"":""extract_frame""},{""status"":""filename_inferred"",""type"":""retarget""},{""status"":""paired_member_present"",""type"":""mirror""}]",,,,missing,derived_mirror,,
BVH-001211,rokoko_SitcomIntroShots_mixamo_00971,rokoko_SitcomIntroShots_mixamo_00971.bvh,rokoko:SitcomIntroShots,unknown,rokoko,,,,Sitcom Intro Shots,,,971,unknown,,,mixamorig,"[{""status"":""inferred"",""type"":""extract_frame""},{""status"":""filename_inferred"",""type"":""retarget""}]",,,,missing,unverified,,
BVH-001212,rokoko_SitcomIntroShots_mixamo_00971_mirror,rokoko_SitcomIntroShots_mixamo_00971_mirror.bvh,rokoko:SitcomIntroShots,unknown,rokoko,,,,Sitcom Intro Shots,,,971,unknown,,,mixamorig,"[{""status"":""inferred"",""type"":""extract_frame""},{""status"":""filename_inferred"",""type"":""retarget""},{""status"":""paired_member_present"",""type"":""mirror""}]",,,,missing,derived_mirror,,
BVH-001213,rokoko_SitcomIntroShots_mixamo_01556,rokoko_SitcomIntroShots_mixamo_01556.bvh,rokoko:SitcomIntroShots,unknown,rokoko,,,,Sitcom Intro Shots,,,1556,unknown,,,mixamorig,"[{""status"":""inferred"",""type"":""extract_frame""},{""status"":""filename_inferred"",""type"":""retarget""}]",,,,missing,unverified,,
BVH-001214,rokoko_SitcomIntroShots_mixamo_01556_mirror,rokoko_SitcomIntroShots_mixamo_01556_mirror.bvh,rokoko:SitcomIntroShots,unknown,rokoko,,,,Sitcom Intro Shots,,,1556,unknown,,,mixamorig,"[{""status"":""inferred"",""type"":""extract_frame""},{""status"":""filename_inferred"",""type"":""retarget""},{""status"":""paired_member_present"",""type"":""mirror""}]",,,,missing,derived_mirror,,
BVH-001215,rokoko_StandUpComedian_mixamo_00824,rokoko_StandUpComedian_mixamo_00824.bvh,rokoko:StandUpComedian,unknown,rokoko,,,,Stand Up Comedian,,,824,unknown,,,mixamorig,"[{""status"":""inferred"",""type"":""extract_frame""},{""status"":""filename_inferred"",""type"":""retarget""}]",,,,missing,unverified,,
BVH-001216,rokoko_StandUpComedian_mixamo_00824_mirror,rokoko_StandUpComedian_mixamo_00824_mirror.bvh,rokoko:StandUpComedian,unknown,rokoko,,,,Stand Up Comedian,,,824,unknown,,,mixamorig,"[{""status"":""inferred"",""type"":""extract_frame""},{""status"":""filename_inferred"",""type"":""retarget""},{""status"":""paired_member_present"",""type"":""mirror""}]",,,,missing,derived_mirror,,
BVH-001217,rokoko_StandUpComedian_mixamo_00979,rokoko_StandUpComedian_mixamo_00979.bvh,rokoko:StandUpComedian,unknown,rokoko,,,,Stand Up Comedian,,,979,unknown,,,mixamorig,"[{""status"":""inferred"",""type"":""extract_frame""},{""status"":""filename_inferred"",""type"":""retarget""}]",,,,missing,unverified,,
BVH-001218,rokoko_StandUpComedian_mixamo_00979_mirror,rokoko_StandUpComedian_mixamo_00979_mirror.bvh,rokoko:StandUpComedian,unknown,rokoko,,,,Stand Up Comedian,,,979,unknown,,,mixamorig,"[{""status"":""inferred"",""type"":""extract_frame""},{""status"":""filename_inferred"",""type"":""retarget""},{""status"":""paired_member_present"",""type"":""mirror""}]",,,,missing,derived_mirror,,
BVH-001219,rokoko_StandUpComedian_mixamo_01044,rokoko_StandUpComedian_mixamo_01044.bvh,rokoko:StandUpComedian,unknown,rokoko,,,,Stand Up Comedian,,,1044,unknown,,,mixamorig,"[{""status"":""inferred"",""type"":""extract_frame""},{""status"":""filename_inferred"",""type"":""retarget""}]",,,,missing,unverified,,
BVH-001220,rokoko_StandUpComedian_mixamo_01044_mirror,rokoko_StandUpComedian_mixamo_01044_mirror.bvh,rokoko:StandUpComedian,unknown,rokoko,,,,Stand Up Comedian,,,1044,unknown,,,mixamorig,"[{""status"":""inferred"",""type"":""extract_frame""},{""status"":""filename_inferred"",""type"":""retarget""},{""status"":""paired_member_present"",""type"":""mirror""}]",,,,missing,derived_mirror,,
BVH-001221,rokoko_StandUpComedian_mixamo_01158,rokoko_StandUpComedian_mixamo_01158.bvh,rokoko:StandUpComedian,unknown,rokoko,,,,Stand Up Comedian,,,1158,unknown,,,mixamorig,"[{""status"":""inferred"",""type"":""extract_frame""},{""status"":""filename_inferred"",""type"":""retarget""}]",,,,missing,unverified,,
BVH-001222,rokoko_StandUpComedian_mixamo_01158_mirror,rokoko_StandUpComedian_mixamo_01158_mirror.bvh,rokoko:StandUpComedian,unknown,rokoko,,,,Stand Up Comedian,,,1158,unknown,,,mixamorig,"[{""status"":""inferred"",""type"":""extract_frame""},{""status"":""filename_inferred"",""type"":""retarget""},{""status"":""paired_member_present"",""type"":""mirror""}]",,,,missing,derived_mirror,,
BVH-001223,rokoko_StandUpComedian_mixamo_01167,rokoko_StandUpComedian_mixamo_01167.bvh,rokoko:StandUpComedian,unknown,rokoko,,,,Stand Up Comedian,,,1167,unknown,,,mixamorig,"[{""status"":""inferred"",""type"":""extract_frame""},{""status"":""filename_inferred"",""type"":""retarget""}]",,,,missing,unverified,,
BVH-001224,rokoko_StandUpComedian_mixamo_01167_mirror,rokoko_StandUpComedian_mixamo_01167_mirror.bvh,rokoko:StandUpComedian,unknown,rokoko,,,,Stand Up Comedian,,,1167,unknown,,,mixamorig,"[{""status"":""inferred"",""type"":""extract_frame""},{""status"":""filename_inferred"",""type"":""retarget""},{""status"":""paired_member_present"",""type"":""mirror""}]",,,,missing,derived_mirror,,
BVH-001225,rokoko_StomacheIssue_mixamo_00284,rokoko_StomacheIssue_mixamo_00284.bvh,rokoko:StomacheIssue,unknown,rokoko,,,,Stomache Issue,,,284,unknown,,,mixamorig,"[{""status"":""inferred"",""type"":""extract_frame""},{""status"":""filename_inferred"",""type"":""retarget""}]",,,,missing,unverified,,
BVH-001226,rokoko_StomacheIssue_mixamo_00284_mirror,rokoko_StomacheIssue_mixamo_00284_mirror.bvh,rokoko:StomacheIssue,unknown,rokoko,,,,Stomache Issue,,,284,unknown,,,mixamorig,"[{""status"":""inferred"",""type"":""extract_frame""},{""status"":""filename_inferred"",""type"":""retarget""},{""status"":""paired_member_present"",""type"":""mirror""}]",,,,missing,derived_mirror,,
BVH-001227,rokoko_StomacheIssue_mixamo_00289,rokoko_StomacheIssue_mixamo_00289.bvh,rokoko:StomacheIssue,unknown,rokoko,,,,Stomache Issue,,,289,unknown,,,mixamorig,"[{""status"":""inferred"",""type"":""extract_frame""},{""status"":""filename_inferred"",""type"":""retarget""}]",,,,missing,unverified,,
BVH-001228,rokoko_StomacheIssue_mixamo_00289_mirror,rokoko_StomacheIssue_mixamo_00289_mirror.bvh,rokoko:StomacheIssue,unknown,rokoko,,,,Stomache Issue,,,289,unknown,,,mixamorig,"[{""status"":""inferred"",""type"":""extract_frame""},{""status"":""filename_inferred"",""type"":""retarget""},{""status"":""paired_member_present"",""type"":""mirror""}]",,,,missing,derived_mirror,,
BVH-001229,rokoko_StomacheIssue_mixamo_00295,rokoko_StomacheIssue_mixamo_00295.bvh,rokoko:StomacheIssue,unknown,rokoko,,,,Stomache Issue,,,295,unknown,,,mixamorig,"[{""status"":""inferred"",""type"":""extract_frame""},{""status"":""filename_inferred"",""type"":""retarget""}]",,,,missing,unverified,,
BVH-001230,rokoko_StomacheIssue_mixamo_00295_mirror,rokoko_StomacheIssue_mixamo_00295_mirror.bvh,rokoko:StomacheIssue,unknown,rokoko,,,,Stomache Issue,,,295,unknown,,,mixamorig,"[{""status"":""inferred"",""type"":""extract_frame""},{""status"":""filename_inferred"",""type"":""retarget""},{""status"":""paired_member_present"",""type"":""mirror""}]",,,,missing,derived_mirror,,
BVH-001231,rokoko_StomacheIssue_mixamo_00355,rokoko_StomacheIssue_mixamo_00355.bvh,rokoko:StomacheIssue,unknown,rokoko,,,,Stomache Issue,,,355,unknown,,,mixamorig,"[{""status"":""inferred"",""type"":""extract_frame""},{""status"":""filename_inferred"",""type"":""retarget""}]",,,,missing,unverified,,
BVH-001232,rokoko_StomacheIssue_mixamo_00355_mirror,rokoko_StomacheIssue_mixamo_00355_mirror.bvh,rokoko:StomacheIssue,unknown,rokoko,,,,Stomache Issue,,,355,unknown,,,mixamorig,"[{""status"":""inferred"",""type"":""extract_frame""},{""status"":""filename_inferred"",""type"":""retarget""},{""status"":""paired_member_present"",""type"":""mirror""}]",,,,missing,derived_mirror,,
BVH-001233,rokoko_Sword_Generic_mixamo_00162,rokoko_Sword_Generic_mixamo_00162.bvh,rokoko:Sword_Generic,unknown,rokoko,,,,Sword Generic,,,162,unknown,,,mixamorig,"[{""status"":""inferred"",""type"":""extract_frame""},{""status"":""filename_inferred"",""type"":""retarget""}]",,,,missing,unverified,,
BVH-001234,rokoko_Sword_Generic_mixamo_00162_mirror,rokoko_Sword_Generic_mixamo_00162_mirror.bvh,rokoko:Sword_Generic,unknown,rokoko,,,,Sword Generic,,,162,unknown,,,mixamorig,"[{""status"":""inferred"",""type"":""extract_frame""},{""status"":""filename_inferred"",""type"":""retarget""},{""status"":""paired_member_present"",""type"":""mirror""}]",,,,missing,derived_mirror,,
BVH-001235,rokoko_Sword_Generic_mixamo_00182,rokoko_Sword_Generic_mixamo_00182.bvh,rokoko:Sword_Generic,unknown,rokoko,,,,Sword Generic,,,182,unknown,,,mixamorig,"[{""status"":""inferred"",""type"":""extract_frame""},{""status"":""filename_inferred"",""type"":""retarget""}]",,,,missing,unverified,,
BVH-001236,rokoko_Sword_Generic_mixamo_00182_mirror,rokoko_Sword_Generic_mixamo_00182_mirror.bvh,rokoko:Sword_Generic,unknown,rokoko,,,,Sword Generic,,,182,unknown,,,mixamorig,"[{""status"":""inferred"",""type"":""extract_frame""},{""status"":""filename_inferred"",""type"":""retarget""},{""status"":""paired_member_present"",""type"":""mirror""}]",,,,missing,derived_mirror,,
BVH-001237,rokoko_Sword_Generic_mixamo_00218,rokoko_Sword_Generic_mixamo_00218.bvh,rokoko:Sword_Generic,unknown,rokoko,,,,Sword Generic,,,218,unknown,,,mixamorig,"[{""status"":""inferred"",""type"":""extract_frame""},{""status"":""filename_inferred"",""type"":""retarget""}]",,,,missing,unverified,,
BVH-001238,rokoko_Sword_Generic_mixamo_00218_mirror,rokoko_Sword_Generic_mixamo_00218_mirror.bvh,rokoko:Sword_Generic,unknown,rokoko,,,,Sword Generic,,,218,unknown,,,mixamorig,"[{""status"":""inferred"",""type"":""extract_frame""},{""status"":""filename_inferred"",""type"":""retarget""},{""status"":""paired_member_present"",""type"":""mirror""}]",,,,missing,derived_mirror,,
BVH-001239,rokoko_Sword_Generic_mixamo_00314,rokoko_Sword_Generic_mixamo_00314.bvh,rokoko:Sword_Generic,unknown,rokoko,,,,Sword Generic,,,314,unknown,,,mixamorig,"[{""status"":""inferred"",""type"":""extract_frame""},{""status"":""filename_inferred"",""type"":""retarget""}]",,,,missing,unverified,,
BVH-001240,rokoko_Sword_Generic_mixamo_00314_mirror,rokoko_Sword_Generic_mixamo_00314_mirror.bvh,rokoko:Sword_Generic,unknown,rokoko,,,,Sword Generic,,,314,unknown,,,mixamorig,"[{""status"":""inferred"",""type"":""extract_frame""},{""status"":""filename_inferred"",""type"":""retarget""},{""status"":""paired_member_present"",""type"":""mirror""}]",,,,missing,derived_mirror,,
BVH-001241,rokoko_Sword_Generic_mixamo_00320,rokoko_Sword_Generic_mixamo_00320.bvh,rokoko:Sword_Generic,unknown,rokoko,,,,Sword Generic,,,320,unknown,,,mixamorig,"[{""status"":""inferred"",""type"":""extract_frame""},{""status"":""filename_inferred"",""type"":""retarget""}]",,,,missing,unverified,,
BVH-001242,rokoko_Sword_Generic_mixamo_00320_mirror,rokoko_Sword_Generic_mixamo_00320_mirror.bvh,rokoko:Sword_Generic,unknown,rokoko,,,,Sword Generic,,,320,unknown,,,mixamorig,"[{""status"":""inferred"",""type"":""extract_frame""},{""status"":""filename_inferred"",""type"":""retarget""},{""status"":""paired_member_present"",""type"":""mirror""}]",,,,missing,derived_mirror,,
BVH-001243,rokoko_Sword_Generic_mixamo_00375,rokoko_Sword_Generic_mixamo_00375.bvh,rokoko:Sword_Generic,unknown,rokoko,,,,Sword Generic,,,375,unknown,,,mixamorig,"[{""status"":""inferred"",""type"":""extract_frame""},{""status"":""filename_inferred"",""type"":""retarget""}]",,,,missing,unverified,,
BVH-001244,rokoko_Sword_Generic_mixamo_00375_mirror,rokoko_Sword_Generic_mixamo_00375_mirror.bvh,rokoko:Sword_Generic,unknown,rokoko,,,,Sword Generic,,,375,unknown,,,mixamorig,"[{""status"":""inferred"",""type"":""extract_frame""},{""status"":""filename_inferred"",""type"":""retarget""},{""status"":""paired_member_present"",""type"":""mirror""}]",,,,missing,derived_mirror,,
BVH-001245,rokoko_Sword_Generic_mixamo_00436,rokoko_Sword_Generic_mixamo_00436.bvh,rokoko:Sword_Generic,unknown,rokoko,,,,Sword Generic,,,436,unknown,,,mixamorig,"[{""status"":""inferred"",""type"":""extract_frame""},{""status"":""filename_inferred"",""type"":""retarget""}]",,,,missing,unverified,,
BVH-001246,rokoko_Sword_Generic_mixamo_00436_mirror,rokoko_Sword_Generic_mixamo_00436_mirror.bvh,rokoko:Sword_Generic,unknown,rokoko,,,,Sword Generic,,,436,unknown,,,mixamorig,"[{""status"":""inferred"",""type"":""extract_frame""},{""status"":""filename_inferred"",""type"":""retarget""},{""status"":""paired_member_present"",""type"":""mirror""}]",,,,missing,derived_mirror,,
BVH-001247,rokoko_Sword_Samurai_mixamo_00119,rokoko_Sword_Samurai_mixamo_00119.bvh,rokoko:Sword_Samurai,unknown,rokoko,,,,Sword Samurai,,,119,unknown,,,mixamorig,"[{""status"":""inferred"",""type"":""extract_frame""},{""status"":""filename_inferred"",""type"":""retarget""}]",,,,missing,unverified,,
BVH-001248,rokoko_Sword_Samurai_mixamo_00119_mirror,rokoko_Sword_Samurai_mixamo_00119_mirror.bvh,rokoko:Sword_Samurai,unknown,rokoko,,,,Sword Samurai,,,119,unknown,,,mixamorig,"[{""status"":""inferred"",""type"":""extract_frame""},{""status"":""filename_inferred"",""type"":""retarget""},{""status"":""paired_member_present"",""type"":""mirror""}]",,,,missing,derived_mirror,,
BVH-001249,rokoko_Sword_Samurai_mixamo_00176,rokoko_Sword_Samurai_mixamo_00176.bvh,rokoko:Sword_Samurai,unknown,rokoko,,,,Sword Samurai,,,176,unknown,,,mixamorig,"[{""status"":""inferred"",""type"":""extract_frame""},{""status"":""filename_inferred"",""type"":""retarget""}]",,,,missing,unverified,,
BVH-001250,rokoko_Sword_Samurai_mixamo_00176_mirror,rokoko_Sword_Samurai_mixamo_00176_mirror.bvh,rokoko:Sword_Samurai,unknown,rokoko,,,,Sword Samurai,,,176,unknown,,,mixamorig,"[{""status"":""inferred"",""type"":""extract_frame""},{""status"":""filename_inferred"",""type"":""retarget""},{""status"":""paired_member_present"",""type"":""mirror""}]",,,,missing,derived_mirror,,
BVH-001251,rokoko_Sword_Samurai_mixamo_00198,rokoko_Sword_Samurai_mixamo_00198.bvh,rokoko:Sword_Samurai,unknown,rokoko,,,,Sword Samurai,,,198,unknown,,,mixamorig,"[{""status"":""inferred"",""type"":""extract_frame""},{""status"":""filename_inferred"",""type"":""retarget""}]",,,,missing,unverified,,
BVH-001252,rokoko_Sword_Samurai_mixamo_00198_mirror,rokoko_Sword_Samurai_mixamo_00198_mirror.bvh,rokoko:Sword_Samurai,unknown,rokoko,,,,Sword Samurai,,,198,unknown,,,mixamorig,"[{""status"":""inferred"",""type"":""extract_frame""},{""status"":""filename_inferred"",""type"":""retarget""},{""status"":""paired_member_present"",""type"":""mirror""}]",,,,missing,derived_mirror,,
BVH-001253,rokoko_Sword_Samurai_mixamo_00494,rokoko_Sword_Samurai_mixamo_00494.bvh,rokoko:Sword_Samurai,unknown,rokoko,,,,Sword Samurai,,,494,unknown,,,mixamorig,"[{""status"":""inferred"",""type"":""extract_frame""},{""status"":""filename_inferred"",""type"":""retarget""}]",,,,missing,unverified,,
BVH-001254,rokoko_Sword_Samurai_mixamo_00494_mirror,rokoko_Sword_Samurai_mixamo_00494_mirror.bvh,rokoko:Sword_Samurai,unknown,rokoko,,,,Sword Samurai,,,494,unknown,,,mixamorig,"[{""status"":""inferred"",""type"":""extract_frame""},{""status"":""filename_inferred"",""type"":""retarget""},{""status"":""paired_member_present"",""type"":""mirror""}]",,,,missing,derived_mirror,,
BVH-001255,rokoko_Sword_Samurai_mixamo_00699,rokoko_Sword_Samurai_mixamo_00699.bvh,rokoko:Sword_Samurai,unknown,rokoko,,,,Sword Samurai,,,699,unknown,,,mixamorig,"[{""status"":""inferred"",""type"":""extract_frame""},{""status"":""filename_inferred"",""type"":""retarget""}]",,,,missing,unverified,,
BVH-001256,rokoko_Sword_Samurai_mixamo_00699_mirror,rokoko_Sword_Samurai_mixamo_00699_mirror.bvh,rokoko:Sword_Samurai,unknown,rokoko,,,,Sword Samurai,,,699,unknown,,,mixamorig,"[{""status"":""inferred"",""type"":""extract_frame""},{""status"":""filename_inferred"",""type"":""retarget""},{""status"":""paired_member_present"",""type"":""mirror""}]",,,,missing,derived_mirror,,
BVH-001257,rokoko_Sword_Samurai_mixamo_00784,rokoko_Sword_Samurai_mixamo_00784.bvh,rokoko:Sword_Samurai,unknown,rokoko,,,,Sword Samurai,,,784,unknown,,,mixamorig,"[{""status"":""inferred"",""type"":""extract_frame""},{""status"":""filename_inferred"",""type"":""retarget""}]",,,,missing,unverified,,
BVH-001258,rokoko_Sword_Samurai_mixamo_00784_mirror,rokoko_Sword_Samurai_mixamo_00784_mirror.bvh,rokoko:Sword_Samurai,unknown,rokoko,,,,Sword Samurai,,,784,unknown,,,mixamorig,"[{""status"":""inferred"",""type"":""extract_frame""},{""status"":""filename_inferred"",""type"":""retarget""},{""status"":""paired_member_present"",""type"":""mirror""}]",,,,missing,derived_mirror,,
BVH-001259,rokoko_TakingAGroupPhoto_mixamo_01203,rokoko_TakingAGroupPhoto_mixamo_01203.bvh,rokoko:TakingAGroupPhoto,unknown,rokoko,,,,Taking AGroup Photo,,,1203,unknown,,,mixamorig,"[{""status"":""inferred"",""type"":""extract_frame""},{""status"":""filename_inferred"",""type"":""retarget""}]",,,,missing,unverified,,
BVH-001260,rokoko_TakingAGroupPhoto_mixamo_01203_mirror,rokoko_TakingAGroupPhoto_mixamo_01203_mirror.bvh,rokoko:TakingAGroupPhoto,unknown,rokoko,,,,Taking AGroup Photo,,,1203,unknown,,,mixamorig,"[{""status"":""inferred"",""type"":""extract_frame""},{""status"":""filename_inferred"",""type"":""retarget""},{""status"":""paired_member_present"",""type"":""mirror""}]",,,,missing,derived_mirror,,
BVH-001261,rokoko_TakingAGroupPhoto_mixamo_01254,rokoko_TakingAGroupPhoto_mixamo_01254.bvh,rokoko:TakingAGroupPhoto,unknown,rokoko,,,,Taking AGroup Photo,,,1254,unknown,,,mixamorig,"[{""status"":""inferred"",""type"":""extract_frame""},{""status"":""filename_inferred"",""type"":""retarget""}]",,,,missing,unverified,,
BVH-001262,rokoko_TakingAGroupPhoto_mixamo_01254_mirror,rokoko_TakingAGroupPhoto_mixamo_01254_mirror.bvh,rokoko:TakingAGroupPhoto,unknown,rokoko,,,,Taking AGroup Photo,,,1254,unknown,,,mixamorig,"[{""status"":""inferred"",""type"":""extract_frame""},{""status"":""filename_inferred"",""type"":""retarget""},{""status"":""paired_member_present"",""type"":""mirror""}]",,,,missing,derived_mirror,,
BVH-001263,rokoko_TakingAGroupPhoto_mixamo_01267,rokoko_TakingAGroupPhoto_mixamo_01267.bvh,rokoko:TakingAGroupPhoto,unknown,rokoko,,,,Taking AGroup Photo,,,1267,unknown,,,mixamorig,"[{""status"":""inferred"",""type"":""extract_frame""},{""status"":""filename_inferred"",""type"":""retarget""}]",,,,missing,unverified,,
BVH-001264,rokoko_TakingAGroupPhoto_mixamo_01267_mirror,rokoko_TakingAGroupPhoto_mixamo_01267_mirror.bvh,rokoko:TakingAGroupPhoto,unknown,rokoko,,,,Taking AGroup Photo,,,1267,unknown,,,mixamorig,"[{""status"":""inferred"",""type"":""extract_frame""},{""status"":""filename_inferred"",""type"":""retarget""},{""status"":""paired_member_present"",""type"":""mirror""}]",,,,missing,derived_mirror,,
BVH-001265,rokoko_TakingAGroupPhoto_mixamo_01600,rokoko_TakingAGroupPhoto_mixamo_01600.bvh,rokoko:TakingAGroupPhoto,unknown,rokoko,,,,Taking AGroup Photo,,,1600,unknown,,,mixamorig,"[{""status"":""inferred"",""type"":""extract_frame""},{""status"":""filename_inferred"",""type"":""retarget""}]",,,,missing,unverified,,
BVH-001266,rokoko_TakingAGroupPhoto_mixamo_01600_mirror,rokoko_TakingAGroupPhoto_mixamo_01600_mirror.bvh,rokoko:TakingAGroupPhoto,unknown,rokoko,,,,Taking AGroup Photo,,,1600,unknown,,,mixamorig,"[{""status"":""inferred"",""type"":""extract_frame""},{""status"":""filename_inferred"",""type"":""retarget""},{""status"":""paired_member_present"",""type"":""mirror""}]",,,,missing,derived_mirror,,
BVH-001267,rokoko_TakingAGroupPhoto_mixamo_01626,rokoko_TakingAGroupPhoto_mixamo_01626.bvh,rokoko:TakingAGroupPhoto,unknown,rokoko,,,,Taking AGroup Photo,,,1626,unknown,,,mixamorig,"[{""status"":""inferred"",""type"":""extract_frame""},{""status"":""filename_inferred"",""type"":""retarget""}]",,,,missing,unverified,,
BVH-001268,rokoko_TakingAGroupPhoto_mixamo_01626_mirror,rokoko_TakingAGroupPhoto_mixamo_01626_mirror.bvh,rokoko:TakingAGroupPhoto,unknown,rokoko,,,,Taking AGroup Photo,,,1626,unknown,,,mixamorig,"[{""status"":""inferred"",""type"":""extract_frame""},{""status"":""filename_inferred"",""type"":""retarget""},{""status"":""paired_member_present"",""type"":""mirror""}]",,,,missing,derived_mirror,,
BVH-001269,rokoko_TightRope_Walk01_mixamo_00571,rokoko_TightRope_Walk01_mixamo_00571.bvh,rokoko:TightRope_Walk01,unknown,rokoko,,,,Tight Rope Walk01,,,571,unknown,,,mixamorig,"[{""status"":""inferred"",""type"":""extract_frame""},{""status"":""filename_inferred"",""type"":""retarget""}]",,,,missing,unverified,,
BVH-001270,rokoko_TightRope_Walk01_mixamo_00571_mirror,rokoko_TightRope_Walk01_mixamo_00571_mirror.bvh,rokoko:TightRope_Walk01,unknown,rokoko,,,,Tight Rope Walk01,,,571,unknown,,,mixamorig,"[{""status"":""inferred"",""type"":""extract_frame""},{""status"":""filename_inferred"",""type"":""retarget""},{""status"":""paired_member_present"",""type"":""mirror""}]",,,,missing,derived_mirror,,
BVH-001271,rokoko_TightRope_Walk01_mixamo_00660,rokoko_TightRope_Walk01_mixamo_00660.bvh,rokoko:TightRope_Walk01,unknown,rokoko,,,,Tight Rope Walk01,,,660,unknown,,,mixamorig,"[{""status"":""inferred"",""type"":""extract_frame""},{""status"":""filename_inferred"",""type"":""retarget""}]",,,,missing,unverified,,
BVH-001272,rokoko_TightRope_Walk01_mixamo_00660_mirror,rokoko_TightRope_Walk01_mixamo_00660_mirror.bvh,rokoko:TightRope_Walk01,unknown,rokoko,,,,Tight Rope Walk01,,,660,unknown,,,mixamorig,"[{""status"":""inferred"",""type"":""extract_frame""},{""status"":""filename_inferred"",""type"":""retarget""},{""status"":""paired_member_present"",""type"":""mirror""}]",,,,missing,derived_mirror,,
BVH-001273,rokoko_TightRope_Walk01_mixamo_00672,rokoko_TightRope_Walk01_mixamo_00672.bvh,rokoko:TightRope_Walk01,unknown,rokoko,,,,Tight Rope Walk01,,,672,unknown,,,mixamorig,"[{""status"":""inferred"",""type"":""extract_frame""},{""status"":""filename_inferred"",""type"":""retarget""}]",,,,missing,unverified,,
BVH-001274,rokoko_TightRope_Walk01_mixamo_00672_mirror,rokoko_TightRope_Walk01_mixamo_00672_mirror.bvh,rokoko:TightRope_Walk01,unknown,rokoko,,,,Tight Rope Walk01,,,672,unknown,,,mixamorig,"[{""status"":""inferred"",""type"":""extract_frame""},{""status"":""filename_inferred"",""type"":""retarget""},{""status"":""paired_member_present"",""type"":""mirror""}]",,,,missing,derived_mirror,,
BVH-001275,rokoko_TightRope_Walk01_mixamo_00684,rokoko_TightRope_Walk01_mixamo_00684.bvh,rokoko:TightRope_Walk01,unknown,rokoko,,,,Tight Rope Walk01,,,684,unknown,,,mixamorig,"[{""status"":""inferred"",""type"":""extract_frame""},{""status"":""filename_inferred"",""type"":""retarget""}]",,,,missing,unverified,,
BVH-001276,rokoko_TightRope_Walk01_mixamo_00684_mirror,rokoko_TightRope_Walk01_mixamo_00684_mirror.bvh,rokoko:TightRope_Walk01,unknown,rokoko,,,,Tight Rope Walk01,,,684,unknown,,,mixamorig,"[{""status"":""inferred"",""type"":""extract_frame""},{""status"":""filename_inferred"",""type"":""retarget""},{""status"":""paired_member_present"",""type"":""mirror""}]",,,,missing,derived_mirror,,
BVH-001277,rokoko_TightRope_Walk01_mixamo_00714,rokoko_TightRope_Walk01_mixamo_00714.bvh,rokoko:TightRope_Walk01,unknown,rokoko,,,,Tight Rope Walk01,,,714,unknown,,,mixamorig,"[{""status"":""inferred"",""type"":""extract_frame""},{""status"":""filename_inferred"",""type"":""retarget""}]",,,,missing,unverified,,
BVH-001278,rokoko_TightRope_Walk01_mixamo_00714_mirror,rokoko_TightRope_Walk01_mixamo_00714_mirror.bvh,rokoko:TightRope_Walk01,unknown,rokoko,,,,Tight Rope Walk01,,,714,unknown,,,mixamorig,"[{""status"":""inferred"",""type"":""extract_frame""},{""status"":""filename_inferred"",""type"":""retarget""},{""status"":""paired_member_present"",""type"":""mirror""}]",,,,missing,derived_mirror,,
BVH-001279,rokoko_TightRope_Walk01_mixamo_00845,rokoko_TightRope_Walk01_mixamo_00845.bvh,rokoko:TightRope_Walk01,unknown,rokoko,,,,Tight Rope Walk01,,,845,unknown,,,mixamorig,"[{""status"":""inferred"",""type"":""extract_frame""},{""status"":""filename_inferred"",""type"":""retarget""}]",,,,missing,unverified,,
BVH-001280,rokoko_TightRope_Walk01_mixamo_00845_mirror,rokoko_TightRope_Walk01_mixamo_00845_mirror.bvh,rokoko:TightRope_Walk01,unknown,rokoko,,,,Tight Rope Walk01,,,845,unknown,,,mixamorig,"[{""status"":""inferred"",""type"":""extract_frame""},{""status"":""filename_inferred"",""type"":""retarget""},{""status"":""paired_member_present"",""type"":""mirror""}]",,,,missing,derived_mirror,,
BVH-001281,rokoko_Tightrope_Falloff_mixamo_00050,rokoko_Tightrope_Falloff_mixamo_00050.bvh,rokoko:Tightrope_Falloff,unknown,rokoko,,,,Tightrope Falloff,,,50,unknown,,,mixamorig,"[{""status"":""inferred"",""type"":""extract_frame""},{""status"":""filename_inferred"",""type"":""retarget""}]",,,,missing,unverified,,
BVH-001282,rokoko_Tightrope_Falloff_mixamo_00050_mirror,rokoko_Tightrope_Falloff_mixamo_00050_mirror.bvh,rokoko:Tightrope_Falloff,unknown,rokoko,,,,Tightrope Falloff,,,50,unknown,,,mixamorig,"[{""status"":""inferred"",""type"":""extract_frame""},{""status"":""filename_inferred"",""type"":""retarget""},{""status"":""paired_member_present"",""type"":""mirror""}]",,,,missing,derived_mirror,,
BVH-001283,rokoko_Tightrope_Falloff_mixamo_00310,rokoko_Tightrope_Falloff_mixamo_00310.bvh,rokoko:Tightrope_Falloff,unknown,rokoko,,,,Tightrope Falloff,,,310,unknown,,,mixamorig,"[{""status"":""inferred"",""type"":""extract_frame""},{""status"":""filename_inferred"",""type"":""retarget""}]",,,,missing,unverified,,
BVH-001284,rokoko_Tightrope_Falloff_mixamo_00310_mirror,rokoko_Tightrope_Falloff_mixamo_00310_mirror.bvh,rokoko:Tightrope_Falloff,unknown,rokoko,,,,Tightrope Falloff,,,310,unknown,,,mixamorig,"[{""status"":""inferred"",""type"":""extract_frame""},{""status"":""filename_inferred"",""type"":""retarget""},{""status"":""paired_member_present"",""type"":""mirror""}]",,,,missing,derived_mirror,,
BVH-001285,rokoko_Tightrope_Falloff_mixamo_00575,rokoko_Tightrope_Falloff_mixamo_00575.bvh,rokoko:Tightrope_Falloff,unknown,rokoko,,,,Tightrope Falloff,,,575,unknown,,,mixamorig,"[{""status"":""inferred"",""type"":""extract_frame""},{""status"":""filename_inferred"",""type"":""retarget""}]",,,,missing,unverified,,
BVH-001286,rokoko_Tightrope_Falloff_mixamo_00575_mirror,rokoko_Tightrope_Falloff_mixamo_00575_mirror.bvh,rokoko:Tightrope_Falloff,unknown,rokoko,,,,Tightrope Falloff,,,575,unknown,,,mixamorig,"[{""status"":""inferred"",""type"":""extract_frame""},{""status"":""filename_inferred"",""type"":""retarget""},{""status"":""paired_member_present"",""type"":""mirror""}]",,,,missing,derived_mirror,,
BVH-001287,rokoko_Tightrope_Falloff_mixamo_00595,rokoko_Tightrope_Falloff_mixamo_00595.bvh,rokoko:Tightrope_Falloff,unknown,rokoko,,,,Tightrope Falloff,,,595,unknown,,,mixamorig,"[{""status"":""inferred"",""type"":""extract_frame""},{""status"":""filename_inferred"",""type"":""retarget""}]",,,,missing,unverified,,
BVH-001288,rokoko_Tightrope_Falloff_mixamo_00595_mirror,rokoko_Tightrope_Falloff_mixamo_00595_mirror.bvh,rokoko:Tightrope_Falloff,unknown,rokoko,,,,Tightrope Falloff,,,595,unknown,,,mixamorig,"[{""status"":""inferred"",""type"":""extract_frame""},{""status"":""filename_inferred"",""type"":""retarget""},{""status"":""paired_member_present"",""type"":""mirror""}]",,,,missing,derived_mirror,,
BVH-001289,rokoko_Tightrope_Falloff_mixamo_00605,rokoko_Tightrope_Falloff_mixamo_00605.bvh,rokoko:Tightrope_Falloff,unknown,rokoko,,,,Tightrope Falloff,,,605,unknown,,,mixamorig,"[{""status"":""inferred"",""type"":""extract_frame""},{""status"":""filename_inferred"",""type"":""retarget""}]",,,,missing,unverified,,
BVH-001290,rokoko_Tightrope_Falloff_mixamo_00605_mirror,rokoko_Tightrope_Falloff_mixamo_00605_mirror.bvh,rokoko:Tightrope_Falloff,unknown,rokoko,,,,Tightrope Falloff,,,605,unknown,,,mixamorig,"[{""status"":""inferred"",""type"":""extract_frame""},{""status"":""filename_inferred"",""type"":""retarget""},{""status"":""paired_member_present"",""type"":""mirror""}]",,,,missing,derived_mirror,,
BVH-001291,rokoko_Tightrope_Falloff_mixamo_00620,rokoko_Tightrope_Falloff_mixamo_00620.bvh,rokoko:Tightrope_Falloff,unknown,rokoko,,,,Tightrope Falloff,,,620,unknown,,,mixamorig,"[{""status"":""inferred"",""type"":""extract_frame""},{""status"":""filename_inferred"",""type"":""retarget""}]",,,,missing,unverified,,
BVH-001292,rokoko_Tightrope_Falloff_mixamo_00620_mirror,rokoko_Tightrope_Falloff_mixamo_00620_mirror.bvh,rokoko:Tightrope_Falloff,unknown,rokoko,,,,Tightrope Falloff,,,620,unknown,,,mixamorig,"[{""status"":""inferred"",""type"":""extract_frame""},{""status"":""filename_inferred"",""type"":""retarget""},{""status"":""paired_member_present"",""type"":""mirror""}]",,,,missing,derived_mirror,,
BVH-001293,rokoko_Typing_UsingMouse_mixamo_00390,rokoko_Typing_UsingMouse_mixamo_00390.bvh,rokoko:Typing_UsingMouse,unknown,rokoko,,,,Typing Using Mouse,,,390,unknown,,,mixamorig,"[{""status"":""inferred"",""type"":""extract_frame""},{""status"":""filename_inferred"",""type"":""retarget""}]",,,,missing,unverified,,
BVH-001294,rokoko_Typing_UsingMouse_mixamo_00390_mirror,rokoko_Typing_UsingMouse_mixamo_00390_mirror.bvh,rokoko:Typing_UsingMouse,unknown,rokoko,,,,Typing Using Mouse,,,390,unknown,,,mixamorig,"[{""status"":""inferred"",""type"":""extract_frame""},{""status"":""filename_inferred"",""type"":""retarget""},{""status"":""paired_member_present"",""type"":""mirror""}]",,,,missing,derived_mirror,,
BVH-001295,rokoko_Typing_UsingMouse_mixamo_00668,rokoko_Typing_UsingMouse_mixamo_00668.bvh,rokoko:Typing_UsingMouse,unknown,rokoko,,,,Typing Using Mouse,,,668,unknown,,,mixamorig,"[{""status"":""inferred"",""type"":""extract_frame""},{""status"":""filename_inferred"",""type"":""retarget""}]",,,,missing,unverified,,
BVH-001296,rokoko_Typing_UsingMouse_mixamo_00668_mirror,rokoko_Typing_UsingMouse_mixamo_00668_mirror.bvh,rokoko:Typing_UsingMouse,unknown,rokoko,,,,Typing Using Mouse,,,668,unknown,,,mixamorig,"[{""status"":""inferred"",""type"":""extract_frame""},{""status"":""filename_inferred"",""type"":""retarget""},{""status"":""paired_member_present"",""type"":""mirror""}]",,,,missing,derived_mirror,,
BVH-001297,rokoko_Typing_UsingMouse_mixamo_00882_mirror,rokoko_Typing_UsingMouse_mixamo_00882_mirror.bvh,rokoko:Typing_UsingMouse,unknown,rokoko,,,,Typing Using Mouse,,,882,unknown,,,mixamorig,"[{""status"":""inferred"",""type"":""extract_frame""},{""status"":""filename_inferred"",""type"":""retarget""},{""status"":""orphan"",""type"":""mirror""}]",,,,missing,derived_mirror,,
BVH-001298,rokoko_Typing_UsingMouse_mixamo_01272,rokoko_Typing_UsingMouse_mixamo_01272.bvh,rokoko:Typing_UsingMouse,unknown,rokoko,,,,Typing Using Mouse,,,1272,unknown,,,mixamorig,"[{""status"":""inferred"",""type"":""extract_frame""},{""status"":""filename_inferred"",""type"":""retarget""}]",,,,missing,unverified,,
BVH-001299,rokoko_Typing_UsingMouse_mixamo_01272_mirror,rokoko_Typing_UsingMouse_mixamo_01272_mirror.bvh,rokoko:Typing_UsingMouse,unknown,rokoko,,,,Typing Using Mouse,,,1272,unknown,,,mixamorig,"[{""status"":""inferred"",""type"":""extract_frame""},{""status"":""filename_inferred"",""type"":""retarget""},{""status"":""paired_member_present"",""type"":""mirror""}]",,,,missing,derived_mirror,,
BVH-001300,rokoko_Typing_UsingMouse_mixamo_01291,rokoko_Typing_UsingMouse_mixamo_01291.bvh,rokoko:Typing_UsingMouse,unknown,rokoko,,,,Typing Using Mouse,,,1291,unknown,,,mixamorig,"[{""status"":""inferred"",""type"":""extract_frame""},{""status"":""filename_inferred"",""type"":""retarget""}]",,,,missing,unverified,,
BVH-001301,rokoko_Typing_UsingMouse_mixamo_01291_mirror,rokoko_Typing_UsingMouse_mixamo_01291_mirror.bvh,rokoko:Typing_UsingMouse,unknown,rokoko,,,,Typing Using Mouse,,,1291,unknown,,,mixamorig,"[{""status"":""inferred"",""type"":""extract_frame""},{""status"":""filename_inferred"",""type"":""retarget""},{""status"":""paired_member_present"",""type"":""mirror""}]",,,,missing,derived_mirror,,
BVH-001302,rokoko_Witness_mixamo_00557,rokoko_Witness_mixamo_00557.bvh,rokoko:Witness,unknown,rokoko,,,,Witness,,,557,unknown,,,mixamorig,"[{""status"":""inferred"",""type"":""extract_frame""},{""status"":""filename_inferred"",""type"":""retarget""}]",,,,missing,unverified,,
BVH-001303,rokoko_Witness_mixamo_00557_mirror,rokoko_Witness_mixamo_00557_mirror.bvh,rokoko:Witness,unknown,rokoko,,,,Witness,,,557,unknown,,,mixamorig,"[{""status"":""inferred"",""type"":""extract_frame""},{""status"":""filename_inferred"",""type"":""retarget""},{""status"":""paired_member_present"",""type"":""mirror""}]",,,,missing,derived_mirror,,
BVH-001304,rokoko_Witness_mixamo_00627,rokoko_Witness_mixamo_00627.bvh,rokoko:Witness,unknown,rokoko,,,,Witness,,,627,unknown,,,mixamorig,"[{""status"":""inferred"",""type"":""extract_frame""},{""status"":""filename_inferred"",""type"":""retarget""}]",,,,missing,unverified,,
BVH-001305,rokoko_Witness_mixamo_00627_mirror,rokoko_Witness_mixamo_00627_mirror.bvh,rokoko:Witness,unknown,rokoko,,,,Witness,,,627,unknown,,,mixamorig,"[{""status"":""inferred"",""type"":""extract_frame""},{""status"":""filename_inferred"",""type"":""retarget""},{""status"":""paired_member_present"",""type"":""mirror""}]",,,,missing,derived_mirror,,
BVH-001306,rokoko_Witness_mixamo_01169,rokoko_Witness_mixamo_01169.bvh,rokoko:Witness,unknown,rokoko,,,,Witness,,,1169,unknown,,,mixamorig,"[{""status"":""inferred"",""type"":""extract_frame""},{""status"":""filename_inferred"",""type"":""retarget""}]",,,,missing,unverified,,
BVH-001307,rokoko_Witness_mixamo_01169_mirror,rokoko_Witness_mixamo_01169_mirror.bvh,rokoko:Witness,unknown,rokoko,,,,Witness,,,1169,unknown,,,mixamorig,"[{""status"":""inferred"",""type"":""extract_frame""},{""status"":""filename_inferred"",""type"":""retarget""},{""status"":""paired_member_present"",""type"":""mirror""}]",,,,missing,derived_mirror,,
